INFO: File `gltest.config.yaml` found in the current directory, using it
INFO: Clearing artifacts directory: artifacts
INFO: Using the following configuration:
INFO:   RPC URL: https://studio-dev.genlayer.com/api
INFO:   Selected Network: studio_devnet
INFO:   Available networks: ['studio_devnet']
INFO:   Selected chain type: studio_devnet
INFO:   Available chains: localnet, studio_devnet, studionet, testnet_asimov, testnet_bradbury
INFO:   Contracts directory: contract
INFO:   Artifacts directory: artifacts
INFO:   Environment: .env
INFO:   Default wait interval: 3000 ms
INFO:   Default wait retries: 50
INFO:   Leader only mode: False
============================= test session starts ==============================
platform android -- Python 3.13.13, pytest-9.1.1, pluggy-1.6.0 -- /data/data/com.termux/files/usr/bin/python3.13
cachedir: .pytest_cache
rootdir: /data/data/com.termux/files/home/Arbiter
plugins: genlayer-test-0.30.0rc2
collecting ... collected 16 items

tests/test_arbiter_smoke.py::test_initial_state ERROR                    [  6%]
tests/test_arbiter_smoke.py::test_accounts PASSED                        [ 12%]
tests/test_arbiter_smoke.py::test_create_job ERROR                       [ 18%]
tests/test_arbiter_smoke.py::test_create_job_state ERROR                 [ 25%]
tests/test_arbiter_smoke.py::test_submit_work ERROR                      [ 31%]
tests/test_arbiter_smoke.py::test_approve_job ERROR                      [ 37%]
tests/test_arbiter_smoke.py::test_dispute_job ERROR                      [ 43%]
tests/test_arbiter_smoke.py::test_appeal_job ERROR                       [ 50%]
tests/test_arbiter_smoke.py::test_unavailable_evidence_recovery ERROR    [ 56%]
tests/test_arbiter_smoke.py::test_create_milestone_job ERROR             [ 62%]
tests/test_arbiter_smoke.py::test_milestone_approval_and_parent_resolution ERROR [ 68%]
tests/test_arbiter_smoke.py::test_milestone_dispute_is_independent ERROR [ 75%]
tests/test_arbiter_smoke.py::test_milestone_dispute_appeal_and_parent_resolution ERROR [ 81%]
tests/test_arbiter_smoke.py::test_url_submission_pins_digest ERROR       [ 87%]
tests/test_arbiter_smoke.py::test_url_dispute_uses_pinned_evidence ERROR [ 93%]
tests/test_arbiter_smoke.py::test_finalize_before_appeal_window_fails ERROR [100%]

==================================== ERRORS ====================================
_____________________ ERROR at setup of test_initial_state _____________________

self = ContractFactory(contract_name='Arbiter', contract_code='# { "Depends": "py-genlayer:1jb45aa8ynh2a9c9xn3b7qqh8sm5q93hwf... finalize /\n        recovery to verify that value actually left the contract."""\n        return str(self.balance)\n')
args = None, account = None, consensus_max_rotations = None, fees = None
fee_value = None, wait_until = None, wait_interval = None, wait_retries = None
wait_transaction_status = <ProtocolTransactionStatus.ACCEPTED: 'Accepted'>
wait_triggered_transactions = False
wait_triggered_transactions_status = <ProtocolTransactionStatus.ACCEPTED: 'Accepted'>
transaction_context = None

    def deploy_contract_tx(
        self,
        args: Optional[List[CalldataEncodable]] = None,
        account: Optional[LocalAccount] = None,
        consensus_max_rotations: Optional[int] = None,
        fees: Optional[Dict[str, Any]] = None,
        fee_value: Optional[int] = None,
        wait_until: Optional[Literal["decided", "finalized"]] = None,
        wait_interval: Optional[int] = None,
        wait_retries: Optional[int] = None,
        wait_transaction_status: ProtocolTransactionStatus = ProtocolTransactionStatus.ACCEPTED,
        wait_triggered_transactions: bool = False,
        wait_triggered_transactions_status: ProtocolTransactionStatus = ProtocolTransactionStatus.ACCEPTED,
        transaction_context: Optional[TransactionContext] = None,
    ) -> GenLayerTransaction:
        """
        Deploy the contract and return the transaction receipt.
        """
        general_config = get_general_config()
        actual_wait_interval = (
            wait_interval
            if wait_interval is not None
            else general_config.get_default_wait_interval()
        )
        actual_wait_retries = (
            wait_retries
            if wait_retries is not None
            else general_config.get_default_wait_retries()
        )
        leader_only = (
            general_config.get_leader_only()
            if general_config.check_studio_based_rpc()
            else False
        )
    
        client = get_gl_client()
        try:
            sim_config = None
            if transaction_context:
                try:
                    sim_config = SimConfig(**transaction_context)
                except TypeError as e:
                    raise ValueError(
                        f"Invalid transaction_context keys: {sorted(transaction_context.keys())}"
                    ) from e
>           tx_hash = client.deploy_contract(
                code=self.contract_code,
                args=args,
                account=account,
                consensus_max_rotations=consensus_max_rotations,
                leader_only=leader_only,
                **_fee_kwargs(client.deploy_contract, fees, fee_value),
                sim_config=sim_config,
            )

../../usr/lib/python3.13/site-packages/gltest/contracts/contract_factory.py:214: 
_ _ _ _ _ _ _ _ _ _ _ _ _ _ _ _ _ _ _ _ _ _ _ _ _ _ _ _ _ _ _ _ _ _ _ _ _ _ _ _ 
../../usr/lib/python3.13/site-packages/genlayer_py/client/genlayer_client.py:232: in deploy_contract
    return deploy_contract(
../../usr/lib/python3.13/site-packages/genlayer_py/contracts/actions.py:217: in deploy_contract
    return _send_transaction(
_ _ _ _ _ _ _ _ _ _ _ _ _ _ _ _ _ _ _ _ _ _ _ _ _ _ _ _ _ _ _ _ _ _ _ _ _ _ _ _ 

self = <genlayer_py.client.genlayer_client.GenLayerClient object at 0x7bdf62bcb0>
encoded_data = '0x27241a99000000000000000000000000970804a50ba102a3018a282aeb97b8b5ea268feb0000000000000000000000000000000000000000000...22220a202020202020202072657475726e207374722873656c662e62616c616e6365290a0680000000000000000000000000000000000000000000'
sender_account = <eth_account.signers.local.LocalAccount object at 0x7bdf49fed0>
value = 0, sim_config = None

    def _send_transaction(
        self: GenLayerClient,
        encoded_data: HexStr,
        sender_account: Optional[LocalAccount] = None,
        value: int = 0,
        sim_config: Optional[SimConfig] = None,
    ):
        if sender_account is None:
            raise GenLayerError(
                "No account set. Configure the client with an account or pass an account to this function."
            )
    
        if self.chain.consensus_main_contract is None:
            raise GenLayerError(
                f'Consensus main contract address not found in chain config for "{self.chain.name}".',
            )
    
        try:
            transaction = _prepare_transaction(
                self=self,
                sender=sender_account.address,
                recipient=self.chain.consensus_main_contract["address"],
                data=encoded_data,
                value=value,
            )
            signed_transaction = sender_account.sign_transaction(transaction)
            serialized_transaction = self.w3.to_hex(signed_transaction.raw_transaction)
            params = [serialized_transaction]
            if sim_config is not None:
                params.append(sim_config)
            tx_hash = self.provider.make_request(
                method="eth_sendRawTransaction", params=params
            )["result"]
        except Exception as exc:
            raise GenLayerError(f"Transaction failed: {_format_rpc_error(exc)}") from exc
        tx_receipt = self.w3.eth.wait_for_transaction_receipt(tx_hash)
    
        if tx_receipt.status != 1:
            reason = _receipt_revert_reason(self, tx_hash)
            suffix = f" {reason}" if reason else ""
>           raise GenLayerError(
                f"Transaction reverted: EVM tx {tx_hash} to consensus contract "
                f"{self.chain.consensus_main_contract['address']} was reverted.{suffix}"
            )
E           genlayer_py.exceptions.GenLayerError: Transaction reverted: EVM tx 0x89b1177f4bd48cabb8f58d1c95ca5d735bb027d3f7c54603e336f87da9df34ce to consensus contract 0xb7278A61aa25c888815aFC32Ad3cC52fF24fE575 was reverted. FeesDistributionMissing

../../usr/lib/python3.13/site-packages/genlayer_py/contracts/actions.py:1319: GenLayerError

The above exception was the direct cause of the following exception:

    @pytest.fixture
    def arbiter():
        factory = get_contract_factory("Arbiter")
>       return factory.deploy()
               ^^^^^^^^^^^^^^^^

tests/test_arbiter_smoke.py:9: 
_ _ _ _ _ _ _ _ _ _ _ _ _ _ _ _ _ _ _ _ _ _ _ _ _ _ _ _ _ _ _ _ _ _ _ _ _ _ _ _ 
../../usr/lib/python3.13/site-packages/gltest/contracts/contract_factory.py:148: in deploy
    receipt = self.deploy_contract_tx(
_ _ _ _ _ _ _ _ _ _ _ _ _ _ _ _ _ _ _ _ _ _ _ _ _ _ _ _ _ _ _ _ _ _ _ _ _ _ _ _ 

self = ContractFactory(contract_name='Arbiter', contract_code='# { "Depends": "py-genlayer:1jb45aa8ynh2a9c9xn3b7qqh8sm5q93hwf... finalize /\n        recovery to verify that value actually left the contract."""\n        return str(self.balance)\n')
args = None, account = None, consensus_max_rotations = None, fees = None
fee_value = None, wait_until = None, wait_interval = None, wait_retries = None
wait_transaction_status = <ProtocolTransactionStatus.ACCEPTED: 'Accepted'>
wait_triggered_transactions = False
wait_triggered_transactions_status = <ProtocolTransactionStatus.ACCEPTED: 'Accepted'>
transaction_context = None

    def deploy_contract_tx(
        self,
        args: Optional[List[CalldataEncodable]] = None,
        account: Optional[LocalAccount] = None,
        consensus_max_rotations: Optional[int] = None,
        fees: Optional[Dict[str, Any]] = None,
        fee_value: Optional[int] = None,
        wait_until: Optional[Literal["decided", "finalized"]] = None,
        wait_interval: Optional[int] = None,
        wait_retries: Optional[int] = None,
        wait_transaction_status: ProtocolTransactionStatus = ProtocolTransactionStatus.ACCEPTED,
        wait_triggered_transactions: bool = False,
        wait_triggered_transactions_status: ProtocolTransactionStatus = ProtocolTransactionStatus.ACCEPTED,
        transaction_context: Optional[TransactionContext] = None,
    ) -> GenLayerTransaction:
        """
        Deploy the contract and return the transaction receipt.
        """
        general_config = get_general_config()
        actual_wait_interval = (
            wait_interval
            if wait_interval is not None
            else general_config.get_default_wait_interval()
        )
        actual_wait_retries = (
            wait_retries
            if wait_retries is not None
            else general_config.get_default_wait_retries()
        )
        leader_only = (
            general_config.get_leader_only()
            if general_config.check_studio_based_rpc()
            else False
        )
    
        client = get_gl_client()
        try:
            sim_config = None
            if transaction_context:
                try:
                    sim_config = SimConfig(**transaction_context)
                except TypeError as e:
                    raise ValueError(
                        f"Invalid transaction_context keys: {sorted(transaction_context.keys())}"
                    ) from e
            tx_hash = client.deploy_contract(
                code=self.contract_code,
                args=args,
                account=account,
                consensus_max_rotations=consensus_max_rotations,
                leader_only=leader_only,
                **_fee_kwargs(client.deploy_contract, fees, fee_value),
                sim_config=sim_config,
            )
            tx_receipt = wait_for_transaction_receipt(
                client,
                transaction_hash=tx_hash,
                wait_until=wait_until
                or wait_until_from_status(wait_transaction_status),
                interval=actual_wait_interval,
                retries=actual_wait_retries,
            )
            maybe_record_fee_observation(kind="deploy", receipt=tx_receipt)
            if wait_triggered_transactions:
                triggered_transactions = tx_receipt.get("triggered_transactions", [])
                for triggered_transaction in triggered_transactions:
                    wait_for_transaction_receipt(
                        client,
                        transaction_hash=triggered_transaction,
                        wait_until=wait_until_from_status(
                            wait_triggered_transactions_status
                        ),
                        interval=actual_wait_interval,
                        retries=actual_wait_retries,
                    )
            return tx_receipt
        except Exception as e:
>           raise DeploymentError(
                f"Failed to deploy contract {self.contract_name}: {str(e)}"
            ) from e
E           gltest.exceptions.DeploymentError: Failed to deploy contract Arbiter: Transaction reverted: EVM tx 0x89b1177f4bd48cabb8f58d1c95ca5d735bb027d3f7c54603e336f87da9df34ce to consensus contract 0xb7278A61aa25c888815aFC32Ad3cC52fF24fE575 was reverted. FeesDistributionMissing

../../usr/lib/python3.13/site-packages/gltest/contracts/contract_factory.py:246: DeploymentError
______________________ ERROR at setup of test_create_job _______________________

self = ContractFactory(contract_name='Arbiter', contract_code='# { "Depends": "py-genlayer:1jb45aa8ynh2a9c9xn3b7qqh8sm5q93hwf... finalize /\n        recovery to verify that value actually left the contract."""\n        return str(self.balance)\n')
args = None, account = None, consensus_max_rotations = None, fees = None
fee_value = None, wait_until = None, wait_interval = None, wait_retries = None
wait_transaction_status = <ProtocolTransactionStatus.ACCEPTED: 'Accepted'>
wait_triggered_transactions = False
wait_triggered_transactions_status = <ProtocolTransactionStatus.ACCEPTED: 'Accepted'>
transaction_context = None

    def deploy_contract_tx(
        self,
        args: Optional[List[CalldataEncodable]] = None,
        account: Optional[LocalAccount] = None,
        consensus_max_rotations: Optional[int] = None,
        fees: Optional[Dict[str, Any]] = None,
        fee_value: Optional[int] = None,
        wait_until: Optional[Literal["decided", "finalized"]] = None,
        wait_interval: Optional[int] = None,
        wait_retries: Optional[int] = None,
        wait_transaction_status: ProtocolTransactionStatus = ProtocolTransactionStatus.ACCEPTED,
        wait_triggered_transactions: bool = False,
        wait_triggered_transactions_status: ProtocolTransactionStatus = ProtocolTransactionStatus.ACCEPTED,
        transaction_context: Optional[TransactionContext] = None,
    ) -> GenLayerTransaction:
        """
        Deploy the contract and return the transaction receipt.
        """
        general_config = get_general_config()
        actual_wait_interval = (
            wait_interval
            if wait_interval is not None
            else general_config.get_default_wait_interval()
        )
        actual_wait_retries = (
            wait_retries
            if wait_retries is not None
            else general_config.get_default_wait_retries()
        )
        leader_only = (
            general_config.get_leader_only()
            if general_config.check_studio_based_rpc()
            else False
        )
    
        client = get_gl_client()
        try:
            sim_config = None
            if transaction_context:
                try:
                    sim_config = SimConfig(**transaction_context)
                except TypeError as e:
                    raise ValueError(
                        f"Invalid transaction_context keys: {sorted(transaction_context.keys())}"
                    ) from e
>           tx_hash = client.deploy_contract(
                code=self.contract_code,
                args=args,
                account=account,
                consensus_max_rotations=consensus_max_rotations,
                leader_only=leader_only,
                **_fee_kwargs(client.deploy_contract, fees, fee_value),
                sim_config=sim_config,
            )

../../usr/lib/python3.13/site-packages/gltest/contracts/contract_factory.py:214: 
_ _ _ _ _ _ _ _ _ _ _ _ _ _ _ _ _ _ _ _ _ _ _ _ _ _ _ _ _ _ _ _ _ _ _ _ _ _ _ _ 
../../usr/lib/python3.13/site-packages/genlayer_py/client/genlayer_client.py:232: in deploy_contract
    return deploy_contract(
../../usr/lib/python3.13/site-packages/genlayer_py/contracts/actions.py:217: in deploy_contract
    return _send_transaction(
_ _ _ _ _ _ _ _ _ _ _ _ _ _ _ _ _ _ _ _ _ _ _ _ _ _ _ _ _ _ _ _ _ _ _ _ _ _ _ _ 

self = <genlayer_py.client.genlayer_client.GenLayerClient object at 0x7bdf62bcb0>
encoded_data = '0x27241a99000000000000000000000000970804a50ba102a3018a282aeb97b8b5ea268feb0000000000000000000000000000000000000000000...22220a202020202020202072657475726e207374722873656c662e62616c616e6365290a0680000000000000000000000000000000000000000000'
sender_account = <eth_account.signers.local.LocalAccount object at 0x7bdf49fed0>
value = 0, sim_config = None

    def _send_transaction(
        self: GenLayerClient,
        encoded_data: HexStr,
        sender_account: Optional[LocalAccount] = None,
        value: int = 0,
        sim_config: Optional[SimConfig] = None,
    ):
        if sender_account is None:
            raise GenLayerError(
                "No account set. Configure the client with an account or pass an account to this function."
            )
    
        if self.chain.consensus_main_contract is None:
            raise GenLayerError(
                f'Consensus main contract address not found in chain config for "{self.chain.name}".',
            )
    
        try:
            transaction = _prepare_transaction(
                self=self,
                sender=sender_account.address,
                recipient=self.chain.consensus_main_contract["address"],
                data=encoded_data,
                value=value,
            )
            signed_transaction = sender_account.sign_transaction(transaction)
            serialized_transaction = self.w3.to_hex(signed_transaction.raw_transaction)
            params = [serialized_transaction]
            if sim_config is not None:
                params.append(sim_config)
            tx_hash = self.provider.make_request(
                method="eth_sendRawTransaction", params=params
            )["result"]
        except Exception as exc:
            raise GenLayerError(f"Transaction failed: {_format_rpc_error(exc)}") from exc
        tx_receipt = self.w3.eth.wait_for_transaction_receipt(tx_hash)
    
        if tx_receipt.status != 1:
            reason = _receipt_revert_reason(self, tx_hash)
            suffix = f" {reason}" if reason else ""
>           raise GenLayerError(
                f"Transaction reverted: EVM tx {tx_hash} to consensus contract "
                f"{self.chain.consensus_main_contract['address']} was reverted.{suffix}"
            )
E           genlayer_py.exceptions.GenLayerError: Transaction reverted: EVM tx 0xe936039309914faff8d262017957815ad1a11700f597788811227fa9f40173e0 to consensus contract 0xb7278A61aa25c888815aFC32Ad3cC52fF24fE575 was reverted. FeesDistributionMissing

../../usr/lib/python3.13/site-packages/genlayer_py/contracts/actions.py:1319: GenLayerError

The above exception was the direct cause of the following exception:

    @pytest.fixture
    def arbiter():
        factory = get_contract_factory("Arbiter")
>       return factory.deploy()
               ^^^^^^^^^^^^^^^^

tests/test_arbiter_smoke.py:9: 
_ _ _ _ _ _ _ _ _ _ _ _ _ _ _ _ _ _ _ _ _ _ _ _ _ _ _ _ _ _ _ _ _ _ _ _ _ _ _ _ 
../../usr/lib/python3.13/site-packages/gltest/contracts/contract_factory.py:148: in deploy
    receipt = self.deploy_contract_tx(
_ _ _ _ _ _ _ _ _ _ _ _ _ _ _ _ _ _ _ _ _ _ _ _ _ _ _ _ _ _ _ _ _ _ _ _ _ _ _ _ 

self = ContractFactory(contract_name='Arbiter', contract_code='# { "Depends": "py-genlayer:1jb45aa8ynh2a9c9xn3b7qqh8sm5q93hwf... finalize /\n        recovery to verify that value actually left the contract."""\n        return str(self.balance)\n')
args = None, account = None, consensus_max_rotations = None, fees = None
fee_value = None, wait_until = None, wait_interval = None, wait_retries = None
wait_transaction_status = <ProtocolTransactionStatus.ACCEPTED: 'Accepted'>
wait_triggered_transactions = False
wait_triggered_transactions_status = <ProtocolTransactionStatus.ACCEPTED: 'Accepted'>
transaction_context = None

    def deploy_contract_tx(
        self,
        args: Optional[List[CalldataEncodable]] = None,
        account: Optional[LocalAccount] = None,
        consensus_max_rotations: Optional[int] = None,
        fees: Optional[Dict[str, Any]] = None,
        fee_value: Optional[int] = None,
        wait_until: Optional[Literal["decided", "finalized"]] = None,
        wait_interval: Optional[int] = None,
        wait_retries: Optional[int] = None,
        wait_transaction_status: ProtocolTransactionStatus = ProtocolTransactionStatus.ACCEPTED,
        wait_triggered_transactions: bool = False,
        wait_triggered_transactions_status: ProtocolTransactionStatus = ProtocolTransactionStatus.ACCEPTED,
        transaction_context: Optional[TransactionContext] = None,
    ) -> GenLayerTransaction:
        """
        Deploy the contract and return the transaction receipt.
        """
        general_config = get_general_config()
        actual_wait_interval = (
            wait_interval
            if wait_interval is not None
            else general_config.get_default_wait_interval()
        )
        actual_wait_retries = (
            wait_retries
            if wait_retries is not None
            else general_config.get_default_wait_retries()
        )
        leader_only = (
            general_config.get_leader_only()
            if general_config.check_studio_based_rpc()
            else False
        )
    
        client = get_gl_client()
        try:
            sim_config = None
            if transaction_context:
                try:
                    sim_config = SimConfig(**transaction_context)
                except TypeError as e:
                    raise ValueError(
                        f"Invalid transaction_context keys: {sorted(transaction_context.keys())}"
                    ) from e
            tx_hash = client.deploy_contract(
                code=self.contract_code,
                args=args,
                account=account,
                consensus_max_rotations=consensus_max_rotations,
                leader_only=leader_only,
                **_fee_kwargs(client.deploy_contract, fees, fee_value),
                sim_config=sim_config,
            )
            tx_receipt = wait_for_transaction_receipt(
                client,
                transaction_hash=tx_hash,
                wait_until=wait_until
                or wait_until_from_status(wait_transaction_status),
                interval=actual_wait_interval,
                retries=actual_wait_retries,
            )
            maybe_record_fee_observation(kind="deploy", receipt=tx_receipt)
            if wait_triggered_transactions:
                triggered_transactions = tx_receipt.get("triggered_transactions", [])
                for triggered_transaction in triggered_transactions:
                    wait_for_transaction_receipt(
                        client,
                        transaction_hash=triggered_transaction,
                        wait_until=wait_until_from_status(
                            wait_triggered_transactions_status
                        ),
                        interval=actual_wait_interval,
                        retries=actual_wait_retries,
                    )
            return tx_receipt
        except Exception as e:
>           raise DeploymentError(
                f"Failed to deploy contract {self.contract_name}: {str(e)}"
            ) from e
E           gltest.exceptions.DeploymentError: Failed to deploy contract Arbiter: Transaction reverted: EVM tx 0xe936039309914faff8d262017957815ad1a11700f597788811227fa9f40173e0 to consensus contract 0xb7278A61aa25c888815aFC32Ad3cC52fF24fE575 was reverted. FeesDistributionMissing

../../usr/lib/python3.13/site-packages/gltest/contracts/contract_factory.py:246: DeploymentError
___________________ ERROR at setup of test_create_job_state ____________________

self = ContractFactory(contract_name='Arbiter', contract_code='# { "Depends": "py-genlayer:1jb45aa8ynh2a9c9xn3b7qqh8sm5q93hwf... finalize /\n        recovery to verify that value actually left the contract."""\n        return str(self.balance)\n')
args = None, account = None, consensus_max_rotations = None, fees = None
fee_value = None, wait_until = None, wait_interval = None, wait_retries = None
wait_transaction_status = <ProtocolTransactionStatus.ACCEPTED: 'Accepted'>
wait_triggered_transactions = False
wait_triggered_transactions_status = <ProtocolTransactionStatus.ACCEPTED: 'Accepted'>
transaction_context = None

    def deploy_contract_tx(
        self,
        args: Optional[List[CalldataEncodable]] = None,
        account: Optional[LocalAccount] = None,
        consensus_max_rotations: Optional[int] = None,
        fees: Optional[Dict[str, Any]] = None,
        fee_value: Optional[int] = None,
        wait_until: Optional[Literal["decided", "finalized"]] = None,
        wait_interval: Optional[int] = None,
        wait_retries: Optional[int] = None,
        wait_transaction_status: ProtocolTransactionStatus = ProtocolTransactionStatus.ACCEPTED,
        wait_triggered_transactions: bool = False,
        wait_triggered_transactions_status: ProtocolTransactionStatus = ProtocolTransactionStatus.ACCEPTED,
        transaction_context: Optional[TransactionContext] = None,
    ) -> GenLayerTransaction:
        """
        Deploy the contract and return the transaction receipt.
        """
        general_config = get_general_config()
        actual_wait_interval = (
            wait_interval
            if wait_interval is not None
            else general_config.get_default_wait_interval()
        )
        actual_wait_retries = (
            wait_retries
            if wait_retries is not None
            else general_config.get_default_wait_retries()
        )
        leader_only = (
            general_config.get_leader_only()
            if general_config.check_studio_based_rpc()
            else False
        )
    
        client = get_gl_client()
        try:
            sim_config = None
            if transaction_context:
                try:
                    sim_config = SimConfig(**transaction_context)
                except TypeError as e:
                    raise ValueError(
                        f"Invalid transaction_context keys: {sorted(transaction_context.keys())}"
                    ) from e
>           tx_hash = client.deploy_contract(
                code=self.contract_code,
                args=args,
                account=account,
                consensus_max_rotations=consensus_max_rotations,
                leader_only=leader_only,
                **_fee_kwargs(client.deploy_contract, fees, fee_value),
                sim_config=sim_config,
            )

../../usr/lib/python3.13/site-packages/gltest/contracts/contract_factory.py:214: 
_ _ _ _ _ _ _ _ _ _ _ _ _ _ _ _ _ _ _ _ _ _ _ _ _ _ _ _ _ _ _ _ _ _ _ _ _ _ _ _ 
../../usr/lib/python3.13/site-packages/genlayer_py/client/genlayer_client.py:232: in deploy_contract
    return deploy_contract(
../../usr/lib/python3.13/site-packages/genlayer_py/contracts/actions.py:217: in deploy_contract
    return _send_transaction(
_ _ _ _ _ _ _ _ _ _ _ _ _ _ _ _ _ _ _ _ _ _ _ _ _ _ _ _ _ _ _ _ _ _ _ _ _ _ _ _ 

self = <genlayer_py.client.genlayer_client.GenLayerClient object at 0x7bdf62bcb0>
encoded_data = '0x27241a99000000000000000000000000970804a50ba102a3018a282aeb97b8b5ea268feb0000000000000000000000000000000000000000000...22220a202020202020202072657475726e207374722873656c662e62616c616e6365290a0680000000000000000000000000000000000000000000'
sender_account = <eth_account.signers.local.LocalAccount object at 0x7bdf49fed0>
value = 0, sim_config = None

    def _send_transaction(
        self: GenLayerClient,
        encoded_data: HexStr,
        sender_account: Optional[LocalAccount] = None,
        value: int = 0,
        sim_config: Optional[SimConfig] = None,
    ):
        if sender_account is None:
            raise GenLayerError(
                "No account set. Configure the client with an account or pass an account to this function."
            )
    
        if self.chain.consensus_main_contract is None:
            raise GenLayerError(
                f'Consensus main contract address not found in chain config for "{self.chain.name}".',
            )
    
        try:
            transaction = _prepare_transaction(
                self=self,
                sender=sender_account.address,
                recipient=self.chain.consensus_main_contract["address"],
                data=encoded_data,
                value=value,
            )
            signed_transaction = sender_account.sign_transaction(transaction)
            serialized_transaction = self.w3.to_hex(signed_transaction.raw_transaction)
            params = [serialized_transaction]
            if sim_config is not None:
                params.append(sim_config)
            tx_hash = self.provider.make_request(
                method="eth_sendRawTransaction", params=params
            )["result"]
        except Exception as exc:
            raise GenLayerError(f"Transaction failed: {_format_rpc_error(exc)}") from exc
        tx_receipt = self.w3.eth.wait_for_transaction_receipt(tx_hash)
    
        if tx_receipt.status != 1:
            reason = _receipt_revert_reason(self, tx_hash)
            suffix = f" {reason}" if reason else ""
>           raise GenLayerError(
                f"Transaction reverted: EVM tx {tx_hash} to consensus contract "
                f"{self.chain.consensus_main_contract['address']} was reverted.{suffix}"
            )
E           genlayer_py.exceptions.GenLayerError: Transaction reverted: EVM tx 0x4f90c212833605134d45e5402631fa6ac5e8fd871fe54b3dea46447b7b4a1e4f to consensus contract 0xb7278A61aa25c888815aFC32Ad3cC52fF24fE575 was reverted. FeesDistributionMissing

../../usr/lib/python3.13/site-packages/genlayer_py/contracts/actions.py:1319: GenLayerError

The above exception was the direct cause of the following exception:

    @pytest.fixture
    def arbiter():
        factory = get_contract_factory("Arbiter")
>       return factory.deploy()
               ^^^^^^^^^^^^^^^^

tests/test_arbiter_smoke.py:9: 
_ _ _ _ _ _ _ _ _ _ _ _ _ _ _ _ _ _ _ _ _ _ _ _ _ _ _ _ _ _ _ _ _ _ _ _ _ _ _ _ 
../../usr/lib/python3.13/site-packages/gltest/contracts/contract_factory.py:148: in deploy
    receipt = self.deploy_contract_tx(
_ _ _ _ _ _ _ _ _ _ _ _ _ _ _ _ _ _ _ _ _ _ _ _ _ _ _ _ _ _ _ _ _ _ _ _ _ _ _ _ 

self = ContractFactory(contract_name='Arbiter', contract_code='# { "Depends": "py-genlayer:1jb45aa8ynh2a9c9xn3b7qqh8sm5q93hwf... finalize /\n        recovery to verify that value actually left the contract."""\n        return str(self.balance)\n')
args = None, account = None, consensus_max_rotations = None, fees = None
fee_value = None, wait_until = None, wait_interval = None, wait_retries = None
wait_transaction_status = <ProtocolTransactionStatus.ACCEPTED: 'Accepted'>
wait_triggered_transactions = False
wait_triggered_transactions_status = <ProtocolTransactionStatus.ACCEPTED: 'Accepted'>
transaction_context = None

    def deploy_contract_tx(
        self,
        args: Optional[List[CalldataEncodable]] = None,
        account: Optional[LocalAccount] = None,
        consensus_max_rotations: Optional[int] = None,
        fees: Optional[Dict[str, Any]] = None,
        fee_value: Optional[int] = None,
        wait_until: Optional[Literal["decided", "finalized"]] = None,
        wait_interval: Optional[int] = None,
        wait_retries: Optional[int] = None,
        wait_transaction_status: ProtocolTransactionStatus = ProtocolTransactionStatus.ACCEPTED,
        wait_triggered_transactions: bool = False,
        wait_triggered_transactions_status: ProtocolTransactionStatus = ProtocolTransactionStatus.ACCEPTED,
        transaction_context: Optional[TransactionContext] = None,
    ) -> GenLayerTransaction:
        """
        Deploy the contract and return the transaction receipt.
        """
        general_config = get_general_config()
        actual_wait_interval = (
            wait_interval
            if wait_interval is not None
            else general_config.get_default_wait_interval()
        )
        actual_wait_retries = (
            wait_retries
            if wait_retries is not None
            else general_config.get_default_wait_retries()
        )
        leader_only = (
            general_config.get_leader_only()
            if general_config.check_studio_based_rpc()
            else False
        )
    
        client = get_gl_client()
        try:
            sim_config = None
            if transaction_context:
                try:
                    sim_config = SimConfig(**transaction_context)
                except TypeError as e:
                    raise ValueError(
                        f"Invalid transaction_context keys: {sorted(transaction_context.keys())}"
                    ) from e
            tx_hash = client.deploy_contract(
                code=self.contract_code,
                args=args,
                account=account,
                consensus_max_rotations=consensus_max_rotations,
                leader_only=leader_only,
                **_fee_kwargs(client.deploy_contract, fees, fee_value),
                sim_config=sim_config,
            )
            tx_receipt = wait_for_transaction_receipt(
                client,
                transaction_hash=tx_hash,
                wait_until=wait_until
                or wait_until_from_status(wait_transaction_status),
                interval=actual_wait_interval,
                retries=actual_wait_retries,
            )
            maybe_record_fee_observation(kind="deploy", receipt=tx_receipt)
            if wait_triggered_transactions:
                triggered_transactions = tx_receipt.get("triggered_transactions", [])
                for triggered_transaction in triggered_transactions:
                    wait_for_transaction_receipt(
                        client,
                        transaction_hash=triggered_transaction,
                        wait_until=wait_until_from_status(
                            wait_triggered_transactions_status
                        ),
                        interval=actual_wait_interval,
                        retries=actual_wait_retries,
                    )
            return tx_receipt
        except Exception as e:
>           raise DeploymentError(
                f"Failed to deploy contract {self.contract_name}: {str(e)}"
            ) from e
E           gltest.exceptions.DeploymentError: Failed to deploy contract Arbiter: Transaction reverted: EVM tx 0x4f90c212833605134d45e5402631fa6ac5e8fd871fe54b3dea46447b7b4a1e4f to consensus contract 0xb7278A61aa25c888815aFC32Ad3cC52fF24fE575 was reverted. FeesDistributionMissing

../../usr/lib/python3.13/site-packages/gltest/contracts/contract_factory.py:246: DeploymentError
______________________ ERROR at setup of test_submit_work ______________________

self = <Response [502]>, kwargs = {}

    def json(self, **kwargs: Any) -> Any:
        r"""Decodes the JSON response body (if any) as a Python object.
    
        This may return a dictionary, list, etc. depending on what is in the response.
    
        :param \*\*kwargs: Optional arguments that ``json.loads`` takes.
        :raises requests.exceptions.JSONDecodeError: If the response body does not
            contain valid json.
        """
    
        if not self.encoding and self.content and len(self.content) > 3:
            # No encoding set. JSON RFC 4627 section 3 states we should expect
            # UTF-8, -16 or -32. Detect which one to use; If the detection or
            # decoding fails, fall back to `self.text` (using charset_normalizer to make
            # a best guess).
            encoding = guess_json_utf(self.content)
            if encoding is not None:
                try:
                    return complexjson.loads(self.content.decode(encoding), **kwargs)
                except UnicodeDecodeError:
                    # Wrong UTF codec detected; usually because it's not UTF-8
                    # but some other 8-bit codec.  This is an RFC violation,
                    # and the server didn't bother to tell us what codec *was*
                    # used.
                    pass
                except JSONDecodeError as e:
                    raise RequestsJSONDecodeError(e.msg, e.doc, e.pos)
    
        try:
>           return complexjson.loads(self.text, **kwargs)
                   ^^^^^^^^^^^^^^^^^^^^^^^^^^^^^^^^^^^^^^

../../usr/lib/python3.13/site-packages/requests/models.py:1116: 
_ _ _ _ _ _ _ _ _ _ _ _ _ _ _ _ _ _ _ _ _ _ _ _ _ _ _ _ _ _ _ _ _ _ _ _ _ _ _ _ 
../../usr/lib/python3.13/json/__init__.py:352: in loads
    return _default_decoder.decode(s)
           ^^^^^^^^^^^^^^^^^^^^^^^^^^
../../usr/lib/python3.13/json/decoder.py:345: in decode
    obj, end = self.raw_decode(s, idx=_w(s, 0).end())
               ^^^^^^^^^^^^^^^^^^^^^^^^^^^^^^^^^^^^^^
_ _ _ _ _ _ _ _ _ _ _ _ _ _ _ _ _ _ _ _ _ _ _ _ _ _ _ _ _ _ _ _ _ _ _ _ _ _ _ _ 

self = <json.decoder.JSONDecoder object at 0x7be44156a0>
s = '<!DOCTYPE html>\n<!--[if lt IE 7]> <html class="no-js ie6 oldie" lang="en-US"> <![endif]-->\n<!--[if IE 7]>    <html ...tListener("DOMContentLoaded",d)})();</script>\n  </div><!-- /.error-footer -->\n\n    </div>\n</div>\n</body>\n</html>'
idx = 0

    def raw_decode(self, s, idx=0):
        """Decode a JSON document from ``s`` (a ``str`` beginning with
        a JSON document) and return a 2-tuple of the Python
        representation and the index in ``s`` where the document ended.
    
        This can be used to decode a JSON document from a string that may
        have extraneous data at the end.
    
        """
        try:
            obj, end = self.scan_once(s, idx)
        except StopIteration as err:
>           raise JSONDecodeError("Expecting value", s, err.value) from None
E           json.decoder.JSONDecodeError: Expecting value: line 1 column 1 (char 0)

../../usr/lib/python3.13/json/decoder.py:363: JSONDecodeError

During handling of the above exception, another exception occurred:

self = <genlayer_py.provider.provider.GenLayerProvider object at 0x7bdf62ba10>
method = 'eth_getTransactionReceipt'
params = ['0x1602b10e4164ef21ba9d8fa87621e9f1a5cfc0f7b2d3311eb38d935cf750e5ff']

    def make_request(
        self,
        method: Union[RPCEndpoint, str],
        params: List[Any],
    ) -> RPCResponse:
        payload = {
            "jsonrpc": "2.0",
            "id": int(time.time() * 1000),
            "method": method,
            "params": params,
        }
        try:
            response = requests.post(
                self.url,
                json=payload,
                headers={
                    "Content-Type": "application/json",
                    "User-Agent": "genlayer-py",
                },
            )
        except requests.exceptions.RequestException as err:
            raise GenLayerError(f"Request to {self.url} failed: {str(err)}") from err
        try:
>           resp = response.json()
                   ^^^^^^^^^^^^^^^

../../usr/lib/python3.13/site-packages/genlayer_py/provider/provider.py:42: 
_ _ _ _ _ _ _ _ _ _ _ _ _ _ _ _ _ _ _ _ _ _ _ _ _ _ _ _ _ _ _ _ _ _ _ _ _ _ _ _ 

self = <Response [502]>, kwargs = {}

    def json(self, **kwargs: Any) -> Any:
        r"""Decodes the JSON response body (if any) as a Python object.
    
        This may return a dictionary, list, etc. depending on what is in the response.
    
        :param \*\*kwargs: Optional arguments that ``json.loads`` takes.
        :raises requests.exceptions.JSONDecodeError: If the response body does not
            contain valid json.
        """
    
        if not self.encoding and self.content and len(self.content) > 3:
            # No encoding set. JSON RFC 4627 section 3 states we should expect
            # UTF-8, -16 or -32. Detect which one to use; If the detection or
            # decoding fails, fall back to `self.text` (using charset_normalizer to make
            # a best guess).
            encoding = guess_json_utf(self.content)
            if encoding is not None:
                try:
                    return complexjson.loads(self.content.decode(encoding), **kwargs)
                except UnicodeDecodeError:
                    # Wrong UTF codec detected; usually because it's not UTF-8
                    # but some other 8-bit codec.  This is an RFC violation,
                    # and the server didn't bother to tell us what codec *was*
                    # used.
                    pass
                except JSONDecodeError as e:
                    raise RequestsJSONDecodeError(e.msg, e.doc, e.pos)
    
        try:
            return complexjson.loads(self.text, **kwargs)
        except JSONDecodeError as e:
            # Catch JSON-related errors and raise as requests.JSONDecodeError
            # This aliases json.JSONDecodeError and simplejson.JSONDecodeError
>           raise RequestsJSONDecodeError(e.msg, e.doc, e.pos)
E           requests.exceptions.JSONDecodeError: Expecting value: line 1 column 1 (char 0)

../../usr/lib/python3.13/site-packages/requests/models.py:1120: JSONDecodeError

The above exception was the direct cause of the following exception:

self = ContractFactory(contract_name='Arbiter', contract_code='# { "Depends": "py-genlayer:1jb45aa8ynh2a9c9xn3b7qqh8sm5q93hwf... finalize /\n        recovery to verify that value actually left the contract."""\n        return str(self.balance)\n')
args = None, account = None, consensus_max_rotations = None, fees = None
fee_value = None, wait_until = None, wait_interval = None, wait_retries = None
wait_transaction_status = <ProtocolTransactionStatus.ACCEPTED: 'Accepted'>
wait_triggered_transactions = False
wait_triggered_transactions_status = <ProtocolTransactionStatus.ACCEPTED: 'Accepted'>
transaction_context = None

    def deploy_contract_tx(
        self,
        args: Optional[List[CalldataEncodable]] = None,
        account: Optional[LocalAccount] = None,
        consensus_max_rotations: Optional[int] = None,
        fees: Optional[Dict[str, Any]] = None,
        fee_value: Optional[int] = None,
        wait_until: Optional[Literal["decided", "finalized"]] = None,
        wait_interval: Optional[int] = None,
        wait_retries: Optional[int] = None,
        wait_transaction_status: ProtocolTransactionStatus = ProtocolTransactionStatus.ACCEPTED,
        wait_triggered_transactions: bool = False,
        wait_triggered_transactions_status: ProtocolTransactionStatus = ProtocolTransactionStatus.ACCEPTED,
        transaction_context: Optional[TransactionContext] = None,
    ) -> GenLayerTransaction:
        """
        Deploy the contract and return the transaction receipt.
        """
        general_config = get_general_config()
        actual_wait_interval = (
            wait_interval
            if wait_interval is not None
            else general_config.get_default_wait_interval()
        )
        actual_wait_retries = (
            wait_retries
            if wait_retries is not None
            else general_config.get_default_wait_retries()
        )
        leader_only = (
            general_config.get_leader_only()
            if general_config.check_studio_based_rpc()
            else False
        )
    
        client = get_gl_client()
        try:
            sim_config = None
            if transaction_context:
                try:
                    sim_config = SimConfig(**transaction_context)
                except TypeError as e:
                    raise ValueError(
                        f"Invalid transaction_context keys: {sorted(transaction_context.keys())}"
                    ) from e
>           tx_hash = client.deploy_contract(
                code=self.contract_code,
                args=args,
                account=account,
                consensus_max_rotations=consensus_max_rotations,
                leader_only=leader_only,
                **_fee_kwargs(client.deploy_contract, fees, fee_value),
                sim_config=sim_config,
            )

../../usr/lib/python3.13/site-packages/gltest/contracts/contract_factory.py:214: 
_ _ _ _ _ _ _ _ _ _ _ _ _ _ _ _ _ _ _ _ _ _ _ _ _ _ _ _ _ _ _ _ _ _ _ _ _ _ _ _ 
../../usr/lib/python3.13/site-packages/genlayer_py/client/genlayer_client.py:232: in deploy_contract
    return deploy_contract(
../../usr/lib/python3.13/site-packages/genlayer_py/contracts/actions.py:217: in deploy_contract
    return _send_transaction(
../../usr/lib/python3.13/site-packages/genlayer_py/contracts/actions.py:1314: in _send_transaction
    tx_receipt = self.w3.eth.wait_for_transaction_receipt(tx_hash)
                 ^^^^^^^^^^^^^^^^^^^^^^^^^^^^^^^^^^^^^^^^^^^^^^^^^
../../usr/lib/python3.13/site-packages/web3/eth/eth.py:489: in wait_for_transaction_receipt
    tx_receipt = self._transaction_receipt(transaction_hash)
                 ^^^^^^^^^^^^^^^^^^^^^^^^^^^^^^^^^^^^^^^^^^^
../../usr/lib/python3.13/site-packages/web3/module.py:106: in caller
    result = w3.manager.request_blocking(
../../usr/lib/python3.13/site-packages/web3/manager.py:225: in request_blocking
    response = self._make_request(method, params)
               ^^^^^^^^^^^^^^^^^^^^^^^^^^^^^^^^^^
../../usr/lib/python3.13/site-packages/web3/manager.py:156: in _make_request
    return request_func(method, params)
           ^^^^^^^^^^^^^^^^^^^^^^^^^^^^
../../usr/lib/python3.13/site-packages/web3/middleware/base.py:53: in middleware
    return self.response_processor(method, make_request(method, params))
                                           ^^^^^^^^^^^^^^^^^^^^^^^^^^^^
../../usr/lib/python3.13/site-packages/web3/middleware/base.py:53: in middleware
    return self.response_processor(method, make_request(method, params))
                                           ^^^^^^^^^^^^^^^^^^^^^^^^^^^^
../../usr/lib/python3.13/site-packages/web3/middleware/base.py:53: in middleware
    return self.response_processor(method, make_request(method, params))
                                           ^^^^^^^^^^^^^^^^^^^^^^^^^^^^
../../usr/lib/python3.13/site-packages/web3/middleware/base.py:53: in middleware
    return self.response_processor(method, make_request(method, params))
                                           ^^^^^^^^^^^^^^^^^^^^^^^^^^^^
../../usr/lib/python3.13/site-packages/web3/middleware/base.py:53: in middleware
    return self.response_processor(method, make_request(method, params))
                                           ^^^^^^^^^^^^^^^^^^^^^^^^^^^^
_ _ _ _ _ _ _ _ _ _ _ _ _ _ _ _ _ _ _ _ _ _ _ _ _ _ _ _ _ _ _ _ _ _ _ _ _ _ _ _ 

self = <genlayer_py.provider.provider.GenLayerProvider object at 0x7bdf62ba10>
method = 'eth_getTransactionReceipt'
params = ['0x1602b10e4164ef21ba9d8fa87621e9f1a5cfc0f7b2d3311eb38d935cf750e5ff']

    def make_request(
        self,
        method: Union[RPCEndpoint, str],
        params: List[Any],
    ) -> RPCResponse:
        payload = {
            "jsonrpc": "2.0",
            "id": int(time.time() * 1000),
            "method": method,
            "params": params,
        }
        try:
            response = requests.post(
                self.url,
                json=payload,
                headers={
                    "Content-Type": "application/json",
                    "User-Agent": "genlayer-py",
                },
            )
        except requests.exceptions.RequestException as err:
            raise GenLayerError(f"Request to {self.url} failed: {str(err)}") from err
        try:
            resp = response.json()
        except ValueError as err:
            response_preview = response.text[:500] if len(response.text) <= 500 else f"{response.text[:500]}..."
>           raise GenLayerError(
                f"{method} returned invalid JSON: {err}. Response content: {response_preview}"
            ) from err
E           genlayer_py.exceptions.GenLayerError: eth_getTransactionReceipt returned invalid JSON: Expecting value: line 1 column 1 (char 0). Response content: <!DOCTYPE html>
E           <!--[if lt IE 7]> <html class="no-js ie6 oldie" lang="en-US"> <![endif]-->
E           <!--[if IE 7]>    <html class="no-js ie7 oldie" lang="en-US"> <![endif]-->
E           <!--[if IE 8]>    <html class="no-js ie8 oldie" lang="en-US"> <![endif]-->
E           <!--[if gt IE 8]><!--> <html class="no-js" lang="en-US"> <!--<![endif]-->
E           <head>
E           
E           <title>genlayer.com | 502: Bad gateway</title>
E           <meta charset="UTF-8" />
E           <meta http-equiv="Content-Type" content="text/html; charset=UTF-8" />
E           <meta http-equiv="X-UA-Compatible" ...

../../usr/lib/python3.13/site-packages/genlayer_py/provider/provider.py:45: GenLayerError

The above exception was the direct cause of the following exception:

    @pytest.fixture
    def arbiter():
        factory = get_contract_factory("Arbiter")
>       return factory.deploy()
               ^^^^^^^^^^^^^^^^

tests/test_arbiter_smoke.py:9: 
_ _ _ _ _ _ _ _ _ _ _ _ _ _ _ _ _ _ _ _ _ _ _ _ _ _ _ _ _ _ _ _ _ _ _ _ _ _ _ _ 
../../usr/lib/python3.13/site-packages/gltest/contracts/contract_factory.py:148: in deploy
    receipt = self.deploy_contract_tx(
_ _ _ _ _ _ _ _ _ _ _ _ _ _ _ _ _ _ _ _ _ _ _ _ _ _ _ _ _ _ _ _ _ _ _ _ _ _ _ _ 

self = ContractFactory(contract_name='Arbiter', contract_code='# { "Depends": "py-genlayer:1jb45aa8ynh2a9c9xn3b7qqh8sm5q93hwf... finalize /\n        recovery to verify that value actually left the contract."""\n        return str(self.balance)\n')
args = None, account = None, consensus_max_rotations = None, fees = None
fee_value = None, wait_until = None, wait_interval = None, wait_retries = None
wait_transaction_status = <ProtocolTransactionStatus.ACCEPTED: 'Accepted'>
wait_triggered_transactions = False
wait_triggered_transactions_status = <ProtocolTransactionStatus.ACCEPTED: 'Accepted'>
transaction_context = None

    def deploy_contract_tx(
        self,
        args: Optional[List[CalldataEncodable]] = None,
        account: Optional[LocalAccount] = None,
        consensus_max_rotations: Optional[int] = None,
        fees: Optional[Dict[str, Any]] = None,
        fee_value: Optional[int] = None,
        wait_until: Optional[Literal["decided", "finalized"]] = None,
        wait_interval: Optional[int] = None,
        wait_retries: Optional[int] = None,
        wait_transaction_status: ProtocolTransactionStatus = ProtocolTransactionStatus.ACCEPTED,
        wait_triggered_transactions: bool = False,
        wait_triggered_transactions_status: ProtocolTransactionStatus = ProtocolTransactionStatus.ACCEPTED,
        transaction_context: Optional[TransactionContext] = None,
    ) -> GenLayerTransaction:
        """
        Deploy the contract and return the transaction receipt.
        """
        general_config = get_general_config()
        actual_wait_interval = (
            wait_interval
            if wait_interval is not None
            else general_config.get_default_wait_interval()
        )
        actual_wait_retries = (
            wait_retries
            if wait_retries is not None
            else general_config.get_default_wait_retries()
        )
        leader_only = (
            general_config.get_leader_only()
            if general_config.check_studio_based_rpc()
            else False
        )
    
        client = get_gl_client()
        try:
            sim_config = None
            if transaction_context:
                try:
                    sim_config = SimConfig(**transaction_context)
                except TypeError as e:
                    raise ValueError(
                        f"Invalid transaction_context keys: {sorted(transaction_context.keys())}"
                    ) from e
            tx_hash = client.deploy_contract(
                code=self.contract_code,
                args=args,
                account=account,
                consensus_max_rotations=consensus_max_rotations,
                leader_only=leader_only,
                **_fee_kwargs(client.deploy_contract, fees, fee_value),
                sim_config=sim_config,
            )
            tx_receipt = wait_for_transaction_receipt(
                client,
                transaction_hash=tx_hash,
                wait_until=wait_until
                or wait_until_from_status(wait_transaction_status),
                interval=actual_wait_interval,
                retries=actual_wait_retries,
            )
            maybe_record_fee_observation(kind="deploy", receipt=tx_receipt)
            if wait_triggered_transactions:
                triggered_transactions = tx_receipt.get("triggered_transactions", [])
                for triggered_transaction in triggered_transactions:
                    wait_for_transaction_receipt(
                        client,
                        transaction_hash=triggered_transaction,
                        wait_until=wait_until_from_status(
                            wait_triggered_transactions_status
                        ),
                        interval=actual_wait_interval,
                        retries=actual_wait_retries,
                    )
            return tx_receipt
        except Exception as e:
>           raise DeploymentError(
                f"Failed to deploy contract {self.contract_name}: {str(e)}"
            ) from e
E           gltest.exceptions.DeploymentError: Failed to deploy contract Arbiter: eth_getTransactionReceipt returned invalid JSON: Expecting value: line 1 column 1 (char 0). Response content: <!DOCTYPE html>
E           <!--[if lt IE 7]> <html class="no-js ie6 oldie" lang="en-US"> <![endif]-->
E           <!--[if IE 7]>    <html class="no-js ie7 oldie" lang="en-US"> <![endif]-->
E           <!--[if IE 8]>    <html class="no-js ie8 oldie" lang="en-US"> <![endif]-->
E           <!--[if gt IE 8]><!--> <html class="no-js" lang="en-US"> <!--<![endif]-->
E           <head>
E           
E           <title>genlayer.com | 502: Bad gateway</title>
E           <meta charset="UTF-8" />
E           <meta http-equiv="Content-Type" content="text/html; charset=UTF-8" />
E           <meta http-equiv="X-UA-Compatible" ...

../../usr/lib/python3.13/site-packages/gltest/contracts/contract_factory.py:246: DeploymentError
______________________ ERROR at setup of test_approve_job ______________________

self = ContractFactory(contract_name='Arbiter', contract_code='# { "Depends": "py-genlayer:1jb45aa8ynh2a9c9xn3b7qqh8sm5q93hwf... finalize /\n        recovery to verify that value actually left the contract."""\n        return str(self.balance)\n')
args = None, account = None, consensus_max_rotations = None, fees = None
fee_value = None, wait_until = None, wait_interval = None, wait_retries = None
wait_transaction_status = <ProtocolTransactionStatus.ACCEPTED: 'Accepted'>
wait_triggered_transactions = False
wait_triggered_transactions_status = <ProtocolTransactionStatus.ACCEPTED: 'Accepted'>
transaction_context = None

    def deploy_contract_tx(
        self,
        args: Optional[List[CalldataEncodable]] = None,
        account: Optional[LocalAccount] = None,
        consensus_max_rotations: Optional[int] = None,
        fees: Optional[Dict[str, Any]] = None,
        fee_value: Optional[int] = None,
        wait_until: Optional[Literal["decided", "finalized"]] = None,
        wait_interval: Optional[int] = None,
        wait_retries: Optional[int] = None,
        wait_transaction_status: ProtocolTransactionStatus = ProtocolTransactionStatus.ACCEPTED,
        wait_triggered_transactions: bool = False,
        wait_triggered_transactions_status: ProtocolTransactionStatus = ProtocolTransactionStatus.ACCEPTED,
        transaction_context: Optional[TransactionContext] = None,
    ) -> GenLayerTransaction:
        """
        Deploy the contract and return the transaction receipt.
        """
        general_config = get_general_config()
        actual_wait_interval = (
            wait_interval
            if wait_interval is not None
            else general_config.get_default_wait_interval()
        )
        actual_wait_retries = (
            wait_retries
            if wait_retries is not None
            else general_config.get_default_wait_retries()
        )
        leader_only = (
            general_config.get_leader_only()
            if general_config.check_studio_based_rpc()
            else False
        )
    
        client = get_gl_client()
        try:
            sim_config = None
            if transaction_context:
                try:
                    sim_config = SimConfig(**transaction_context)
                except TypeError as e:
                    raise ValueError(
                        f"Invalid transaction_context keys: {sorted(transaction_context.keys())}"
                    ) from e
>           tx_hash = client.deploy_contract(
                code=self.contract_code,
                args=args,
                account=account,
                consensus_max_rotations=consensus_max_rotations,
                leader_only=leader_only,
                **_fee_kwargs(client.deploy_contract, fees, fee_value),
                sim_config=sim_config,
            )

../../usr/lib/python3.13/site-packages/gltest/contracts/contract_factory.py:214: 
_ _ _ _ _ _ _ _ _ _ _ _ _ _ _ _ _ _ _ _ _ _ _ _ _ _ _ _ _ _ _ _ _ _ _ _ _ _ _ _ 
../../usr/lib/python3.13/site-packages/genlayer_py/client/genlayer_client.py:232: in deploy_contract
    return deploy_contract(
../../usr/lib/python3.13/site-packages/genlayer_py/contracts/actions.py:217: in deploy_contract
    return _send_transaction(
_ _ _ _ _ _ _ _ _ _ _ _ _ _ _ _ _ _ _ _ _ _ _ _ _ _ _ _ _ _ _ _ _ _ _ _ _ _ _ _ 

self = <genlayer_py.client.genlayer_client.GenLayerClient object at 0x7bdf62bcb0>
encoded_data = '0x27241a99000000000000000000000000970804a50ba102a3018a282aeb97b8b5ea268feb0000000000000000000000000000000000000000000...22220a202020202020202072657475726e207374722873656c662e62616c616e6365290a0680000000000000000000000000000000000000000000'
sender_account = <eth_account.signers.local.LocalAccount object at 0x7bdf49fed0>
value = 0, sim_config = None

    def _send_transaction(
        self: GenLayerClient,
        encoded_data: HexStr,
        sender_account: Optional[LocalAccount] = None,
        value: int = 0,
        sim_config: Optional[SimConfig] = None,
    ):
        if sender_account is None:
            raise GenLayerError(
                "No account set. Configure the client with an account or pass an account to this function."
            )
    
        if self.chain.consensus_main_contract is None:
            raise GenLayerError(
                f'Consensus main contract address not found in chain config for "{self.chain.name}".',
            )
    
        try:
            transaction = _prepare_transaction(
                self=self,
                sender=sender_account.address,
                recipient=self.chain.consensus_main_contract["address"],
                data=encoded_data,
                value=value,
            )
            signed_transaction = sender_account.sign_transaction(transaction)
            serialized_transaction = self.w3.to_hex(signed_transaction.raw_transaction)
            params = [serialized_transaction]
            if sim_config is not None:
                params.append(sim_config)
            tx_hash = self.provider.make_request(
                method="eth_sendRawTransaction", params=params
            )["result"]
        except Exception as exc:
            raise GenLayerError(f"Transaction failed: {_format_rpc_error(exc)}") from exc
        tx_receipt = self.w3.eth.wait_for_transaction_receipt(tx_hash)
    
        if tx_receipt.status != 1:
            reason = _receipt_revert_reason(self, tx_hash)
            suffix = f" {reason}" if reason else ""
>           raise GenLayerError(
                f"Transaction reverted: EVM tx {tx_hash} to consensus contract "
                f"{self.chain.consensus_main_contract['address']} was reverted.{suffix}"
            )
E           genlayer_py.exceptions.GenLayerError: Transaction reverted: EVM tx 0xa7911a88fbe74e258e71390c05755dbf625c584528542e33dd8111d349d845df to consensus contract 0xb7278A61aa25c888815aFC32Ad3cC52fF24fE575 was reverted. FeesDistributionMissing

../../usr/lib/python3.13/site-packages/genlayer_py/contracts/actions.py:1319: GenLayerError

The above exception was the direct cause of the following exception:

    @pytest.fixture
    def arbiter():
        factory = get_contract_factory("Arbiter")
>       return factory.deploy()
               ^^^^^^^^^^^^^^^^

tests/test_arbiter_smoke.py:9: 
_ _ _ _ _ _ _ _ _ _ _ _ _ _ _ _ _ _ _ _ _ _ _ _ _ _ _ _ _ _ _ _ _ _ _ _ _ _ _ _ 
../../usr/lib/python3.13/site-packages/gltest/contracts/contract_factory.py:148: in deploy
    receipt = self.deploy_contract_tx(
_ _ _ _ _ _ _ _ _ _ _ _ _ _ _ _ _ _ _ _ _ _ _ _ _ _ _ _ _ _ _ _ _ _ _ _ _ _ _ _ 

self = ContractFactory(contract_name='Arbiter', contract_code='# { "Depends": "py-genlayer:1jb45aa8ynh2a9c9xn3b7qqh8sm5q93hwf... finalize /\n        recovery to verify that value actually left the contract."""\n        return str(self.balance)\n')
args = None, account = None, consensus_max_rotations = None, fees = None
fee_value = None, wait_until = None, wait_interval = None, wait_retries = None
wait_transaction_status = <ProtocolTransactionStatus.ACCEPTED: 'Accepted'>
wait_triggered_transactions = False
wait_triggered_transactions_status = <ProtocolTransactionStatus.ACCEPTED: 'Accepted'>
transaction_context = None

    def deploy_contract_tx(
        self,
        args: Optional[List[CalldataEncodable]] = None,
        account: Optional[LocalAccount] = None,
        consensus_max_rotations: Optional[int] = None,
        fees: Optional[Dict[str, Any]] = None,
        fee_value: Optional[int] = None,
        wait_until: Optional[Literal["decided", "finalized"]] = None,
        wait_interval: Optional[int] = None,
        wait_retries: Optional[int] = None,
        wait_transaction_status: ProtocolTransactionStatus = ProtocolTransactionStatus.ACCEPTED,
        wait_triggered_transactions: bool = False,
        wait_triggered_transactions_status: ProtocolTransactionStatus = ProtocolTransactionStatus.ACCEPTED,
        transaction_context: Optional[TransactionContext] = None,
    ) -> GenLayerTransaction:
        """
        Deploy the contract and return the transaction receipt.
        """
        general_config = get_general_config()
        actual_wait_interval = (
            wait_interval
            if wait_interval is not None
            else general_config.get_default_wait_interval()
        )
        actual_wait_retries = (
            wait_retries
            if wait_retries is not None
            else general_config.get_default_wait_retries()
        )
        leader_only = (
            general_config.get_leader_only()
            if general_config.check_studio_based_rpc()
            else False
        )
    
        client = get_gl_client()
        try:
            sim_config = None
            if transaction_context:
                try:
                    sim_config = SimConfig(**transaction_context)
                except TypeError as e:
                    raise ValueError(
                        f"Invalid transaction_context keys: {sorted(transaction_context.keys())}"
                    ) from e
            tx_hash = client.deploy_contract(
                code=self.contract_code,
                args=args,
                account=account,
                consensus_max_rotations=consensus_max_rotations,
                leader_only=leader_only,
                **_fee_kwargs(client.deploy_contract, fees, fee_value),
                sim_config=sim_config,
            )
            tx_receipt = wait_for_transaction_receipt(
                client,
                transaction_hash=tx_hash,
                wait_until=wait_until
                or wait_until_from_status(wait_transaction_status),
                interval=actual_wait_interval,
                retries=actual_wait_retries,
            )
            maybe_record_fee_observation(kind="deploy", receipt=tx_receipt)
            if wait_triggered_transactions:
                triggered_transactions = tx_receipt.get("triggered_transactions", [])
                for triggered_transaction in triggered_transactions:
                    wait_for_transaction_receipt(
                        client,
                        transaction_hash=triggered_transaction,
                        wait_until=wait_until_from_status(
                            wait_triggered_transactions_status
                        ),
                        interval=actual_wait_interval,
                        retries=actual_wait_retries,
                    )
            return tx_receipt
        except Exception as e:
>           raise DeploymentError(
                f"Failed to deploy contract {self.contract_name}: {str(e)}"
            ) from e
E           gltest.exceptions.DeploymentError: Failed to deploy contract Arbiter: Transaction reverted: EVM tx 0xa7911a88fbe74e258e71390c05755dbf625c584528542e33dd8111d349d845df to consensus contract 0xb7278A61aa25c888815aFC32Ad3cC52fF24fE575 was reverted. FeesDistributionMissing

../../usr/lib/python3.13/site-packages/gltest/contracts/contract_factory.py:246: DeploymentError
______________________ ERROR at setup of test_dispute_job ______________________

self = ContractFactory(contract_name='Arbiter', contract_code='# { "Depends": "py-genlayer:1jb45aa8ynh2a9c9xn3b7qqh8sm5q93hwf... finalize /\n        recovery to verify that value actually left the contract."""\n        return str(self.balance)\n')
args = None, account = None, consensus_max_rotations = None, fees = None
fee_value = None, wait_until = None, wait_interval = None, wait_retries = None
wait_transaction_status = <ProtocolTransactionStatus.ACCEPTED: 'Accepted'>
wait_triggered_transactions = False
wait_triggered_transactions_status = <ProtocolTransactionStatus.ACCEPTED: 'Accepted'>
transaction_context = None

    def deploy_contract_tx(
        self,
        args: Optional[List[CalldataEncodable]] = None,
        account: Optional[LocalAccount] = None,
        consensus_max_rotations: Optional[int] = None,
        fees: Optional[Dict[str, Any]] = None,
        fee_value: Optional[int] = None,
        wait_until: Optional[Literal["decided", "finalized"]] = None,
        wait_interval: Optional[int] = None,
        wait_retries: Optional[int] = None,
        wait_transaction_status: ProtocolTransactionStatus = ProtocolTransactionStatus.ACCEPTED,
        wait_triggered_transactions: bool = False,
        wait_triggered_transactions_status: ProtocolTransactionStatus = ProtocolTransactionStatus.ACCEPTED,
        transaction_context: Optional[TransactionContext] = None,
    ) -> GenLayerTransaction:
        """
        Deploy the contract and return the transaction receipt.
        """
        general_config = get_general_config()
        actual_wait_interval = (
            wait_interval
            if wait_interval is not None
            else general_config.get_default_wait_interval()
        )
        actual_wait_retries = (
            wait_retries
            if wait_retries is not None
            else general_config.get_default_wait_retries()
        )
        leader_only = (
            general_config.get_leader_only()
            if general_config.check_studio_based_rpc()
            else False
        )
    
        client = get_gl_client()
        try:
            sim_config = None
            if transaction_context:
                try:
                    sim_config = SimConfig(**transaction_context)
                except TypeError as e:
                    raise ValueError(
                        f"Invalid transaction_context keys: {sorted(transaction_context.keys())}"
                    ) from e
>           tx_hash = client.deploy_contract(
                code=self.contract_code,
                args=args,
                account=account,
                consensus_max_rotations=consensus_max_rotations,
                leader_only=leader_only,
                **_fee_kwargs(client.deploy_contract, fees, fee_value),
                sim_config=sim_config,
            )

../../usr/lib/python3.13/site-packages/gltest/contracts/contract_factory.py:214: 
_ _ _ _ _ _ _ _ _ _ _ _ _ _ _ _ _ _ _ _ _ _ _ _ _ _ _ _ _ _ _ _ _ _ _ _ _ _ _ _ 
../../usr/lib/python3.13/site-packages/genlayer_py/client/genlayer_client.py:232: in deploy_contract
    return deploy_contract(
../../usr/lib/python3.13/site-packages/genlayer_py/contracts/actions.py:217: in deploy_contract
    return _send_transaction(
_ _ _ _ _ _ _ _ _ _ _ _ _ _ _ _ _ _ _ _ _ _ _ _ _ _ _ _ _ _ _ _ _ _ _ _ _ _ _ _ 

self = <genlayer_py.client.genlayer_client.GenLayerClient object at 0x7bdf62bcb0>
encoded_data = '0x27241a99000000000000000000000000970804a50ba102a3018a282aeb97b8b5ea268feb0000000000000000000000000000000000000000000...22220a202020202020202072657475726e207374722873656c662e62616c616e6365290a0680000000000000000000000000000000000000000000'
sender_account = <eth_account.signers.local.LocalAccount object at 0x7bdf49fed0>
value = 0, sim_config = None

    def _send_transaction(
        self: GenLayerClient,
        encoded_data: HexStr,
        sender_account: Optional[LocalAccount] = None,
        value: int = 0,
        sim_config: Optional[SimConfig] = None,
    ):
        if sender_account is None:
            raise GenLayerError(
                "No account set. Configure the client with an account or pass an account to this function."
            )
    
        if self.chain.consensus_main_contract is None:
            raise GenLayerError(
                f'Consensus main contract address not found in chain config for "{self.chain.name}".',
            )
    
        try:
            transaction = _prepare_transaction(
                self=self,
                sender=sender_account.address,
                recipient=self.chain.consensus_main_contract["address"],
                data=encoded_data,
                value=value,
            )
            signed_transaction = sender_account.sign_transaction(transaction)
            serialized_transaction = self.w3.to_hex(signed_transaction.raw_transaction)
            params = [serialized_transaction]
            if sim_config is not None:
                params.append(sim_config)
            tx_hash = self.provider.make_request(
                method="eth_sendRawTransaction", params=params
            )["result"]
        except Exception as exc:
            raise GenLayerError(f"Transaction failed: {_format_rpc_error(exc)}") from exc
        tx_receipt = self.w3.eth.wait_for_transaction_receipt(tx_hash)
    
        if tx_receipt.status != 1:
            reason = _receipt_revert_reason(self, tx_hash)
            suffix = f" {reason}" if reason else ""
>           raise GenLayerError(
                f"Transaction reverted: EVM tx {tx_hash} to consensus contract "
                f"{self.chain.consensus_main_contract['address']} was reverted.{suffix}"
            )
E           genlayer_py.exceptions.GenLayerError: Transaction reverted: EVM tx 0xea99e077671d535f34343e0a39ea390d09a9c18ccb8bee828bceac503493c8cd to consensus contract 0xb7278A61aa25c888815aFC32Ad3cC52fF24fE575 was reverted. FeesDistributionMissing

../../usr/lib/python3.13/site-packages/genlayer_py/contracts/actions.py:1319: GenLayerError

The above exception was the direct cause of the following exception:

    @pytest.fixture
    def arbiter():
        factory = get_contract_factory("Arbiter")
>       return factory.deploy()
               ^^^^^^^^^^^^^^^^

tests/test_arbiter_smoke.py:9: 
_ _ _ _ _ _ _ _ _ _ _ _ _ _ _ _ _ _ _ _ _ _ _ _ _ _ _ _ _ _ _ _ _ _ _ _ _ _ _ _ 
../../usr/lib/python3.13/site-packages/gltest/contracts/contract_factory.py:148: in deploy
    receipt = self.deploy_contract_tx(
_ _ _ _ _ _ _ _ _ _ _ _ _ _ _ _ _ _ _ _ _ _ _ _ _ _ _ _ _ _ _ _ _ _ _ _ _ _ _ _ 

self = ContractFactory(contract_name='Arbiter', contract_code='# { "Depends": "py-genlayer:1jb45aa8ynh2a9c9xn3b7qqh8sm5q93hwf... finalize /\n        recovery to verify that value actually left the contract."""\n        return str(self.balance)\n')
args = None, account = None, consensus_max_rotations = None, fees = None
fee_value = None, wait_until = None, wait_interval = None, wait_retries = None
wait_transaction_status = <ProtocolTransactionStatus.ACCEPTED: 'Accepted'>
wait_triggered_transactions = False
wait_triggered_transactions_status = <ProtocolTransactionStatus.ACCEPTED: 'Accepted'>
transaction_context = None

    def deploy_contract_tx(
        self,
        args: Optional[List[CalldataEncodable]] = None,
        account: Optional[LocalAccount] = None,
        consensus_max_rotations: Optional[int] = None,
        fees: Optional[Dict[str, Any]] = None,
        fee_value: Optional[int] = None,
        wait_until: Optional[Literal["decided", "finalized"]] = None,
        wait_interval: Optional[int] = None,
        wait_retries: Optional[int] = None,
        wait_transaction_status: ProtocolTransactionStatus = ProtocolTransactionStatus.ACCEPTED,
        wait_triggered_transactions: bool = False,
        wait_triggered_transactions_status: ProtocolTransactionStatus = ProtocolTransactionStatus.ACCEPTED,
        transaction_context: Optional[TransactionContext] = None,
    ) -> GenLayerTransaction:
        """
        Deploy the contract and return the transaction receipt.
        """
        general_config = get_general_config()
        actual_wait_interval = (
            wait_interval
            if wait_interval is not None
            else general_config.get_default_wait_interval()
        )
        actual_wait_retries = (
            wait_retries
            if wait_retries is not None
            else general_config.get_default_wait_retries()
        )
        leader_only = (
            general_config.get_leader_only()
            if general_config.check_studio_based_rpc()
            else False
        )
    
        client = get_gl_client()
        try:
            sim_config = None
            if transaction_context:
                try:
                    sim_config = SimConfig(**transaction_context)
                except TypeError as e:
                    raise ValueError(
                        f"Invalid transaction_context keys: {sorted(transaction_context.keys())}"
                    ) from e
            tx_hash = client.deploy_contract(
                code=self.contract_code,
                args=args,
                account=account,
                consensus_max_rotations=consensus_max_rotations,
                leader_only=leader_only,
                **_fee_kwargs(client.deploy_contract, fees, fee_value),
                sim_config=sim_config,
            )
            tx_receipt = wait_for_transaction_receipt(
                client,
                transaction_hash=tx_hash,
                wait_until=wait_until
                or wait_until_from_status(wait_transaction_status),
                interval=actual_wait_interval,
                retries=actual_wait_retries,
            )
            maybe_record_fee_observation(kind="deploy", receipt=tx_receipt)
            if wait_triggered_transactions:
                triggered_transactions = tx_receipt.get("triggered_transactions", [])
                for triggered_transaction in triggered_transactions:
                    wait_for_transaction_receipt(
                        client,
                        transaction_hash=triggered_transaction,
                        wait_until=wait_until_from_status(
                            wait_triggered_transactions_status
                        ),
                        interval=actual_wait_interval,
                        retries=actual_wait_retries,
                    )
            return tx_receipt
        except Exception as e:
>           raise DeploymentError(
                f"Failed to deploy contract {self.contract_name}: {str(e)}"
            ) from e
E           gltest.exceptions.DeploymentError: Failed to deploy contract Arbiter: Transaction reverted: EVM tx 0xea99e077671d535f34343e0a39ea390d09a9c18ccb8bee828bceac503493c8cd to consensus contract 0xb7278A61aa25c888815aFC32Ad3cC52fF24fE575 was reverted. FeesDistributionMissing

../../usr/lib/python3.13/site-packages/gltest/contracts/contract_factory.py:246: DeploymentError
______________________ ERROR at setup of test_appeal_job _______________________

self = ContractFactory(contract_name='Arbiter', contract_code='# { "Depends": "py-genlayer:1jb45aa8ynh2a9c9xn3b7qqh8sm5q93hwf... finalize /\n        recovery to verify that value actually left the contract."""\n        return str(self.balance)\n')
args = None, account = None, consensus_max_rotations = None, fees = None
fee_value = None, wait_until = None, wait_interval = None, wait_retries = None
wait_transaction_status = <ProtocolTransactionStatus.ACCEPTED: 'Accepted'>
wait_triggered_transactions = False
wait_triggered_transactions_status = <ProtocolTransactionStatus.ACCEPTED: 'Accepted'>
transaction_context = None

    def deploy_contract_tx(
        self,
        args: Optional[List[CalldataEncodable]] = None,
        account: Optional[LocalAccount] = None,
        consensus_max_rotations: Optional[int] = None,
        fees: Optional[Dict[str, Any]] = None,
        fee_value: Optional[int] = None,
        wait_until: Optional[Literal["decided", "finalized"]] = None,
        wait_interval: Optional[int] = None,
        wait_retries: Optional[int] = None,
        wait_transaction_status: ProtocolTransactionStatus = ProtocolTransactionStatus.ACCEPTED,
        wait_triggered_transactions: bool = False,
        wait_triggered_transactions_status: ProtocolTransactionStatus = ProtocolTransactionStatus.ACCEPTED,
        transaction_context: Optional[TransactionContext] = None,
    ) -> GenLayerTransaction:
        """
        Deploy the contract and return the transaction receipt.
        """
        general_config = get_general_config()
        actual_wait_interval = (
            wait_interval
            if wait_interval is not None
            else general_config.get_default_wait_interval()
        )
        actual_wait_retries = (
            wait_retries
            if wait_retries is not None
            else general_config.get_default_wait_retries()
        )
        leader_only = (
            general_config.get_leader_only()
            if general_config.check_studio_based_rpc()
            else False
        )
    
        client = get_gl_client()
        try:
            sim_config = None
            if transaction_context:
                try:
                    sim_config = SimConfig(**transaction_context)
                except TypeError as e:
                    raise ValueError(
                        f"Invalid transaction_context keys: {sorted(transaction_context.keys())}"
                    ) from e
>           tx_hash = client.deploy_contract(
                code=self.contract_code,
                args=args,
                account=account,
                consensus_max_rotations=consensus_max_rotations,
                leader_only=leader_only,
                **_fee_kwargs(client.deploy_contract, fees, fee_value),
                sim_config=sim_config,
            )

../../usr/lib/python3.13/site-packages/gltest/contracts/contract_factory.py:214: 
_ _ _ _ _ _ _ _ _ _ _ _ _ _ _ _ _ _ _ _ _ _ _ _ _ _ _ _ _ _ _ _ _ _ _ _ _ _ _ _ 
../../usr/lib/python3.13/site-packages/genlayer_py/client/genlayer_client.py:232: in deploy_contract
    return deploy_contract(
../../usr/lib/python3.13/site-packages/genlayer_py/contracts/actions.py:217: in deploy_contract
    return _send_transaction(
_ _ _ _ _ _ _ _ _ _ _ _ _ _ _ _ _ _ _ _ _ _ _ _ _ _ _ _ _ _ _ _ _ _ _ _ _ _ _ _ 

self = <genlayer_py.client.genlayer_client.GenLayerClient object at 0x7bdf62bcb0>
encoded_data = '0x27241a99000000000000000000000000970804a50ba102a3018a282aeb97b8b5ea268feb0000000000000000000000000000000000000000000...22220a202020202020202072657475726e207374722873656c662e62616c616e6365290a0680000000000000000000000000000000000000000000'
sender_account = <eth_account.signers.local.LocalAccount object at 0x7bdf49fed0>
value = 0, sim_config = None

    def _send_transaction(
        self: GenLayerClient,
        encoded_data: HexStr,
        sender_account: Optional[LocalAccount] = None,
        value: int = 0,
        sim_config: Optional[SimConfig] = None,
    ):
        if sender_account is None:
            raise GenLayerError(
                "No account set. Configure the client with an account or pass an account to this function."
            )
    
        if self.chain.consensus_main_contract is None:
            raise GenLayerError(
                f'Consensus main contract address not found in chain config for "{self.chain.name}".',
            )
    
        try:
            transaction = _prepare_transaction(
                self=self,
                sender=sender_account.address,
                recipient=self.chain.consensus_main_contract["address"],
                data=encoded_data,
                value=value,
            )
            signed_transaction = sender_account.sign_transaction(transaction)
            serialized_transaction = self.w3.to_hex(signed_transaction.raw_transaction)
            params = [serialized_transaction]
            if sim_config is not None:
                params.append(sim_config)
            tx_hash = self.provider.make_request(
                method="eth_sendRawTransaction", params=params
            )["result"]
        except Exception as exc:
            raise GenLayerError(f"Transaction failed: {_format_rpc_error(exc)}") from exc
        tx_receipt = self.w3.eth.wait_for_transaction_receipt(tx_hash)
    
        if tx_receipt.status != 1:
            reason = _receipt_revert_reason(self, tx_hash)
            suffix = f" {reason}" if reason else ""
>           raise GenLayerError(
                f"Transaction reverted: EVM tx {tx_hash} to consensus contract "
                f"{self.chain.consensus_main_contract['address']} was reverted.{suffix}"
            )
E           genlayer_py.exceptions.GenLayerError: Transaction reverted: EVM tx 0x483920fd624620a2a2f4b1023673aea4f5bd3fa5eb5f77fde9db63af3ce3af59 to consensus contract 0xb7278A61aa25c888815aFC32Ad3cC52fF24fE575 was reverted. FeesDistributionMissing

../../usr/lib/python3.13/site-packages/genlayer_py/contracts/actions.py:1319: GenLayerError

The above exception was the direct cause of the following exception:

    @pytest.fixture
    def arbiter():
        factory = get_contract_factory("Arbiter")
>       return factory.deploy()
               ^^^^^^^^^^^^^^^^

tests/test_arbiter_smoke.py:9: 
_ _ _ _ _ _ _ _ _ _ _ _ _ _ _ _ _ _ _ _ _ _ _ _ _ _ _ _ _ _ _ _ _ _ _ _ _ _ _ _ 
../../usr/lib/python3.13/site-packages/gltest/contracts/contract_factory.py:148: in deploy
    receipt = self.deploy_contract_tx(
_ _ _ _ _ _ _ _ _ _ _ _ _ _ _ _ _ _ _ _ _ _ _ _ _ _ _ _ _ _ _ _ _ _ _ _ _ _ _ _ 

self = ContractFactory(contract_name='Arbiter', contract_code='# { "Depends": "py-genlayer:1jb45aa8ynh2a9c9xn3b7qqh8sm5q93hwf... finalize /\n        recovery to verify that value actually left the contract."""\n        return str(self.balance)\n')
args = None, account = None, consensus_max_rotations = None, fees = None
fee_value = None, wait_until = None, wait_interval = None, wait_retries = None
wait_transaction_status = <ProtocolTransactionStatus.ACCEPTED: 'Accepted'>
wait_triggered_transactions = False
wait_triggered_transactions_status = <ProtocolTransactionStatus.ACCEPTED: 'Accepted'>
transaction_context = None

    def deploy_contract_tx(
        self,
        args: Optional[List[CalldataEncodable]] = None,
        account: Optional[LocalAccount] = None,
        consensus_max_rotations: Optional[int] = None,
        fees: Optional[Dict[str, Any]] = None,
        fee_value: Optional[int] = None,
        wait_until: Optional[Literal["decided", "finalized"]] = None,
        wait_interval: Optional[int] = None,
        wait_retries: Optional[int] = None,
        wait_transaction_status: ProtocolTransactionStatus = ProtocolTransactionStatus.ACCEPTED,
        wait_triggered_transactions: bool = False,
        wait_triggered_transactions_status: ProtocolTransactionStatus = ProtocolTransactionStatus.ACCEPTED,
        transaction_context: Optional[TransactionContext] = None,
    ) -> GenLayerTransaction:
        """
        Deploy the contract and return the transaction receipt.
        """
        general_config = get_general_config()
        actual_wait_interval = (
            wait_interval
            if wait_interval is not None
            else general_config.get_default_wait_interval()
        )
        actual_wait_retries = (
            wait_retries
            if wait_retries is not None
            else general_config.get_default_wait_retries()
        )
        leader_only = (
            general_config.get_leader_only()
            if general_config.check_studio_based_rpc()
            else False
        )
    
        client = get_gl_client()
        try:
            sim_config = None
            if transaction_context:
                try:
                    sim_config = SimConfig(**transaction_context)
                except TypeError as e:
                    raise ValueError(
                        f"Invalid transaction_context keys: {sorted(transaction_context.keys())}"
                    ) from e
            tx_hash = client.deploy_contract(
                code=self.contract_code,
                args=args,
                account=account,
                consensus_max_rotations=consensus_max_rotations,
                leader_only=leader_only,
                **_fee_kwargs(client.deploy_contract, fees, fee_value),
                sim_config=sim_config,
            )
            tx_receipt = wait_for_transaction_receipt(
                client,
                transaction_hash=tx_hash,
                wait_until=wait_until
                or wait_until_from_status(wait_transaction_status),
                interval=actual_wait_interval,
                retries=actual_wait_retries,
            )
            maybe_record_fee_observation(kind="deploy", receipt=tx_receipt)
            if wait_triggered_transactions:
                triggered_transactions = tx_receipt.get("triggered_transactions", [])
                for triggered_transaction in triggered_transactions:
                    wait_for_transaction_receipt(
                        client,
                        transaction_hash=triggered_transaction,
                        wait_until=wait_until_from_status(
                            wait_triggered_transactions_status
                        ),
                        interval=actual_wait_interval,
                        retries=actual_wait_retries,
                    )
            return tx_receipt
        except Exception as e:
>           raise DeploymentError(
                f"Failed to deploy contract {self.contract_name}: {str(e)}"
            ) from e
E           gltest.exceptions.DeploymentError: Failed to deploy contract Arbiter: Transaction reverted: EVM tx 0x483920fd624620a2a2f4b1023673aea4f5bd3fa5eb5f77fde9db63af3ce3af59 to consensus contract 0xb7278A61aa25c888815aFC32Ad3cC52fF24fE575 was reverted. FeesDistributionMissing

../../usr/lib/python3.13/site-packages/gltest/contracts/contract_factory.py:246: DeploymentError
_____________ ERROR at setup of test_unavailable_evidence_recovery _____________

self = ContractFactory(contract_name='Arbiter', contract_code='# { "Depends": "py-genlayer:1jb45aa8ynh2a9c9xn3b7qqh8sm5q93hwf... finalize /\n        recovery to verify that value actually left the contract."""\n        return str(self.balance)\n')
args = None, account = None, consensus_max_rotations = None, fees = None
fee_value = None, wait_until = None, wait_interval = None, wait_retries = None
wait_transaction_status = <ProtocolTransactionStatus.ACCEPTED: 'Accepted'>
wait_triggered_transactions = False
wait_triggered_transactions_status = <ProtocolTransactionStatus.ACCEPTED: 'Accepted'>
transaction_context = None

    def deploy_contract_tx(
        self,
        args: Optional[List[CalldataEncodable]] = None,
        account: Optional[LocalAccount] = None,
        consensus_max_rotations: Optional[int] = None,
        fees: Optional[Dict[str, Any]] = None,
        fee_value: Optional[int] = None,
        wait_until: Optional[Literal["decided", "finalized"]] = None,
        wait_interval: Optional[int] = None,
        wait_retries: Optional[int] = None,
        wait_transaction_status: ProtocolTransactionStatus = ProtocolTransactionStatus.ACCEPTED,
        wait_triggered_transactions: bool = False,
        wait_triggered_transactions_status: ProtocolTransactionStatus = ProtocolTransactionStatus.ACCEPTED,
        transaction_context: Optional[TransactionContext] = None,
    ) -> GenLayerTransaction:
        """
        Deploy the contract and return the transaction receipt.
        """
        general_config = get_general_config()
        actual_wait_interval = (
            wait_interval
            if wait_interval is not None
            else general_config.get_default_wait_interval()
        )
        actual_wait_retries = (
            wait_retries
            if wait_retries is not None
            else general_config.get_default_wait_retries()
        )
        leader_only = (
            general_config.get_leader_only()
            if general_config.check_studio_based_rpc()
            else False
        )
    
        client = get_gl_client()
        try:
            sim_config = None
            if transaction_context:
                try:
                    sim_config = SimConfig(**transaction_context)
                except TypeError as e:
                    raise ValueError(
                        f"Invalid transaction_context keys: {sorted(transaction_context.keys())}"
                    ) from e
>           tx_hash = client.deploy_contract(
                code=self.contract_code,
                args=args,
                account=account,
                consensus_max_rotations=consensus_max_rotations,
                leader_only=leader_only,
                **_fee_kwargs(client.deploy_contract, fees, fee_value),
                sim_config=sim_config,
            )

../../usr/lib/python3.13/site-packages/gltest/contracts/contract_factory.py:214: 
_ _ _ _ _ _ _ _ _ _ _ _ _ _ _ _ _ _ _ _ _ _ _ _ _ _ _ _ _ _ _ _ _ _ _ _ _ _ _ _ 
../../usr/lib/python3.13/site-packages/genlayer_py/client/genlayer_client.py:232: in deploy_contract
    return deploy_contract(
../../usr/lib/python3.13/site-packages/genlayer_py/contracts/actions.py:217: in deploy_contract
    return _send_transaction(
_ _ _ _ _ _ _ _ _ _ _ _ _ _ _ _ _ _ _ _ _ _ _ _ _ _ _ _ _ _ _ _ _ _ _ _ _ _ _ _ 

self = <genlayer_py.client.genlayer_client.GenLayerClient object at 0x7bdf62bcb0>
encoded_data = '0x27241a99000000000000000000000000970804a50ba102a3018a282aeb97b8b5ea268feb0000000000000000000000000000000000000000000...22220a202020202020202072657475726e207374722873656c662e62616c616e6365290a0680000000000000000000000000000000000000000000'
sender_account = <eth_account.signers.local.LocalAccount object at 0x7bdf49fed0>
value = 0, sim_config = None

    def _send_transaction(
        self: GenLayerClient,
        encoded_data: HexStr,
        sender_account: Optional[LocalAccount] = None,
        value: int = 0,
        sim_config: Optional[SimConfig] = None,
    ):
        if sender_account is None:
            raise GenLayerError(
                "No account set. Configure the client with an account or pass an account to this function."
            )
    
        if self.chain.consensus_main_contract is None:
            raise GenLayerError(
                f'Consensus main contract address not found in chain config for "{self.chain.name}".',
            )
    
        try:
            transaction = _prepare_transaction(
                self=self,
                sender=sender_account.address,
                recipient=self.chain.consensus_main_contract["address"],
                data=encoded_data,
                value=value,
            )
            signed_transaction = sender_account.sign_transaction(transaction)
            serialized_transaction = self.w3.to_hex(signed_transaction.raw_transaction)
            params = [serialized_transaction]
            if sim_config is not None:
                params.append(sim_config)
            tx_hash = self.provider.make_request(
                method="eth_sendRawTransaction", params=params
            )["result"]
        except Exception as exc:
            raise GenLayerError(f"Transaction failed: {_format_rpc_error(exc)}") from exc
        tx_receipt = self.w3.eth.wait_for_transaction_receipt(tx_hash)
    
        if tx_receipt.status != 1:
            reason = _receipt_revert_reason(self, tx_hash)
            suffix = f" {reason}" if reason else ""
>           raise GenLayerError(
                f"Transaction reverted: EVM tx {tx_hash} to consensus contract "
                f"{self.chain.consensus_main_contract['address']} was reverted.{suffix}"
            )
E           genlayer_py.exceptions.GenLayerError: Transaction reverted: EVM tx 0x5acb734176c44fe9ed70567b4a9d2e788641e2d132358cbe68ca7b47852595fc to consensus contract 0xb7278A61aa25c888815aFC32Ad3cC52fF24fE575 was reverted. FeesDistributionMissing

../../usr/lib/python3.13/site-packages/genlayer_py/contracts/actions.py:1319: GenLayerError

The above exception was the direct cause of the following exception:

    @pytest.fixture
    def arbiter():
        factory = get_contract_factory("Arbiter")
>       return factory.deploy()
               ^^^^^^^^^^^^^^^^

tests/test_arbiter_smoke.py:9: 
_ _ _ _ _ _ _ _ _ _ _ _ _ _ _ _ _ _ _ _ _ _ _ _ _ _ _ _ _ _ _ _ _ _ _ _ _ _ _ _ 
../../usr/lib/python3.13/site-packages/gltest/contracts/contract_factory.py:148: in deploy
    receipt = self.deploy_contract_tx(
_ _ _ _ _ _ _ _ _ _ _ _ _ _ _ _ _ _ _ _ _ _ _ _ _ _ _ _ _ _ _ _ _ _ _ _ _ _ _ _ 

self = ContractFactory(contract_name='Arbiter', contract_code='# { "Depends": "py-genlayer:1jb45aa8ynh2a9c9xn3b7qqh8sm5q93hwf... finalize /\n        recovery to verify that value actually left the contract."""\n        return str(self.balance)\n')
args = None, account = None, consensus_max_rotations = None, fees = None
fee_value = None, wait_until = None, wait_interval = None, wait_retries = None
wait_transaction_status = <ProtocolTransactionStatus.ACCEPTED: 'Accepted'>
wait_triggered_transactions = False
wait_triggered_transactions_status = <ProtocolTransactionStatus.ACCEPTED: 'Accepted'>
transaction_context = None

    def deploy_contract_tx(
        self,
        args: Optional[List[CalldataEncodable]] = None,
        account: Optional[LocalAccount] = None,
        consensus_max_rotations: Optional[int] = None,
        fees: Optional[Dict[str, Any]] = None,
        fee_value: Optional[int] = None,
        wait_until: Optional[Literal["decided", "finalized"]] = None,
        wait_interval: Optional[int] = None,
        wait_retries: Optional[int] = None,
        wait_transaction_status: ProtocolTransactionStatus = ProtocolTransactionStatus.ACCEPTED,
        wait_triggered_transactions: bool = False,
        wait_triggered_transactions_status: ProtocolTransactionStatus = ProtocolTransactionStatus.ACCEPTED,
        transaction_context: Optional[TransactionContext] = None,
    ) -> GenLayerTransaction:
        """
        Deploy the contract and return the transaction receipt.
        """
        general_config = get_general_config()
        actual_wait_interval = (
            wait_interval
            if wait_interval is not None
            else general_config.get_default_wait_interval()
        )
        actual_wait_retries = (
            wait_retries
            if wait_retries is not None
            else general_config.get_default_wait_retries()
        )
        leader_only = (
            general_config.get_leader_only()
            if general_config.check_studio_based_rpc()
            else False
        )
    
        client = get_gl_client()
        try:
            sim_config = None
            if transaction_context:
                try:
                    sim_config = SimConfig(**transaction_context)
                except TypeError as e:
                    raise ValueError(
                        f"Invalid transaction_context keys: {sorted(transaction_context.keys())}"
                    ) from e
            tx_hash = client.deploy_contract(
                code=self.contract_code,
                args=args,
                account=account,
                consensus_max_rotations=consensus_max_rotations,
                leader_only=leader_only,
                **_fee_kwargs(client.deploy_contract, fees, fee_value),
                sim_config=sim_config,
            )
            tx_receipt = wait_for_transaction_receipt(
                client,
                transaction_hash=tx_hash,
                wait_until=wait_until
                or wait_until_from_status(wait_transaction_status),
                interval=actual_wait_interval,
                retries=actual_wait_retries,
            )
            maybe_record_fee_observation(kind="deploy", receipt=tx_receipt)
            if wait_triggered_transactions:
                triggered_transactions = tx_receipt.get("triggered_transactions", [])
                for triggered_transaction in triggered_transactions:
                    wait_for_transaction_receipt(
                        client,
                        transaction_hash=triggered_transaction,
                        wait_until=wait_until_from_status(
                            wait_triggered_transactions_status
                        ),
                        interval=actual_wait_interval,
                        retries=actual_wait_retries,
                    )
            return tx_receipt
        except Exception as e:
>           raise DeploymentError(
                f"Failed to deploy contract {self.contract_name}: {str(e)}"
            ) from e
E           gltest.exceptions.DeploymentError: Failed to deploy contract Arbiter: Transaction reverted: EVM tx 0x5acb734176c44fe9ed70567b4a9d2e788641e2d132358cbe68ca7b47852595fc to consensus contract 0xb7278A61aa25c888815aFC32Ad3cC52fF24fE575 was reverted. FeesDistributionMissing

../../usr/lib/python3.13/site-packages/gltest/contracts/contract_factory.py:246: DeploymentError
_________________ ERROR at setup of test_create_milestone_job __________________

self = ContractFactory(contract_name='Arbiter', contract_code='# { "Depends": "py-genlayer:1jb45aa8ynh2a9c9xn3b7qqh8sm5q93hwf... finalize /\n        recovery to verify that value actually left the contract."""\n        return str(self.balance)\n')
args = None, account = None, consensus_max_rotations = None, fees = None
fee_value = None, wait_until = None, wait_interval = None, wait_retries = None
wait_transaction_status = <ProtocolTransactionStatus.ACCEPTED: 'Accepted'>
wait_triggered_transactions = False
wait_triggered_transactions_status = <ProtocolTransactionStatus.ACCEPTED: 'Accepted'>
transaction_context = None

    def deploy_contract_tx(
        self,
        args: Optional[List[CalldataEncodable]] = None,
        account: Optional[LocalAccount] = None,
        consensus_max_rotations: Optional[int] = None,
        fees: Optional[Dict[str, Any]] = None,
        fee_value: Optional[int] = None,
        wait_until: Optional[Literal["decided", "finalized"]] = None,
        wait_interval: Optional[int] = None,
        wait_retries: Optional[int] = None,
        wait_transaction_status: ProtocolTransactionStatus = ProtocolTransactionStatus.ACCEPTED,
        wait_triggered_transactions: bool = False,
        wait_triggered_transactions_status: ProtocolTransactionStatus = ProtocolTransactionStatus.ACCEPTED,
        transaction_context: Optional[TransactionContext] = None,
    ) -> GenLayerTransaction:
        """
        Deploy the contract and return the transaction receipt.
        """
        general_config = get_general_config()
        actual_wait_interval = (
            wait_interval
            if wait_interval is not None
            else general_config.get_default_wait_interval()
        )
        actual_wait_retries = (
            wait_retries
            if wait_retries is not None
            else general_config.get_default_wait_retries()
        )
        leader_only = (
            general_config.get_leader_only()
            if general_config.check_studio_based_rpc()
            else False
        )
    
        client = get_gl_client()
        try:
            sim_config = None
            if transaction_context:
                try:
                    sim_config = SimConfig(**transaction_context)
                except TypeError as e:
                    raise ValueError(
                        f"Invalid transaction_context keys: {sorted(transaction_context.keys())}"
                    ) from e
>           tx_hash = client.deploy_contract(
                code=self.contract_code,
                args=args,
                account=account,
                consensus_max_rotations=consensus_max_rotations,
                leader_only=leader_only,
                **_fee_kwargs(client.deploy_contract, fees, fee_value),
                sim_config=sim_config,
            )

../../usr/lib/python3.13/site-packages/gltest/contracts/contract_factory.py:214: 
_ _ _ _ _ _ _ _ _ _ _ _ _ _ _ _ _ _ _ _ _ _ _ _ _ _ _ _ _ _ _ _ _ _ _ _ _ _ _ _ 
../../usr/lib/python3.13/site-packages/genlayer_py/client/genlayer_client.py:232: in deploy_contract
    return deploy_contract(
../../usr/lib/python3.13/site-packages/genlayer_py/contracts/actions.py:217: in deploy_contract
    return _send_transaction(
_ _ _ _ _ _ _ _ _ _ _ _ _ _ _ _ _ _ _ _ _ _ _ _ _ _ _ _ _ _ _ _ _ _ _ _ _ _ _ _ 

self = <genlayer_py.client.genlayer_client.GenLayerClient object at 0x7bdf62bcb0>
encoded_data = '0x27241a99000000000000000000000000970804a50ba102a3018a282aeb97b8b5ea268feb0000000000000000000000000000000000000000000...22220a202020202020202072657475726e207374722873656c662e62616c616e6365290a0680000000000000000000000000000000000000000000'
sender_account = <eth_account.signers.local.LocalAccount object at 0x7bdf49fed0>
value = 0, sim_config = None

    def _send_transaction(
        self: GenLayerClient,
        encoded_data: HexStr,
        sender_account: Optional[LocalAccount] = None,
        value: int = 0,
        sim_config: Optional[SimConfig] = None,
    ):
        if sender_account is None:
            raise GenLayerError(
                "No account set. Configure the client with an account or pass an account to this function."
            )
    
        if self.chain.consensus_main_contract is None:
            raise GenLayerError(
                f'Consensus main contract address not found in chain config for "{self.chain.name}".',
            )
    
        try:
            transaction = _prepare_transaction(
                self=self,
                sender=sender_account.address,
                recipient=self.chain.consensus_main_contract["address"],
                data=encoded_data,
                value=value,
            )
            signed_transaction = sender_account.sign_transaction(transaction)
            serialized_transaction = self.w3.to_hex(signed_transaction.raw_transaction)
            params = [serialized_transaction]
            if sim_config is not None:
                params.append(sim_config)
            tx_hash = self.provider.make_request(
                method="eth_sendRawTransaction", params=params
            )["result"]
        except Exception as exc:
            raise GenLayerError(f"Transaction failed: {_format_rpc_error(exc)}") from exc
        tx_receipt = self.w3.eth.wait_for_transaction_receipt(tx_hash)
    
        if tx_receipt.status != 1:
            reason = _receipt_revert_reason(self, tx_hash)
            suffix = f" {reason}" if reason else ""
>           raise GenLayerError(
                f"Transaction reverted: EVM tx {tx_hash} to consensus contract "
                f"{self.chain.consensus_main_contract['address']} was reverted.{suffix}"
            )
E           genlayer_py.exceptions.GenLayerError: Transaction reverted: EVM tx 0xf128564351a04acec16278d8e8deca06d3ad68fdf2093074a8e59ff271918ef6 to consensus contract 0xb7278A61aa25c888815aFC32Ad3cC52fF24fE575 was reverted. FeesDistributionMissing

../../usr/lib/python3.13/site-packages/genlayer_py/contracts/actions.py:1319: GenLayerError

The above exception was the direct cause of the following exception:

    @pytest.fixture
    def arbiter():
        factory = get_contract_factory("Arbiter")
>       return factory.deploy()
               ^^^^^^^^^^^^^^^^

tests/test_arbiter_smoke.py:9: 
_ _ _ _ _ _ _ _ _ _ _ _ _ _ _ _ _ _ _ _ _ _ _ _ _ _ _ _ _ _ _ _ _ _ _ _ _ _ _ _ 
../../usr/lib/python3.13/site-packages/gltest/contracts/contract_factory.py:148: in deploy
    receipt = self.deploy_contract_tx(
_ _ _ _ _ _ _ _ _ _ _ _ _ _ _ _ _ _ _ _ _ _ _ _ _ _ _ _ _ _ _ _ _ _ _ _ _ _ _ _ 

self = ContractFactory(contract_name='Arbiter', contract_code='# { "Depends": "py-genlayer:1jb45aa8ynh2a9c9xn3b7qqh8sm5q93hwf... finalize /\n        recovery to verify that value actually left the contract."""\n        return str(self.balance)\n')
args = None, account = None, consensus_max_rotations = None, fees = None
fee_value = None, wait_until = None, wait_interval = None, wait_retries = None
wait_transaction_status = <ProtocolTransactionStatus.ACCEPTED: 'Accepted'>
wait_triggered_transactions = False
wait_triggered_transactions_status = <ProtocolTransactionStatus.ACCEPTED: 'Accepted'>
transaction_context = None

    def deploy_contract_tx(
        self,
        args: Optional[List[CalldataEncodable]] = None,
        account: Optional[LocalAccount] = None,
        consensus_max_rotations: Optional[int] = None,
        fees: Optional[Dict[str, Any]] = None,
        fee_value: Optional[int] = None,
        wait_until: Optional[Literal["decided", "finalized"]] = None,
        wait_interval: Optional[int] = None,
        wait_retries: Optional[int] = None,
        wait_transaction_status: ProtocolTransactionStatus = ProtocolTransactionStatus.ACCEPTED,
        wait_triggered_transactions: bool = False,
        wait_triggered_transactions_status: ProtocolTransactionStatus = ProtocolTransactionStatus.ACCEPTED,
        transaction_context: Optional[TransactionContext] = None,
    ) -> GenLayerTransaction:
        """
        Deploy the contract and return the transaction receipt.
        """
        general_config = get_general_config()
        actual_wait_interval = (
            wait_interval
            if wait_interval is not None
            else general_config.get_default_wait_interval()
        )
        actual_wait_retries = (
            wait_retries
            if wait_retries is not None
            else general_config.get_default_wait_retries()
        )
        leader_only = (
            general_config.get_leader_only()
            if general_config.check_studio_based_rpc()
            else False
        )
    
        client = get_gl_client()
        try:
            sim_config = None
            if transaction_context:
                try:
                    sim_config = SimConfig(**transaction_context)
                except TypeError as e:
                    raise ValueError(
                        f"Invalid transaction_context keys: {sorted(transaction_context.keys())}"
                    ) from e
            tx_hash = client.deploy_contract(
                code=self.contract_code,
                args=args,
                account=account,
                consensus_max_rotations=consensus_max_rotations,
                leader_only=leader_only,
                **_fee_kwargs(client.deploy_contract, fees, fee_value),
                sim_config=sim_config,
            )
            tx_receipt = wait_for_transaction_receipt(
                client,
                transaction_hash=tx_hash,
                wait_until=wait_until
                or wait_until_from_status(wait_transaction_status),
                interval=actual_wait_interval,
                retries=actual_wait_retries,
            )
            maybe_record_fee_observation(kind="deploy", receipt=tx_receipt)
            if wait_triggered_transactions:
                triggered_transactions = tx_receipt.get("triggered_transactions", [])
                for triggered_transaction in triggered_transactions:
                    wait_for_transaction_receipt(
                        client,
                        transaction_hash=triggered_transaction,
                        wait_until=wait_until_from_status(
                            wait_triggered_transactions_status
                        ),
                        interval=actual_wait_interval,
                        retries=actual_wait_retries,
                    )
            return tx_receipt
        except Exception as e:
>           raise DeploymentError(
                f"Failed to deploy contract {self.contract_name}: {str(e)}"
            ) from e
E           gltest.exceptions.DeploymentError: Failed to deploy contract Arbiter: Transaction reverted: EVM tx 0xf128564351a04acec16278d8e8deca06d3ad68fdf2093074a8e59ff271918ef6 to consensus contract 0xb7278A61aa25c888815aFC32Ad3cC52fF24fE575 was reverted. FeesDistributionMissing

../../usr/lib/python3.13/site-packages/gltest/contracts/contract_factory.py:246: DeploymentError
_______ ERROR at setup of test_milestone_approval_and_parent_resolution ________

self = ContractFactory(contract_name='Arbiter', contract_code='# { "Depends": "py-genlayer:1jb45aa8ynh2a9c9xn3b7qqh8sm5q93hwf... finalize /\n        recovery to verify that value actually left the contract."""\n        return str(self.balance)\n')
args = None, account = None, consensus_max_rotations = None, fees = None
fee_value = None, wait_until = None, wait_interval = None, wait_retries = None
wait_transaction_status = <ProtocolTransactionStatus.ACCEPTED: 'Accepted'>
wait_triggered_transactions = False
wait_triggered_transactions_status = <ProtocolTransactionStatus.ACCEPTED: 'Accepted'>
transaction_context = None

    def deploy_contract_tx(
        self,
        args: Optional[List[CalldataEncodable]] = None,
        account: Optional[LocalAccount] = None,
        consensus_max_rotations: Optional[int] = None,
        fees: Optional[Dict[str, Any]] = None,
        fee_value: Optional[int] = None,
        wait_until: Optional[Literal["decided", "finalized"]] = None,
        wait_interval: Optional[int] = None,
        wait_retries: Optional[int] = None,
        wait_transaction_status: ProtocolTransactionStatus = ProtocolTransactionStatus.ACCEPTED,
        wait_triggered_transactions: bool = False,
        wait_triggered_transactions_status: ProtocolTransactionStatus = ProtocolTransactionStatus.ACCEPTED,
        transaction_context: Optional[TransactionContext] = None,
    ) -> GenLayerTransaction:
        """
        Deploy the contract and return the transaction receipt.
        """
        general_config = get_general_config()
        actual_wait_interval = (
            wait_interval
            if wait_interval is not None
            else general_config.get_default_wait_interval()
        )
        actual_wait_retries = (
            wait_retries
            if wait_retries is not None
            else general_config.get_default_wait_retries()
        )
        leader_only = (
            general_config.get_leader_only()
            if general_config.check_studio_based_rpc()
            else False
        )
    
        client = get_gl_client()
        try:
            sim_config = None
            if transaction_context:
                try:
                    sim_config = SimConfig(**transaction_context)
                except TypeError as e:
                    raise ValueError(
                        f"Invalid transaction_context keys: {sorted(transaction_context.keys())}"
                    ) from e
>           tx_hash = client.deploy_contract(
                code=self.contract_code,
                args=args,
                account=account,
                consensus_max_rotations=consensus_max_rotations,
                leader_only=leader_only,
                **_fee_kwargs(client.deploy_contract, fees, fee_value),
                sim_config=sim_config,
            )

../../usr/lib/python3.13/site-packages/gltest/contracts/contract_factory.py:214: 
_ _ _ _ _ _ _ _ _ _ _ _ _ _ _ _ _ _ _ _ _ _ _ _ _ _ _ _ _ _ _ _ _ _ _ _ _ _ _ _ 
../../usr/lib/python3.13/site-packages/genlayer_py/client/genlayer_client.py:232: in deploy_contract
    return deploy_contract(
../../usr/lib/python3.13/site-packages/genlayer_py/contracts/actions.py:217: in deploy_contract
    return _send_transaction(
_ _ _ _ _ _ _ _ _ _ _ _ _ _ _ _ _ _ _ _ _ _ _ _ _ _ _ _ _ _ _ _ _ _ _ _ _ _ _ _ 

self = <genlayer_py.client.genlayer_client.GenLayerClient object at 0x7bdf62bcb0>
encoded_data = '0x27241a99000000000000000000000000970804a50ba102a3018a282aeb97b8b5ea268feb0000000000000000000000000000000000000000000...22220a202020202020202072657475726e207374722873656c662e62616c616e6365290a0680000000000000000000000000000000000000000000'
sender_account = <eth_account.signers.local.LocalAccount object at 0x7bdf49fed0>
value = 0, sim_config = None

    def _send_transaction(
        self: GenLayerClient,
        encoded_data: HexStr,
        sender_account: Optional[LocalAccount] = None,
        value: int = 0,
        sim_config: Optional[SimConfig] = None,
    ):
        if sender_account is None:
            raise GenLayerError(
                "No account set. Configure the client with an account or pass an account to this function."
            )
    
        if self.chain.consensus_main_contract is None:
            raise GenLayerError(
                f'Consensus main contract address not found in chain config for "{self.chain.name}".',
            )
    
        try:
            transaction = _prepare_transaction(
                self=self,
                sender=sender_account.address,
                recipient=self.chain.consensus_main_contract["address"],
                data=encoded_data,
                value=value,
            )
            signed_transaction = sender_account.sign_transaction(transaction)
            serialized_transaction = self.w3.to_hex(signed_transaction.raw_transaction)
            params = [serialized_transaction]
            if sim_config is not None:
                params.append(sim_config)
            tx_hash = self.provider.make_request(
                method="eth_sendRawTransaction", params=params
            )["result"]
        except Exception as exc:
            raise GenLayerError(f"Transaction failed: {_format_rpc_error(exc)}") from exc
        tx_receipt = self.w3.eth.wait_for_transaction_receipt(tx_hash)
    
        if tx_receipt.status != 1:
            reason = _receipt_revert_reason(self, tx_hash)
            suffix = f" {reason}" if reason else ""
>           raise GenLayerError(
                f"Transaction reverted: EVM tx {tx_hash} to consensus contract "
                f"{self.chain.consensus_main_contract['address']} was reverted.{suffix}"
            )
E           genlayer_py.exceptions.GenLayerError: Transaction reverted: EVM tx 0xf3938b3a96b7e53a95e48dfd554d361d681128d01acbc7c7618ff4fa83dbbdc8 to consensus contract 0xb7278A61aa25c888815aFC32Ad3cC52fF24fE575 was reverted. FeesDistributionMissing

../../usr/lib/python3.13/site-packages/genlayer_py/contracts/actions.py:1319: GenLayerError

The above exception was the direct cause of the following exception:

    @pytest.fixture
    def arbiter():
        factory = get_contract_factory("Arbiter")
>       return factory.deploy()
               ^^^^^^^^^^^^^^^^

tests/test_arbiter_smoke.py:9: 
_ _ _ _ _ _ _ _ _ _ _ _ _ _ _ _ _ _ _ _ _ _ _ _ _ _ _ _ _ _ _ _ _ _ _ _ _ _ _ _ 
../../usr/lib/python3.13/site-packages/gltest/contracts/contract_factory.py:148: in deploy
    receipt = self.deploy_contract_tx(
_ _ _ _ _ _ _ _ _ _ _ _ _ _ _ _ _ _ _ _ _ _ _ _ _ _ _ _ _ _ _ _ _ _ _ _ _ _ _ _ 

self = ContractFactory(contract_name='Arbiter', contract_code='# { "Depends": "py-genlayer:1jb45aa8ynh2a9c9xn3b7qqh8sm5q93hwf... finalize /\n        recovery to verify that value actually left the contract."""\n        return str(self.balance)\n')
args = None, account = None, consensus_max_rotations = None, fees = None
fee_value = None, wait_until = None, wait_interval = None, wait_retries = None
wait_transaction_status = <ProtocolTransactionStatus.ACCEPTED: 'Accepted'>
wait_triggered_transactions = False
wait_triggered_transactions_status = <ProtocolTransactionStatus.ACCEPTED: 'Accepted'>
transaction_context = None

    def deploy_contract_tx(
        self,
        args: Optional[List[CalldataEncodable]] = None,
        account: Optional[LocalAccount] = None,
        consensus_max_rotations: Optional[int] = None,
        fees: Optional[Dict[str, Any]] = None,
        fee_value: Optional[int] = None,
        wait_until: Optional[Literal["decided", "finalized"]] = None,
        wait_interval: Optional[int] = None,
        wait_retries: Optional[int] = None,
        wait_transaction_status: ProtocolTransactionStatus = ProtocolTransactionStatus.ACCEPTED,
        wait_triggered_transactions: bool = False,
        wait_triggered_transactions_status: ProtocolTransactionStatus = ProtocolTransactionStatus.ACCEPTED,
        transaction_context: Optional[TransactionContext] = None,
    ) -> GenLayerTransaction:
        """
        Deploy the contract and return the transaction receipt.
        """
        general_config = get_general_config()
        actual_wait_interval = (
            wait_interval
            if wait_interval is not None
            else general_config.get_default_wait_interval()
        )
        actual_wait_retries = (
            wait_retries
            if wait_retries is not None
            else general_config.get_default_wait_retries()
        )
        leader_only = (
            general_config.get_leader_only()
            if general_config.check_studio_based_rpc()
            else False
        )
    
        client = get_gl_client()
        try:
            sim_config = None
            if transaction_context:
                try:
                    sim_config = SimConfig(**transaction_context)
                except TypeError as e:
                    raise ValueError(
                        f"Invalid transaction_context keys: {sorted(transaction_context.keys())}"
                    ) from e
            tx_hash = client.deploy_contract(
                code=self.contract_code,
                args=args,
                account=account,
                consensus_max_rotations=consensus_max_rotations,
                leader_only=leader_only,
                **_fee_kwargs(client.deploy_contract, fees, fee_value),
                sim_config=sim_config,
            )
            tx_receipt = wait_for_transaction_receipt(
                client,
                transaction_hash=tx_hash,
                wait_until=wait_until
                or wait_until_from_status(wait_transaction_status),
                interval=actual_wait_interval,
                retries=actual_wait_retries,
            )
            maybe_record_fee_observation(kind="deploy", receipt=tx_receipt)
            if wait_triggered_transactions:
                triggered_transactions = tx_receipt.get("triggered_transactions", [])
                for triggered_transaction in triggered_transactions:
                    wait_for_transaction_receipt(
                        client,
                        transaction_hash=triggered_transaction,
                        wait_until=wait_until_from_status(
                            wait_triggered_transactions_status
                        ),
                        interval=actual_wait_interval,
                        retries=actual_wait_retries,
                    )
            return tx_receipt
        except Exception as e:
>           raise DeploymentError(
                f"Failed to deploy contract {self.contract_name}: {str(e)}"
            ) from e
E           gltest.exceptions.DeploymentError: Failed to deploy contract Arbiter: Transaction reverted: EVM tx 0xf3938b3a96b7e53a95e48dfd554d361d681128d01acbc7c7618ff4fa83dbbdc8 to consensus contract 0xb7278A61aa25c888815aFC32Ad3cC52fF24fE575 was reverted. FeesDistributionMissing

../../usr/lib/python3.13/site-packages/gltest/contracts/contract_factory.py:246: DeploymentError
___________ ERROR at setup of test_milestone_dispute_is_independent ____________

self = ContractFactory(contract_name='Arbiter', contract_code='# { "Depends": "py-genlayer:1jb45aa8ynh2a9c9xn3b7qqh8sm5q93hwf... finalize /\n        recovery to verify that value actually left the contract."""\n        return str(self.balance)\n')
args = None, account = None, consensus_max_rotations = None, fees = None
fee_value = None, wait_until = None, wait_interval = None, wait_retries = None
wait_transaction_status = <ProtocolTransactionStatus.ACCEPTED: 'Accepted'>
wait_triggered_transactions = False
wait_triggered_transactions_status = <ProtocolTransactionStatus.ACCEPTED: 'Accepted'>
transaction_context = None

    def deploy_contract_tx(
        self,
        args: Optional[List[CalldataEncodable]] = None,
        account: Optional[LocalAccount] = None,
        consensus_max_rotations: Optional[int] = None,
        fees: Optional[Dict[str, Any]] = None,
        fee_value: Optional[int] = None,
        wait_until: Optional[Literal["decided", "finalized"]] = None,
        wait_interval: Optional[int] = None,
        wait_retries: Optional[int] = None,
        wait_transaction_status: ProtocolTransactionStatus = ProtocolTransactionStatus.ACCEPTED,
        wait_triggered_transactions: bool = False,
        wait_triggered_transactions_status: ProtocolTransactionStatus = ProtocolTransactionStatus.ACCEPTED,
        transaction_context: Optional[TransactionContext] = None,
    ) -> GenLayerTransaction:
        """
        Deploy the contract and return the transaction receipt.
        """
        general_config = get_general_config()
        actual_wait_interval = (
            wait_interval
            if wait_interval is not None
            else general_config.get_default_wait_interval()
        )
        actual_wait_retries = (
            wait_retries
            if wait_retries is not None
            else general_config.get_default_wait_retries()
        )
        leader_only = (
            general_config.get_leader_only()
            if general_config.check_studio_based_rpc()
            else False
        )
    
        client = get_gl_client()
        try:
            sim_config = None
            if transaction_context:
                try:
                    sim_config = SimConfig(**transaction_context)
                except TypeError as e:
                    raise ValueError(
                        f"Invalid transaction_context keys: {sorted(transaction_context.keys())}"
                    ) from e
>           tx_hash = client.deploy_contract(
                code=self.contract_code,
                args=args,
                account=account,
                consensus_max_rotations=consensus_max_rotations,
                leader_only=leader_only,
                **_fee_kwargs(client.deploy_contract, fees, fee_value),
                sim_config=sim_config,
            )

../../usr/lib/python3.13/site-packages/gltest/contracts/contract_factory.py:214: 
_ _ _ _ _ _ _ _ _ _ _ _ _ _ _ _ _ _ _ _ _ _ _ _ _ _ _ _ _ _ _ _ _ _ _ _ _ _ _ _ 
../../usr/lib/python3.13/site-packages/genlayer_py/client/genlayer_client.py:232: in deploy_contract
    return deploy_contract(
../../usr/lib/python3.13/site-packages/genlayer_py/contracts/actions.py:217: in deploy_contract
    return _send_transaction(
_ _ _ _ _ _ _ _ _ _ _ _ _ _ _ _ _ _ _ _ _ _ _ _ _ _ _ _ _ _ _ _ _ _ _ _ _ _ _ _ 

self = <genlayer_py.client.genlayer_client.GenLayerClient object at 0x7bdf62bcb0>
encoded_data = '0x27241a99000000000000000000000000970804a50ba102a3018a282aeb97b8b5ea268feb0000000000000000000000000000000000000000000...22220a202020202020202072657475726e207374722873656c662e62616c616e6365290a0680000000000000000000000000000000000000000000'
sender_account = <eth_account.signers.local.LocalAccount object at 0x7bdf49fed0>
value = 0, sim_config = None

    def _send_transaction(
        self: GenLayerClient,
        encoded_data: HexStr,
        sender_account: Optional[LocalAccount] = None,
        value: int = 0,
        sim_config: Optional[SimConfig] = None,
    ):
        if sender_account is None:
            raise GenLayerError(
                "No account set. Configure the client with an account or pass an account to this function."
            )
    
        if self.chain.consensus_main_contract is None:
            raise GenLayerError(
                f'Consensus main contract address not found in chain config for "{self.chain.name}".',
            )
    
        try:
            transaction = _prepare_transaction(
                self=self,
                sender=sender_account.address,
                recipient=self.chain.consensus_main_contract["address"],
                data=encoded_data,
                value=value,
            )
            signed_transaction = sender_account.sign_transaction(transaction)
            serialized_transaction = self.w3.to_hex(signed_transaction.raw_transaction)
            params = [serialized_transaction]
            if sim_config is not None:
                params.append(sim_config)
            tx_hash = self.provider.make_request(
                method="eth_sendRawTransaction", params=params
            )["result"]
        except Exception as exc:
            raise GenLayerError(f"Transaction failed: {_format_rpc_error(exc)}") from exc
        tx_receipt = self.w3.eth.wait_for_transaction_receipt(tx_hash)
    
        if tx_receipt.status != 1:
            reason = _receipt_revert_reason(self, tx_hash)
            suffix = f" {reason}" if reason else ""
>           raise GenLayerError(
                f"Transaction reverted: EVM tx {tx_hash} to consensus contract "
                f"{self.chain.consensus_main_contract['address']} was reverted.{suffix}"
            )
E           genlayer_py.exceptions.GenLayerError: Transaction reverted: EVM tx 0xbaf71ced74414288e5ea7150ea714651ad5ed0d658ace85f18c9a2e1b9f39fee to consensus contract 0xb7278A61aa25c888815aFC32Ad3cC52fF24fE575 was reverted. FeesDistributionMissing

../../usr/lib/python3.13/site-packages/genlayer_py/contracts/actions.py:1319: GenLayerError

The above exception was the direct cause of the following exception:

    @pytest.fixture
    def arbiter():
        factory = get_contract_factory("Arbiter")
>       return factory.deploy()
               ^^^^^^^^^^^^^^^^

tests/test_arbiter_smoke.py:9: 
_ _ _ _ _ _ _ _ _ _ _ _ _ _ _ _ _ _ _ _ _ _ _ _ _ _ _ _ _ _ _ _ _ _ _ _ _ _ _ _ 
../../usr/lib/python3.13/site-packages/gltest/contracts/contract_factory.py:148: in deploy
    receipt = self.deploy_contract_tx(
_ _ _ _ _ _ _ _ _ _ _ _ _ _ _ _ _ _ _ _ _ _ _ _ _ _ _ _ _ _ _ _ _ _ _ _ _ _ _ _ 

self = ContractFactory(contract_name='Arbiter', contract_code='# { "Depends": "py-genlayer:1jb45aa8ynh2a9c9xn3b7qqh8sm5q93hwf... finalize /\n        recovery to verify that value actually left the contract."""\n        return str(self.balance)\n')
args = None, account = None, consensus_max_rotations = None, fees = None
fee_value = None, wait_until = None, wait_interval = None, wait_retries = None
wait_transaction_status = <ProtocolTransactionStatus.ACCEPTED: 'Accepted'>
wait_triggered_transactions = False
wait_triggered_transactions_status = <ProtocolTransactionStatus.ACCEPTED: 'Accepted'>
transaction_context = None

    def deploy_contract_tx(
        self,
        args: Optional[List[CalldataEncodable]] = None,
        account: Optional[LocalAccount] = None,
        consensus_max_rotations: Optional[int] = None,
        fees: Optional[Dict[str, Any]] = None,
        fee_value: Optional[int] = None,
        wait_until: Optional[Literal["decided", "finalized"]] = None,
        wait_interval: Optional[int] = None,
        wait_retries: Optional[int] = None,
        wait_transaction_status: ProtocolTransactionStatus = ProtocolTransactionStatus.ACCEPTED,
        wait_triggered_transactions: bool = False,
        wait_triggered_transactions_status: ProtocolTransactionStatus = ProtocolTransactionStatus.ACCEPTED,
        transaction_context: Optional[TransactionContext] = None,
    ) -> GenLayerTransaction:
        """
        Deploy the contract and return the transaction receipt.
        """
        general_config = get_general_config()
        actual_wait_interval = (
            wait_interval
            if wait_interval is not None
            else general_config.get_default_wait_interval()
        )
        actual_wait_retries = (
            wait_retries
            if wait_retries is not None
            else general_config.get_default_wait_retries()
        )
        leader_only = (
            general_config.get_leader_only()
            if general_config.check_studio_based_rpc()
            else False
        )
    
        client = get_gl_client()
        try:
            sim_config = None
            if transaction_context:
                try:
                    sim_config = SimConfig(**transaction_context)
                except TypeError as e:
                    raise ValueError(
                        f"Invalid transaction_context keys: {sorted(transaction_context.keys())}"
                    ) from e
            tx_hash = client.deploy_contract(
                code=self.contract_code,
                args=args,
                account=account,
                consensus_max_rotations=consensus_max_rotations,
                leader_only=leader_only,
                **_fee_kwargs(client.deploy_contract, fees, fee_value),
                sim_config=sim_config,
            )
            tx_receipt = wait_for_transaction_receipt(
                client,
                transaction_hash=tx_hash,
                wait_until=wait_until
                or wait_until_from_status(wait_transaction_status),
                interval=actual_wait_interval,
                retries=actual_wait_retries,
            )
            maybe_record_fee_observation(kind="deploy", receipt=tx_receipt)
            if wait_triggered_transactions:
                triggered_transactions = tx_receipt.get("triggered_transactions", [])
                for triggered_transaction in triggered_transactions:
                    wait_for_transaction_receipt(
                        client,
                        transaction_hash=triggered_transaction,
                        wait_until=wait_until_from_status(
                            wait_triggered_transactions_status
                        ),
                        interval=actual_wait_interval,
                        retries=actual_wait_retries,
                    )
            return tx_receipt
        except Exception as e:
>           raise DeploymentError(
                f"Failed to deploy contract {self.contract_name}: {str(e)}"
            ) from e
E           gltest.exceptions.DeploymentError: Failed to deploy contract Arbiter: Transaction reverted: EVM tx 0xbaf71ced74414288e5ea7150ea714651ad5ed0d658ace85f18c9a2e1b9f39fee to consensus contract 0xb7278A61aa25c888815aFC32Ad3cC52fF24fE575 was reverted. FeesDistributionMissing

../../usr/lib/python3.13/site-packages/gltest/contracts/contract_factory.py:246: DeploymentError
____ ERROR at setup of test_milestone_dispute_appeal_and_parent_resolution _____

self = ContractFactory(contract_name='Arbiter', contract_code='# { "Depends": "py-genlayer:1jb45aa8ynh2a9c9xn3b7qqh8sm5q93hwf... finalize /\n        recovery to verify that value actually left the contract."""\n        return str(self.balance)\n')
args = None, account = None, consensus_max_rotations = None, fees = None
fee_value = None, wait_until = None, wait_interval = None, wait_retries = None
wait_transaction_status = <ProtocolTransactionStatus.ACCEPTED: 'Accepted'>
wait_triggered_transactions = False
wait_triggered_transactions_status = <ProtocolTransactionStatus.ACCEPTED: 'Accepted'>
transaction_context = None

    def deploy_contract_tx(
        self,
        args: Optional[List[CalldataEncodable]] = None,
        account: Optional[LocalAccount] = None,
        consensus_max_rotations: Optional[int] = None,
        fees: Optional[Dict[str, Any]] = None,
        fee_value: Optional[int] = None,
        wait_until: Optional[Literal["decided", "finalized"]] = None,
        wait_interval: Optional[int] = None,
        wait_retries: Optional[int] = None,
        wait_transaction_status: ProtocolTransactionStatus = ProtocolTransactionStatus.ACCEPTED,
        wait_triggered_transactions: bool = False,
        wait_triggered_transactions_status: ProtocolTransactionStatus = ProtocolTransactionStatus.ACCEPTED,
        transaction_context: Optional[TransactionContext] = None,
    ) -> GenLayerTransaction:
        """
        Deploy the contract and return the transaction receipt.
        """
        general_config = get_general_config()
        actual_wait_interval = (
            wait_interval
            if wait_interval is not None
            else general_config.get_default_wait_interval()
        )
        actual_wait_retries = (
            wait_retries
            if wait_retries is not None
            else general_config.get_default_wait_retries()
        )
        leader_only = (
            general_config.get_leader_only()
            if general_config.check_studio_based_rpc()
            else False
        )
    
        client = get_gl_client()
        try:
            sim_config = None
            if transaction_context:
                try:
                    sim_config = SimConfig(**transaction_context)
                except TypeError as e:
                    raise ValueError(
                        f"Invalid transaction_context keys: {sorted(transaction_context.keys())}"
                    ) from e
>           tx_hash = client.deploy_contract(
                code=self.contract_code,
                args=args,
                account=account,
                consensus_max_rotations=consensus_max_rotations,
                leader_only=leader_only,
                **_fee_kwargs(client.deploy_contract, fees, fee_value),
                sim_config=sim_config,
            )

../../usr/lib/python3.13/site-packages/gltest/contracts/contract_factory.py:214: 
_ _ _ _ _ _ _ _ _ _ _ _ _ _ _ _ _ _ _ _ _ _ _ _ _ _ _ _ _ _ _ _ _ _ _ _ _ _ _ _ 
../../usr/lib/python3.13/site-packages/genlayer_py/client/genlayer_client.py:232: in deploy_contract
    return deploy_contract(
../../usr/lib/python3.13/site-packages/genlayer_py/contracts/actions.py:217: in deploy_contract
    return _send_transaction(
_ _ _ _ _ _ _ _ _ _ _ _ _ _ _ _ _ _ _ _ _ _ _ _ _ _ _ _ _ _ _ _ _ _ _ _ _ _ _ _ 

self = <genlayer_py.client.genlayer_client.GenLayerClient object at 0x7bdf62bcb0>
encoded_data = '0x27241a99000000000000000000000000970804a50ba102a3018a282aeb97b8b5ea268feb0000000000000000000000000000000000000000000...22220a202020202020202072657475726e207374722873656c662e62616c616e6365290a0680000000000000000000000000000000000000000000'
sender_account = <eth_account.signers.local.LocalAccount object at 0x7bdf49fed0>
value = 0, sim_config = None

    def _send_transaction(
        self: GenLayerClient,
        encoded_data: HexStr,
        sender_account: Optional[LocalAccount] = None,
        value: int = 0,
        sim_config: Optional[SimConfig] = None,
    ):
        if sender_account is None:
            raise GenLayerError(
                "No account set. Configure the client with an account or pass an account to this function."
            )
    
        if self.chain.consensus_main_contract is None:
            raise GenLayerError(
                f'Consensus main contract address not found in chain config for "{self.chain.name}".',
            )
    
        try:
            transaction = _prepare_transaction(
                self=self,
                sender=sender_account.address,
                recipient=self.chain.consensus_main_contract["address"],
                data=encoded_data,
                value=value,
            )
            signed_transaction = sender_account.sign_transaction(transaction)
            serialized_transaction = self.w3.to_hex(signed_transaction.raw_transaction)
            params = [serialized_transaction]
            if sim_config is not None:
                params.append(sim_config)
            tx_hash = self.provider.make_request(
                method="eth_sendRawTransaction", params=params
            )["result"]
        except Exception as exc:
            raise GenLayerError(f"Transaction failed: {_format_rpc_error(exc)}") from exc
        tx_receipt = self.w3.eth.wait_for_transaction_receipt(tx_hash)
    
        if tx_receipt.status != 1:
            reason = _receipt_revert_reason(self, tx_hash)
            suffix = f" {reason}" if reason else ""
>           raise GenLayerError(
                f"Transaction reverted: EVM tx {tx_hash} to consensus contract "
                f"{self.chain.consensus_main_contract['address']} was reverted.{suffix}"
            )
E           genlayer_py.exceptions.GenLayerError: Transaction reverted: EVM tx 0xe9d7f423053b325f9fc36de719475af36cbc2876d109941db6d23df4b4a01b29 to consensus contract 0xb7278A61aa25c888815aFC32Ad3cC52fF24fE575 was reverted. FeesDistributionMissing

../../usr/lib/python3.13/site-packages/genlayer_py/contracts/actions.py:1319: GenLayerError

The above exception was the direct cause of the following exception:

    @pytest.fixture
    def arbiter():
        factory = get_contract_factory("Arbiter")
>       return factory.deploy()
               ^^^^^^^^^^^^^^^^

tests/test_arbiter_smoke.py:9: 
_ _ _ _ _ _ _ _ _ _ _ _ _ _ _ _ _ _ _ _ _ _ _ _ _ _ _ _ _ _ _ _ _ _ _ _ _ _ _ _ 
../../usr/lib/python3.13/site-packages/gltest/contracts/contract_factory.py:148: in deploy
    receipt = self.deploy_contract_tx(
_ _ _ _ _ _ _ _ _ _ _ _ _ _ _ _ _ _ _ _ _ _ _ _ _ _ _ _ _ _ _ _ _ _ _ _ _ _ _ _ 

self = ContractFactory(contract_name='Arbiter', contract_code='# { "Depends": "py-genlayer:1jb45aa8ynh2a9c9xn3b7qqh8sm5q93hwf... finalize /\n        recovery to verify that value actually left the contract."""\n        return str(self.balance)\n')
args = None, account = None, consensus_max_rotations = None, fees = None
fee_value = None, wait_until = None, wait_interval = None, wait_retries = None
wait_transaction_status = <ProtocolTransactionStatus.ACCEPTED: 'Accepted'>
wait_triggered_transactions = False
wait_triggered_transactions_status = <ProtocolTransactionStatus.ACCEPTED: 'Accepted'>
transaction_context = None

    def deploy_contract_tx(
        self,
        args: Optional[List[CalldataEncodable]] = None,
        account: Optional[LocalAccount] = None,
        consensus_max_rotations: Optional[int] = None,
        fees: Optional[Dict[str, Any]] = None,
        fee_value: Optional[int] = None,
        wait_until: Optional[Literal["decided", "finalized"]] = None,
        wait_interval: Optional[int] = None,
        wait_retries: Optional[int] = None,
        wait_transaction_status: ProtocolTransactionStatus = ProtocolTransactionStatus.ACCEPTED,
        wait_triggered_transactions: bool = False,
        wait_triggered_transactions_status: ProtocolTransactionStatus = ProtocolTransactionStatus.ACCEPTED,
        transaction_context: Optional[TransactionContext] = None,
    ) -> GenLayerTransaction:
        """
        Deploy the contract and return the transaction receipt.
        """
        general_config = get_general_config()
        actual_wait_interval = (
            wait_interval
            if wait_interval is not None
            else general_config.get_default_wait_interval()
        )
        actual_wait_retries = (
            wait_retries
            if wait_retries is not None
            else general_config.get_default_wait_retries()
        )
        leader_only = (
            general_config.get_leader_only()
            if general_config.check_studio_based_rpc()
            else False
        )
    
        client = get_gl_client()
        try:
            sim_config = None
            if transaction_context:
                try:
                    sim_config = SimConfig(**transaction_context)
                except TypeError as e:
                    raise ValueError(
                        f"Invalid transaction_context keys: {sorted(transaction_context.keys())}"
                    ) from e
            tx_hash = client.deploy_contract(
                code=self.contract_code,
                args=args,
                account=account,
                consensus_max_rotations=consensus_max_rotations,
                leader_only=leader_only,
                **_fee_kwargs(client.deploy_contract, fees, fee_value),
                sim_config=sim_config,
            )
            tx_receipt = wait_for_transaction_receipt(
                client,
                transaction_hash=tx_hash,
                wait_until=wait_until
                or wait_until_from_status(wait_transaction_status),
                interval=actual_wait_interval,
                retries=actual_wait_retries,
            )
            maybe_record_fee_observation(kind="deploy", receipt=tx_receipt)
            if wait_triggered_transactions:
                triggered_transactions = tx_receipt.get("triggered_transactions", [])
                for triggered_transaction in triggered_transactions:
                    wait_for_transaction_receipt(
                        client,
                        transaction_hash=triggered_transaction,
                        wait_until=wait_until_from_status(
                            wait_triggered_transactions_status
                        ),
                        interval=actual_wait_interval,
                        retries=actual_wait_retries,
                    )
            return tx_receipt
        except Exception as e:
>           raise DeploymentError(
                f"Failed to deploy contract {self.contract_name}: {str(e)}"
            ) from e
E           gltest.exceptions.DeploymentError: Failed to deploy contract Arbiter: Transaction reverted: EVM tx 0xe9d7f423053b325f9fc36de719475af36cbc2876d109941db6d23df4b4a01b29 to consensus contract 0xb7278A61aa25c888815aFC32Ad3cC52fF24fE575 was reverted. FeesDistributionMissing

../../usr/lib/python3.13/site-packages/gltest/contracts/contract_factory.py:246: DeploymentError
______________ ERROR at setup of test_url_submission_pins_digest _______________

self = ContractFactory(contract_name='Arbiter', contract_code='# { "Depends": "py-genlayer:1jb45aa8ynh2a9c9xn3b7qqh8sm5q93hwf... finalize /\n        recovery to verify that value actually left the contract."""\n        return str(self.balance)\n')
args = None, account = None, consensus_max_rotations = None, fees = None
fee_value = None, wait_until = None, wait_interval = None, wait_retries = None
wait_transaction_status = <ProtocolTransactionStatus.ACCEPTED: 'Accepted'>
wait_triggered_transactions = False
wait_triggered_transactions_status = <ProtocolTransactionStatus.ACCEPTED: 'Accepted'>
transaction_context = None

    def deploy_contract_tx(
        self,
        args: Optional[List[CalldataEncodable]] = None,
        account: Optional[LocalAccount] = None,
        consensus_max_rotations: Optional[int] = None,
        fees: Optional[Dict[str, Any]] = None,
        fee_value: Optional[int] = None,
        wait_until: Optional[Literal["decided", "finalized"]] = None,
        wait_interval: Optional[int] = None,
        wait_retries: Optional[int] = None,
        wait_transaction_status: ProtocolTransactionStatus = ProtocolTransactionStatus.ACCEPTED,
        wait_triggered_transactions: bool = False,
        wait_triggered_transactions_status: ProtocolTransactionStatus = ProtocolTransactionStatus.ACCEPTED,
        transaction_context: Optional[TransactionContext] = None,
    ) -> GenLayerTransaction:
        """
        Deploy the contract and return the transaction receipt.
        """
        general_config = get_general_config()
        actual_wait_interval = (
            wait_interval
            if wait_interval is not None
            else general_config.get_default_wait_interval()
        )
        actual_wait_retries = (
            wait_retries
            if wait_retries is not None
            else general_config.get_default_wait_retries()
        )
        leader_only = (
            general_config.get_leader_only()
            if general_config.check_studio_based_rpc()
            else False
        )
    
        client = get_gl_client()
        try:
            sim_config = None
            if transaction_context:
                try:
                    sim_config = SimConfig(**transaction_context)
                except TypeError as e:
                    raise ValueError(
                        f"Invalid transaction_context keys: {sorted(transaction_context.keys())}"
                    ) from e
>           tx_hash = client.deploy_contract(
                code=self.contract_code,
                args=args,
                account=account,
                consensus_max_rotations=consensus_max_rotations,
                leader_only=leader_only,
                **_fee_kwargs(client.deploy_contract, fees, fee_value),
                sim_config=sim_config,
            )

../../usr/lib/python3.13/site-packages/gltest/contracts/contract_factory.py:214: 
_ _ _ _ _ _ _ _ _ _ _ _ _ _ _ _ _ _ _ _ _ _ _ _ _ _ _ _ _ _ _ _ _ _ _ _ _ _ _ _ 
../../usr/lib/python3.13/site-packages/genlayer_py/client/genlayer_client.py:232: in deploy_contract
    return deploy_contract(
../../usr/lib/python3.13/site-packages/genlayer_py/contracts/actions.py:217: in deploy_contract
    return _send_transaction(
_ _ _ _ _ _ _ _ _ _ _ _ _ _ _ _ _ _ _ _ _ _ _ _ _ _ _ _ _ _ _ _ _ _ _ _ _ _ _ _ 

self = <genlayer_py.client.genlayer_client.GenLayerClient object at 0x7bdf62bcb0>
encoded_data = '0x27241a99000000000000000000000000970804a50ba102a3018a282aeb97b8b5ea268feb0000000000000000000000000000000000000000000...22220a202020202020202072657475726e207374722873656c662e62616c616e6365290a0680000000000000000000000000000000000000000000'
sender_account = <eth_account.signers.local.LocalAccount object at 0x7bdf49fed0>
value = 0, sim_config = None

    def _send_transaction(
        self: GenLayerClient,
        encoded_data: HexStr,
        sender_account: Optional[LocalAccount] = None,
        value: int = 0,
        sim_config: Optional[SimConfig] = None,
    ):
        if sender_account is None:
            raise GenLayerError(
                "No account set. Configure the client with an account or pass an account to this function."
            )
    
        if self.chain.consensus_main_contract is None:
            raise GenLayerError(
                f'Consensus main contract address not found in chain config for "{self.chain.name}".',
            )
    
        try:
            transaction = _prepare_transaction(
                self=self,
                sender=sender_account.address,
                recipient=self.chain.consensus_main_contract["address"],
                data=encoded_data,
                value=value,
            )
            signed_transaction = sender_account.sign_transaction(transaction)
            serialized_transaction = self.w3.to_hex(signed_transaction.raw_transaction)
            params = [serialized_transaction]
            if sim_config is not None:
                params.append(sim_config)
            tx_hash = self.provider.make_request(
                method="eth_sendRawTransaction", params=params
            )["result"]
        except Exception as exc:
            raise GenLayerError(f"Transaction failed: {_format_rpc_error(exc)}") from exc
        tx_receipt = self.w3.eth.wait_for_transaction_receipt(tx_hash)
    
        if tx_receipt.status != 1:
            reason = _receipt_revert_reason(self, tx_hash)
            suffix = f" {reason}" if reason else ""
>           raise GenLayerError(
                f"Transaction reverted: EVM tx {tx_hash} to consensus contract "
                f"{self.chain.consensus_main_contract['address']} was reverted.{suffix}"
            )
E           genlayer_py.exceptions.GenLayerError: Transaction reverted: EVM tx 0x7d07096411c0dd5dd8fa18c7b3d5f6ac51dcb04122120593960393cbc6dce843 to consensus contract 0xb7278A61aa25c888815aFC32Ad3cC52fF24fE575 was reverted. FeesDistributionMissing

../../usr/lib/python3.13/site-packages/genlayer_py/contracts/actions.py:1319: GenLayerError

The above exception was the direct cause of the following exception:

    @pytest.fixture
    def arbiter():
        factory = get_contract_factory("Arbiter")
>       return factory.deploy()
               ^^^^^^^^^^^^^^^^

tests/test_arbiter_smoke.py:9: 
_ _ _ _ _ _ _ _ _ _ _ _ _ _ _ _ _ _ _ _ _ _ _ _ _ _ _ _ _ _ _ _ _ _ _ _ _ _ _ _ 
../../usr/lib/python3.13/site-packages/gltest/contracts/contract_factory.py:148: in deploy
    receipt = self.deploy_contract_tx(
_ _ _ _ _ _ _ _ _ _ _ _ _ _ _ _ _ _ _ _ _ _ _ _ _ _ _ _ _ _ _ _ _ _ _ _ _ _ _ _ 

self = ContractFactory(contract_name='Arbiter', contract_code='# { "Depends": "py-genlayer:1jb45aa8ynh2a9c9xn3b7qqh8sm5q93hwf... finalize /\n        recovery to verify that value actually left the contract."""\n        return str(self.balance)\n')
args = None, account = None, consensus_max_rotations = None, fees = None
fee_value = None, wait_until = None, wait_interval = None, wait_retries = None
wait_transaction_status = <ProtocolTransactionStatus.ACCEPTED: 'Accepted'>
wait_triggered_transactions = False
wait_triggered_transactions_status = <ProtocolTransactionStatus.ACCEPTED: 'Accepted'>
transaction_context = None

    def deploy_contract_tx(
        self,
        args: Optional[List[CalldataEncodable]] = None,
        account: Optional[LocalAccount] = None,
        consensus_max_rotations: Optional[int] = None,
        fees: Optional[Dict[str, Any]] = None,
        fee_value: Optional[int] = None,
        wait_until: Optional[Literal["decided", "finalized"]] = None,
        wait_interval: Optional[int] = None,
        wait_retries: Optional[int] = None,
        wait_transaction_status: ProtocolTransactionStatus = ProtocolTransactionStatus.ACCEPTED,
        wait_triggered_transactions: bool = False,
        wait_triggered_transactions_status: ProtocolTransactionStatus = ProtocolTransactionStatus.ACCEPTED,
        transaction_context: Optional[TransactionContext] = None,
    ) -> GenLayerTransaction:
        """
        Deploy the contract and return the transaction receipt.
        """
        general_config = get_general_config()
        actual_wait_interval = (
            wait_interval
            if wait_interval is not None
            else general_config.get_default_wait_interval()
        )
        actual_wait_retries = (
            wait_retries
            if wait_retries is not None
            else general_config.get_default_wait_retries()
        )
        leader_only = (
            general_config.get_leader_only()
            if general_config.check_studio_based_rpc()
            else False
        )
    
        client = get_gl_client()
        try:
            sim_config = None
            if transaction_context:
                try:
                    sim_config = SimConfig(**transaction_context)
                except TypeError as e:
                    raise ValueError(
                        f"Invalid transaction_context keys: {sorted(transaction_context.keys())}"
                    ) from e
            tx_hash = client.deploy_contract(
                code=self.contract_code,
                args=args,
                account=account,
                consensus_max_rotations=consensus_max_rotations,
                leader_only=leader_only,
                **_fee_kwargs(client.deploy_contract, fees, fee_value),
                sim_config=sim_config,
            )
            tx_receipt = wait_for_transaction_receipt(
                client,
                transaction_hash=tx_hash,
                wait_until=wait_until
                or wait_until_from_status(wait_transaction_status),
                interval=actual_wait_interval,
                retries=actual_wait_retries,
            )
            maybe_record_fee_observation(kind="deploy", receipt=tx_receipt)
            if wait_triggered_transactions:
                triggered_transactions = tx_receipt.get("triggered_transactions", [])
                for triggered_transaction in triggered_transactions:
                    wait_for_transaction_receipt(
                        client,
                        transaction_hash=triggered_transaction,
                        wait_until=wait_until_from_status(
                            wait_triggered_transactions_status
                        ),
                        interval=actual_wait_interval,
                        retries=actual_wait_retries,
                    )
            return tx_receipt
        except Exception as e:
>           raise DeploymentError(
                f"Failed to deploy contract {self.contract_name}: {str(e)}"
            ) from e
E           gltest.exceptions.DeploymentError: Failed to deploy contract Arbiter: Transaction reverted: EVM tx 0x7d07096411c0dd5dd8fa18c7b3d5f6ac51dcb04122120593960393cbc6dce843 to consensus contract 0xb7278A61aa25c888815aFC32Ad3cC52fF24fE575 was reverted. FeesDistributionMissing

../../usr/lib/python3.13/site-packages/gltest/contracts/contract_factory.py:246: DeploymentError
___________ ERROR at setup of test_url_dispute_uses_pinned_evidence ____________

self = ContractFactory(contract_name='Arbiter', contract_code='# { "Depends": "py-genlayer:1jb45aa8ynh2a9c9xn3b7qqh8sm5q93hwf... finalize /\n        recovery to verify that value actually left the contract."""\n        return str(self.balance)\n')
args = None, account = None, consensus_max_rotations = None, fees = None
fee_value = None, wait_until = None, wait_interval = None, wait_retries = None
wait_transaction_status = <ProtocolTransactionStatus.ACCEPTED: 'Accepted'>
wait_triggered_transactions = False
wait_triggered_transactions_status = <ProtocolTransactionStatus.ACCEPTED: 'Accepted'>
transaction_context = None

    def deploy_contract_tx(
        self,
        args: Optional[List[CalldataEncodable]] = None,
        account: Optional[LocalAccount] = None,
        consensus_max_rotations: Optional[int] = None,
        fees: Optional[Dict[str, Any]] = None,
        fee_value: Optional[int] = None,
        wait_until: Optional[Literal["decided", "finalized"]] = None,
        wait_interval: Optional[int] = None,
        wait_retries: Optional[int] = None,
        wait_transaction_status: ProtocolTransactionStatus = ProtocolTransactionStatus.ACCEPTED,
        wait_triggered_transactions: bool = False,
        wait_triggered_transactions_status: ProtocolTransactionStatus = ProtocolTransactionStatus.ACCEPTED,
        transaction_context: Optional[TransactionContext] = None,
    ) -> GenLayerTransaction:
        """
        Deploy the contract and return the transaction receipt.
        """
        general_config = get_general_config()
        actual_wait_interval = (
            wait_interval
            if wait_interval is not None
            else general_config.get_default_wait_interval()
        )
        actual_wait_retries = (
            wait_retries
            if wait_retries is not None
            else general_config.get_default_wait_retries()
        )
        leader_only = (
            general_config.get_leader_only()
            if general_config.check_studio_based_rpc()
            else False
        )
    
        client = get_gl_client()
        try:
            sim_config = None
            if transaction_context:
                try:
                    sim_config = SimConfig(**transaction_context)
                except TypeError as e:
                    raise ValueError(
                        f"Invalid transaction_context keys: {sorted(transaction_context.keys())}"
                    ) from e
>           tx_hash = client.deploy_contract(
                code=self.contract_code,
                args=args,
                account=account,
                consensus_max_rotations=consensus_max_rotations,
                leader_only=leader_only,
                **_fee_kwargs(client.deploy_contract, fees, fee_value),
                sim_config=sim_config,
            )

../../usr/lib/python3.13/site-packages/gltest/contracts/contract_factory.py:214: 
_ _ _ _ _ _ _ _ _ _ _ _ _ _ _ _ _ _ _ _ _ _ _ _ _ _ _ _ _ _ _ _ _ _ _ _ _ _ _ _ 
../../usr/lib/python3.13/site-packages/genlayer_py/client/genlayer_client.py:232: in deploy_contract
    return deploy_contract(
../../usr/lib/python3.13/site-packages/genlayer_py/contracts/actions.py:217: in deploy_contract
    return _send_transaction(
_ _ _ _ _ _ _ _ _ _ _ _ _ _ _ _ _ _ _ _ _ _ _ _ _ _ _ _ _ _ _ _ _ _ _ _ _ _ _ _ 

self = <genlayer_py.client.genlayer_client.GenLayerClient object at 0x7bdf62bcb0>
encoded_data = '0x27241a99000000000000000000000000970804a50ba102a3018a282aeb97b8b5ea268feb0000000000000000000000000000000000000000000...22220a202020202020202072657475726e207374722873656c662e62616c616e6365290a0680000000000000000000000000000000000000000000'
sender_account = <eth_account.signers.local.LocalAccount object at 0x7bdf49fed0>
value = 0, sim_config = None

    def _send_transaction(
        self: GenLayerClient,
        encoded_data: HexStr,
        sender_account: Optional[LocalAccount] = None,
        value: int = 0,
        sim_config: Optional[SimConfig] = None,
    ):
        if sender_account is None:
            raise GenLayerError(
                "No account set. Configure the client with an account or pass an account to this function."
            )
    
        if self.chain.consensus_main_contract is None:
            raise GenLayerError(
                f'Consensus main contract address not found in chain config for "{self.chain.name}".',
            )
    
        try:
            transaction = _prepare_transaction(
                self=self,
                sender=sender_account.address,
                recipient=self.chain.consensus_main_contract["address"],
                data=encoded_data,
                value=value,
            )
            signed_transaction = sender_account.sign_transaction(transaction)
            serialized_transaction = self.w3.to_hex(signed_transaction.raw_transaction)
            params = [serialized_transaction]
            if sim_config is not None:
                params.append(sim_config)
            tx_hash = self.provider.make_request(
                method="eth_sendRawTransaction", params=params
            )["result"]
        except Exception as exc:
            raise GenLayerError(f"Transaction failed: {_format_rpc_error(exc)}") from exc
        tx_receipt = self.w3.eth.wait_for_transaction_receipt(tx_hash)
    
        if tx_receipt.status != 1:
            reason = _receipt_revert_reason(self, tx_hash)
            suffix = f" {reason}" if reason else ""
>           raise GenLayerError(
                f"Transaction reverted: EVM tx {tx_hash} to consensus contract "
                f"{self.chain.consensus_main_contract['address']} was reverted.{suffix}"
            )
E           genlayer_py.exceptions.GenLayerError: Transaction reverted: EVM tx 0xca387b0dc5eb60b08548766a948348e444ef840a2307bed4ec74275caab091ac to consensus contract 0xb7278A61aa25c888815aFC32Ad3cC52fF24fE575 was reverted. FeesDistributionMissing

../../usr/lib/python3.13/site-packages/genlayer_py/contracts/actions.py:1319: GenLayerError

The above exception was the direct cause of the following exception:

    @pytest.fixture
    def arbiter():
        factory = get_contract_factory("Arbiter")
>       return factory.deploy()
               ^^^^^^^^^^^^^^^^

tests/test_arbiter_smoke.py:9: 
_ _ _ _ _ _ _ _ _ _ _ _ _ _ _ _ _ _ _ _ _ _ _ _ _ _ _ _ _ _ _ _ _ _ _ _ _ _ _ _ 
../../usr/lib/python3.13/site-packages/gltest/contracts/contract_factory.py:148: in deploy
    receipt = self.deploy_contract_tx(
_ _ _ _ _ _ _ _ _ _ _ _ _ _ _ _ _ _ _ _ _ _ _ _ _ _ _ _ _ _ _ _ _ _ _ _ _ _ _ _ 

self = ContractFactory(contract_name='Arbiter', contract_code='# { "Depends": "py-genlayer:1jb45aa8ynh2a9c9xn3b7qqh8sm5q93hwf... finalize /\n        recovery to verify that value actually left the contract."""\n        return str(self.balance)\n')
args = None, account = None, consensus_max_rotations = None, fees = None
fee_value = None, wait_until = None, wait_interval = None, wait_retries = None
wait_transaction_status = <ProtocolTransactionStatus.ACCEPTED: 'Accepted'>
wait_triggered_transactions = False
wait_triggered_transactions_status = <ProtocolTransactionStatus.ACCEPTED: 'Accepted'>
transaction_context = None

    def deploy_contract_tx(
        self,
        args: Optional[List[CalldataEncodable]] = None,
        account: Optional[LocalAccount] = None,
        consensus_max_rotations: Optional[int] = None,
        fees: Optional[Dict[str, Any]] = None,
        fee_value: Optional[int] = None,
        wait_until: Optional[Literal["decided", "finalized"]] = None,
        wait_interval: Optional[int] = None,
        wait_retries: Optional[int] = None,
        wait_transaction_status: ProtocolTransactionStatus = ProtocolTransactionStatus.ACCEPTED,
        wait_triggered_transactions: bool = False,
        wait_triggered_transactions_status: ProtocolTransactionStatus = ProtocolTransactionStatus.ACCEPTED,
        transaction_context: Optional[TransactionContext] = None,
    ) -> GenLayerTransaction:
        """
        Deploy the contract and return the transaction receipt.
        """
        general_config = get_general_config()
        actual_wait_interval = (
            wait_interval
            if wait_interval is not None
            else general_config.get_default_wait_interval()
        )
        actual_wait_retries = (
            wait_retries
            if wait_retries is not None
            else general_config.get_default_wait_retries()
        )
        leader_only = (
            general_config.get_leader_only()
            if general_config.check_studio_based_rpc()
            else False
        )
    
        client = get_gl_client()
        try:
            sim_config = None
            if transaction_context:
                try:
                    sim_config = SimConfig(**transaction_context)
                except TypeError as e:
                    raise ValueError(
                        f"Invalid transaction_context keys: {sorted(transaction_context.keys())}"
                    ) from e
            tx_hash = client.deploy_contract(
                code=self.contract_code,
                args=args,
                account=account,
                consensus_max_rotations=consensus_max_rotations,
                leader_only=leader_only,
                **_fee_kwargs(client.deploy_contract, fees, fee_value),
                sim_config=sim_config,
            )
            tx_receipt = wait_for_transaction_receipt(
                client,
                transaction_hash=tx_hash,
                wait_until=wait_until
                or wait_until_from_status(wait_transaction_status),
                interval=actual_wait_interval,
                retries=actual_wait_retries,
            )
            maybe_record_fee_observation(kind="deploy", receipt=tx_receipt)
            if wait_triggered_transactions:
                triggered_transactions = tx_receipt.get("triggered_transactions", [])
                for triggered_transaction in triggered_transactions:
                    wait_for_transaction_receipt(
                        client,
                        transaction_hash=triggered_transaction,
                        wait_until=wait_until_from_status(
                            wait_triggered_transactions_status
                        ),
                        interval=actual_wait_interval,
                        retries=actual_wait_retries,
                    )
            return tx_receipt
        except Exception as e:
>           raise DeploymentError(
                f"Failed to deploy contract {self.contract_name}: {str(e)}"
            ) from e
E           gltest.exceptions.DeploymentError: Failed to deploy contract Arbiter: Transaction reverted: EVM tx 0xca387b0dc5eb60b08548766a948348e444ef840a2307bed4ec74275caab091ac to consensus contract 0xb7278A61aa25c888815aFC32Ad3cC52fF24fE575 was reverted. FeesDistributionMissing

../../usr/lib/python3.13/site-packages/gltest/contracts/contract_factory.py:246: DeploymentError
__________ ERROR at setup of test_finalize_before_appeal_window_fails __________

self = ContractFactory(contract_name='Arbiter', contract_code='# { "Depends": "py-genlayer:1jb45aa8ynh2a9c9xn3b7qqh8sm5q93hwf... finalize /\n        recovery to verify that value actually left the contract."""\n        return str(self.balance)\n')
args = None, account = None, consensus_max_rotations = None, fees = None
fee_value = None, wait_until = None, wait_interval = None, wait_retries = None
wait_transaction_status = <ProtocolTransactionStatus.ACCEPTED: 'Accepted'>
wait_triggered_transactions = False
wait_triggered_transactions_status = <ProtocolTransactionStatus.ACCEPTED: 'Accepted'>
transaction_context = None

    def deploy_contract_tx(
        self,
        args: Optional[List[CalldataEncodable]] = None,
        account: Optional[LocalAccount] = None,
        consensus_max_rotations: Optional[int] = None,
        fees: Optional[Dict[str, Any]] = None,
        fee_value: Optional[int] = None,
        wait_until: Optional[Literal["decided", "finalized"]] = None,
        wait_interval: Optional[int] = None,
        wait_retries: Optional[int] = None,
        wait_transaction_status: ProtocolTransactionStatus = ProtocolTransactionStatus.ACCEPTED,
        wait_triggered_transactions: bool = False,
        wait_triggered_transactions_status: ProtocolTransactionStatus = ProtocolTransactionStatus.ACCEPTED,
        transaction_context: Optional[TransactionContext] = None,
    ) -> GenLayerTransaction:
        """
        Deploy the contract and return the transaction receipt.
        """
        general_config = get_general_config()
        actual_wait_interval = (
            wait_interval
            if wait_interval is not None
            else general_config.get_default_wait_interval()
        )
        actual_wait_retries = (
            wait_retries
            if wait_retries is not None
            else general_config.get_default_wait_retries()
        )
        leader_only = (
            general_config.get_leader_only()
            if general_config.check_studio_based_rpc()
            else False
        )
    
        client = get_gl_client()
        try:
            sim_config = None
            if transaction_context:
                try:
                    sim_config = SimConfig(**transaction_context)
                except TypeError as e:
                    raise ValueError(
                        f"Invalid transaction_context keys: {sorted(transaction_context.keys())}"
                    ) from e
>           tx_hash = client.deploy_contract(
                code=self.contract_code,
                args=args,
                account=account,
                consensus_max_rotations=consensus_max_rotations,
                leader_only=leader_only,
                **_fee_kwargs(client.deploy_contract, fees, fee_value),
                sim_config=sim_config,
            )

../../usr/lib/python3.13/site-packages/gltest/contracts/contract_factory.py:214: 
_ _ _ _ _ _ _ _ _ _ _ _ _ _ _ _ _ _ _ _ _ _ _ _ _ _ _ _ _ _ _ _ _ _ _ _ _ _ _ _ 
../../usr/lib/python3.13/site-packages/genlayer_py/client/genlayer_client.py:232: in deploy_contract
    return deploy_contract(
../../usr/lib/python3.13/site-packages/genlayer_py/contracts/actions.py:217: in deploy_contract
    return _send_transaction(
_ _ _ _ _ _ _ _ _ _ _ _ _ _ _ _ _ _ _ _ _ _ _ _ _ _ _ _ _ _ _ _ _ _ _ _ _ _ _ _ 

self = <genlayer_py.client.genlayer_client.GenLayerClient object at 0x7bdf62bcb0>
encoded_data = '0x27241a99000000000000000000000000970804a50ba102a3018a282aeb97b8b5ea268feb0000000000000000000000000000000000000000000...22220a202020202020202072657475726e207374722873656c662e62616c616e6365290a0680000000000000000000000000000000000000000000'
sender_account = <eth_account.signers.local.LocalAccount object at 0x7bdf49fed0>
value = 0, sim_config = None

    def _send_transaction(
        self: GenLayerClient,
        encoded_data: HexStr,
        sender_account: Optional[LocalAccount] = None,
        value: int = 0,
        sim_config: Optional[SimConfig] = None,
    ):
        if sender_account is None:
            raise GenLayerError(
                "No account set. Configure the client with an account or pass an account to this function."
            )
    
        if self.chain.consensus_main_contract is None:
            raise GenLayerError(
                f'Consensus main contract address not found in chain config for "{self.chain.name}".',
            )
    
        try:
            transaction = _prepare_transaction(
                self=self,
                sender=sender_account.address,
                recipient=self.chain.consensus_main_contract["address"],
                data=encoded_data,
                value=value,
            )
            signed_transaction = sender_account.sign_transaction(transaction)
            serialized_transaction = self.w3.to_hex(signed_transaction.raw_transaction)
            params = [serialized_transaction]
            if sim_config is not None:
                params.append(sim_config)
            tx_hash = self.provider.make_request(
                method="eth_sendRawTransaction", params=params
            )["result"]
        except Exception as exc:
            raise GenLayerError(f"Transaction failed: {_format_rpc_error(exc)}") from exc
        tx_receipt = self.w3.eth.wait_for_transaction_receipt(tx_hash)
    
        if tx_receipt.status != 1:
            reason = _receipt_revert_reason(self, tx_hash)
            suffix = f" {reason}" if reason else ""
>           raise GenLayerError(
                f"Transaction reverted: EVM tx {tx_hash} to consensus contract "
                f"{self.chain.consensus_main_contract['address']} was reverted.{suffix}"
            )
E           genlayer_py.exceptions.GenLayerError: Transaction reverted: EVM tx 0x3bc97c80851a1290da110446e3341b3fb5ba4eef92c6bedf9dd19c4c815376f6 to consensus contract 0xb7278A61aa25c888815aFC32Ad3cC52fF24fE575 was reverted. FeesDistributionMissing

../../usr/lib/python3.13/site-packages/genlayer_py/contracts/actions.py:1319: GenLayerError

The above exception was the direct cause of the following exception:

    @pytest.fixture
    def arbiter():
        factory = get_contract_factory("Arbiter")
>       return factory.deploy()
               ^^^^^^^^^^^^^^^^

tests/test_arbiter_smoke.py:9: 
_ _ _ _ _ _ _ _ _ _ _ _ _ _ _ _ _ _ _ _ _ _ _ _ _ _ _ _ _ _ _ _ _ _ _ _ _ _ _ _ 
../../usr/lib/python3.13/site-packages/gltest/contracts/contract_factory.py:148: in deploy
    receipt = self.deploy_contract_tx(
_ _ _ _ _ _ _ _ _ _ _ _ _ _ _ _ _ _ _ _ _ _ _ _ _ _ _ _ _ _ _ _ _ _ _ _ _ _ _ _ 

self = ContractFactory(contract_name='Arbiter', contract_code='# { "Depends": "py-genlayer:1jb45aa8ynh2a9c9xn3b7qqh8sm5q93hwf... finalize /\n        recovery to verify that value actually left the contract."""\n        return str(self.balance)\n')
args = None, account = None, consensus_max_rotations = None, fees = None
fee_value = None, wait_until = None, wait_interval = None, wait_retries = None
wait_transaction_status = <ProtocolTransactionStatus.ACCEPTED: 'Accepted'>
wait_triggered_transactions = False
wait_triggered_transactions_status = <ProtocolTransactionStatus.ACCEPTED: 'Accepted'>
transaction_context = None

    def deploy_contract_tx(
        self,
        args: Optional[List[CalldataEncodable]] = None,
        account: Optional[LocalAccount] = None,
        consensus_max_rotations: Optional[int] = None,
        fees: Optional[Dict[str, Any]] = None,
        fee_value: Optional[int] = None,
        wait_until: Optional[Literal["decided", "finalized"]] = None,
        wait_interval: Optional[int] = None,
        wait_retries: Optional[int] = None,
        wait_transaction_status: ProtocolTransactionStatus = ProtocolTransactionStatus.ACCEPTED,
        wait_triggered_transactions: bool = False,
        wait_triggered_transactions_status: ProtocolTransactionStatus = ProtocolTransactionStatus.ACCEPTED,
        transaction_context: Optional[TransactionContext] = None,
    ) -> GenLayerTransaction:
        """
        Deploy the contract and return the transaction receipt.
        """
        general_config = get_general_config()
        actual_wait_interval = (
            wait_interval
            if wait_interval is not None
            else general_config.get_default_wait_interval()
        )
        actual_wait_retries = (
            wait_retries
            if wait_retries is not None
            else general_config.get_default_wait_retries()
        )
        leader_only = (
            general_config.get_leader_only()
            if general_config.check_studio_based_rpc()
            else False
        )
    
        client = get_gl_client()
        try:
            sim_config = None
            if transaction_context:
                try:
                    sim_config = SimConfig(**transaction_context)
                except TypeError as e:
                    raise ValueError(
                        f"Invalid transaction_context keys: {sorted(transaction_context.keys())}"
                    ) from e
            tx_hash = client.deploy_contract(
                code=self.contract_code,
                args=args,
                account=account,
                consensus_max_rotations=consensus_max_rotations,
                leader_only=leader_only,
                **_fee_kwargs(client.deploy_contract, fees, fee_value),
                sim_config=sim_config,
            )
            tx_receipt = wait_for_transaction_receipt(
                client,
                transaction_hash=tx_hash,
                wait_until=wait_until
                or wait_until_from_status(wait_transaction_status),
                interval=actual_wait_interval,
                retries=actual_wait_retries,
            )
            maybe_record_fee_observation(kind="deploy", receipt=tx_receipt)
            if wait_triggered_transactions:
                triggered_transactions = tx_receipt.get("triggered_transactions", [])
                for triggered_transaction in triggered_transactions:
                    wait_for_transaction_receipt(
                        client,
                        transaction_hash=triggered_transaction,
                        wait_until=wait_until_from_status(
                            wait_triggered_transactions_status
                        ),
                        interval=actual_wait_interval,
                        retries=actual_wait_retries,
                    )
            return tx_receipt
        except Exception as e:
>           raise DeploymentError(
                f"Failed to deploy contract {self.contract_name}: {str(e)}"
            ) from e
E           gltest.exceptions.DeploymentError: Failed to deploy contract Arbiter: Transaction reverted: EVM tx 0x3bc97c80851a1290da110446e3341b3fb5ba4eef92c6bedf9dd19c4c815376f6 to consensus contract 0xb7278A61aa25c888815aFC32Ad3cC52fF24fE575 was reverted. FeesDistributionMissing

../../usr/lib/python3.13/site-packages/gltest/contracts/contract_factory.py:246: DeploymentError
=========================== short test summary info ============================
ERROR tests/test_arbiter_smoke.py::test_initial_state - gltest.exceptions.Dep...
ERROR tests/test_arbiter_smoke.py::test_create_job - gltest.exceptions.Deploy...
ERROR tests/test_arbiter_smoke.py::test_create_job_state - gltest.exceptions....
ERROR tests/test_arbiter_smoke.py::test_submit_work - gltest.exceptions.Deplo...
ERROR tests/test_arbiter_smoke.py::test_approve_job - gltest.exceptions.Deplo...
ERROR tests/test_arbiter_smoke.py::test_dispute_job - gltest.exceptions.Deplo...
ERROR tests/test_arbiter_smoke.py::test_appeal_job - gltest.exceptions.Deploy...
ERROR tests/test_arbiter_smoke.py::test_unavailable_evidence_recovery - gltes...
ERROR tests/test_arbiter_smoke.py::test_create_milestone_job - gltest.excepti...
ERROR tests/test_arbiter_smoke.py::test_milestone_approval_and_parent_resolution
ERROR tests/test_arbiter_smoke.py::test_milestone_dispute_is_independent - gl...
ERROR tests/test_arbiter_smoke.py::test_milestone_dispute_appeal_and_parent_resolution
ERROR tests/test_arbiter_smoke.py::test_url_submission_pins_digest - gltest.e...
ERROR tests/test_arbiter_smoke.py::test_url_dispute_uses_pinned_evidence - gl...
ERROR tests/test_arbiter_smoke.py::test_finalize_before_appeal_window_fails
=================== 1 passed, 15 errors in 111.20s (0:01:51) ===================
