INFO: File `gltest.config.yaml` found in the current directory, using it
INFO: Clearing artifacts directory: artifacts
INFO: Using the following configuration:
INFO:   RPC URL: https://studio-dev.genlayer.com/api
INFO:   Selected Network: studio_devnet
INFO:   Available networks: ['studio_devnet']
INFO:   Selected chain type: studio_devnet
INFO:   Available chains: localnet, studio_devnet, studionet, testnet_asimov, testnet_bradbury
INFO:   Contracts directory: contract
INFO:   Artifacts directory: artifacts
INFO:   Environment: .env
INFO:   Default wait interval: 3000 ms
INFO:   Default wait retries: 50
INFO:   Leader only mode: False
============================= test session starts ==============================
platform android -- Python 3.13.13, pytest-9.1.1, pluggy-1.6.0 -- /data/data/com.termux/files/usr/bin/python3.13
cachedir: .pytest_cache
rootdir: /data/data/com.termux/files/home/Arbiter
plugins: genlayer-test-0.30.0rc2
collecting ... collected 29 items

tests/test_arbiter_payout.py::test_job_ids_are_one_based ERROR           [  3%]
tests/test_arbiter_payout.py::test_approve_pays_worker ERROR             [  6%]
tests/test_arbiter_payout.py::test_dispute_parks_in_verdict_pending_without_paying ERROR [ 10%]
tests/test_arbiter_payout.py::test_dispute_evidence_unavailable_url ERROR [ 13%]
tests/test_arbiter_payout.py::test_recover_unavailable_job_splits_50_50 ERROR [ 17%]
tests/test_arbiter_payout.py::test_appeal_by_winning_party_fails ERROR   [ 20%]
tests/test_arbiter_payout.py::test_appeal_by_outsider_fails ERROR        [ 24%]
tests/test_arbiter_payout.py::test_finalize_before_window_closed_fails ERROR [ 27%]
tests/test_arbiter_payout.py::test_finalize_by_outsider_fails ERROR      [ 31%]
tests/test_arbiter_payout.py::test_abandon_open_job_too_early_fails ERROR [ 34%]
tests/test_arbiter_payout.py::test_only_requester_can_approve ERROR      [ 37%]
tests/test_arbiter_payout.py::test_only_requester_or_worker_can_dispute ERROR [ 41%]
tests/test_arbiter_smoke.py::test_initial_state ERROR                    [ 44%]
tests/test_arbiter_smoke.py::test_accounts PASSED                        [ 48%]
tests/test_arbiter_smoke.py::test_create_job ERROR                       [ 51%]
tests/test_arbiter_smoke.py::test_create_job_state ERROR                 [ 55%]
tests/test_arbiter_smoke.py::test_submit_work ERROR                      [ 58%]
tests/test_arbiter_smoke.py::test_approve_job ERROR                      [ 62%]
tests/test_arbiter_smoke.py::test_dispute_job ERROR                      [ 65%]
tests/test_arbiter_smoke.py::test_appeal_job ERROR                       [ 68%]
tests/test_arbiter_smoke.py::test_unavailable_evidence_recovery ERROR    [ 72%]
tests/test_arbiter_smoke.py::test_create_milestone_job ERROR             [ 75%]
tests/test_arbiter_smoke.py::test_milestone_approval_and_parent_resolution ERROR [ 79%]
tests/test_arbiter_smoke.py::test_milestone_dispute_is_independent ERROR [ 82%]
tests/test_arbiter_smoke.py::test_milestone_dispute_appeal_and_parent_resolution ERROR [ 86%]
tests/test_arbiter_smoke.py::test_url_submission_pins_digest ERROR       [ 89%]
tests/test_arbiter_smoke.py::test_url_dispute_uses_pinned_evidence ERROR [ 93%]
tests/test_arbiter_smoke.py::test_finalize_before_appeal_window_fails ERROR [ 96%]
tests/test_debug_deploy.py::test_debug_deploy FAILED                     [100%]

==================================== ERRORS ====================================
_________________ ERROR at setup of test_job_ids_are_one_based _________________

self = ContractFactory(contract_name='Arbiter', contract_code='# { "Depends": "py-genlayer:5jycge4q8k23462jtb0b9fyey1s9qz928s... finalize /\n        recovery to verify that value actually left the contract."""\n        return str(self.balance)\n')
args = None, account = None, consensus_max_rotations = None, fees = None
fee_value = None, wait_until = None, wait_interval = None, wait_retries = None
wait_transaction_status = <ProtocolTransactionStatus.ACCEPTED: 'Accepted'>
wait_triggered_transactions = False
wait_triggered_transactions_status = <ProtocolTransactionStatus.ACCEPTED: 'Accepted'>
transaction_context = None

    def deploy_contract_tx(
        self,
        args: Optional[List[CalldataEncodable]] = None,
        account: Optional[LocalAccount] = None,
        consensus_max_rotations: Optional[int] = None,
        fees: Optional[Dict[str, Any]] = None,
        fee_value: Optional[int] = None,
        wait_until: Optional[Literal["decided", "finalized"]] = None,
        wait_interval: Optional[int] = None,
        wait_retries: Optional[int] = None,
        wait_transaction_status: ProtocolTransactionStatus = ProtocolTransactionStatus.ACCEPTED,
        wait_triggered_transactions: bool = False,
        wait_triggered_transactions_status: ProtocolTransactionStatus = ProtocolTransactionStatus.ACCEPTED,
        transaction_context: Optional[TransactionContext] = None,
    ) -> GenLayerTransaction:
        """
        Deploy the contract and return the transaction receipt.
        """
        general_config = get_general_config()
        actual_wait_interval = (
            wait_interval
            if wait_interval is not None
            else general_config.get_default_wait_interval()
        )
        actual_wait_retries = (
            wait_retries
            if wait_retries is not None
            else general_config.get_default_wait_retries()
        )
        leader_only = (
            general_config.get_leader_only()
            if general_config.check_studio_based_rpc()
            else False
        )
    
        client = get_gl_client()
        try:
            sim_config = None
            if transaction_context:
                try:
                    sim_config = SimConfig(**transaction_context)
                except TypeError as e:
                    raise ValueError(
                        f"Invalid transaction_context keys: {sorted(transaction_context.keys())}"
                    ) from e
>           tx_hash = client.deploy_contract(
                code=self.contract_code,
                args=args,
                account=account,
                consensus_max_rotations=consensus_max_rotations,
                leader_only=leader_only,
                **_fee_kwargs(client.deploy_contract, fees, fee_value),
                sim_config=sim_config,
            )

../../usr/lib/python3.13/site-packages/gltest/contracts/contract_factory.py:214: 
_ _ _ _ _ _ _ _ _ _ _ _ _ _ _ _ _ _ _ _ _ _ _ _ _ _ _ _ _ _ _ _ _ _ _ _ _ _ _ _ 
../../usr/lib/python3.13/site-packages/genlayer_py/client/genlayer_client.py:232: in deploy_contract
    return deploy_contract(
../../usr/lib/python3.13/site-packages/genlayer_py/contracts/actions.py:217: in deploy_contract
    return _send_transaction(
_ _ _ _ _ _ _ _ _ _ _ _ _ _ _ _ _ _ _ _ _ _ _ _ _ _ _ _ _ _ _ _ _ _ _ _ _ _ _ _ 

self = <genlayer_py.client.genlayer_client.GenLayerClient object at 0x7a9d2a3cb0>
encoded_data = '0x27241a990000000000000000000000008d9034a81a6e638775cfc9c83d60c8a95e42f48f0000000000000000000000000000000000000000000...2222220a202020202020202072657475726e207374722873656c662e62616c616e6365290a06800000000000000000000000000000000000000000'
sender_account = <eth_account.signers.local.LocalAccount object at 0x7a9d113ed0>
value = 0, sim_config = None

    def _send_transaction(
        self: GenLayerClient,
        encoded_data: HexStr,
        sender_account: Optional[LocalAccount] = None,
        value: int = 0,
        sim_config: Optional[SimConfig] = None,
    ):
        if sender_account is None:
            raise GenLayerError(
                "No account set. Configure the client with an account or pass an account to this function."
            )
    
        if self.chain.consensus_main_contract is None:
            raise GenLayerError(
                f'Consensus main contract address not found in chain config for "{self.chain.name}".',
            )
    
        try:
            transaction = _prepare_transaction(
                self=self,
                sender=sender_account.address,
                recipient=self.chain.consensus_main_contract["address"],
                data=encoded_data,
                value=value,
            )
            signed_transaction = sender_account.sign_transaction(transaction)
            serialized_transaction = self.w3.to_hex(signed_transaction.raw_transaction)
            params = [serialized_transaction]
            if sim_config is not None:
                params.append(sim_config)
            tx_hash = self.provider.make_request(
                method="eth_sendRawTransaction", params=params
            )["result"]
        except Exception as exc:
            raise GenLayerError(f"Transaction failed: {_format_rpc_error(exc)}") from exc
        tx_receipt = self.w3.eth.wait_for_transaction_receipt(tx_hash)
    
        if tx_receipt.status != 1:
            reason = _receipt_revert_reason(self, tx_hash)
            suffix = f" {reason}" if reason else ""
>           raise GenLayerError(
                f"Transaction reverted: EVM tx {tx_hash} to consensus contract "
                f"{self.chain.consensus_main_contract['address']} was reverted.{suffix}"
            )
E           genlayer_py.exceptions.GenLayerError: Transaction reverted: EVM tx 0x852f780a0c784e2fd67e05f570d3c28bc10ffb9eca305675b985b7a2e43e15c4 to consensus contract 0xb7278A61aa25c888815aFC32Ad3cC52fF24fE575 was reverted. FeesDistributionMissing

../../usr/lib/python3.13/site-packages/genlayer_py/contracts/actions.py:1319: GenLayerError

The above exception was the direct cause of the following exception:

    @pytest.fixture
    def arbiter():
        factory = get_contract_factory("Arbiter")
>       return factory.deploy()
               ^^^^^^^^^^^^^^^^

tests/test_arbiter_payout.py:76: 
_ _ _ _ _ _ _ _ _ _ _ _ _ _ _ _ _ _ _ _ _ _ _ _ _ _ _ _ _ _ _ _ _ _ _ _ _ _ _ _ 
../../usr/lib/python3.13/site-packages/gltest/contracts/contract_factory.py:148: in deploy
    receipt = self.deploy_contract_tx(
_ _ _ _ _ _ _ _ _ _ _ _ _ _ _ _ _ _ _ _ _ _ _ _ _ _ _ _ _ _ _ _ _ _ _ _ _ _ _ _ 

self = ContractFactory(contract_name='Arbiter', contract_code='# { "Depends": "py-genlayer:5jycge4q8k23462jtb0b9fyey1s9qz928s... finalize /\n        recovery to verify that value actually left the contract."""\n        return str(self.balance)\n')
args = None, account = None, consensus_max_rotations = None, fees = None
fee_value = None, wait_until = None, wait_interval = None, wait_retries = None
wait_transaction_status = <ProtocolTransactionStatus.ACCEPTED: 'Accepted'>
wait_triggered_transactions = False
wait_triggered_transactions_status = <ProtocolTransactionStatus.ACCEPTED: 'Accepted'>
transaction_context = None

    def deploy_contract_tx(
        self,
        args: Optional[List[CalldataEncodable]] = None,
        account: Optional[LocalAccount] = None,
        consensus_max_rotations: Optional[int] = None,
        fees: Optional[Dict[str, Any]] = None,
        fee_value: Optional[int] = None,
        wait_until: Optional[Literal["decided", "finalized"]] = None,
        wait_interval: Optional[int] = None,
        wait_retries: Optional[int] = None,
        wait_transaction_status: ProtocolTransactionStatus = ProtocolTransactionStatus.ACCEPTED,
        wait_triggered_transactions: bool = False,
        wait_triggered_transactions_status: ProtocolTransactionStatus = ProtocolTransactionStatus.ACCEPTED,
        transaction_context: Optional[TransactionContext] = None,
    ) -> GenLayerTransaction:
        """
        Deploy the contract and return the transaction receipt.
        """
        general_config = get_general_config()
        actual_wait_interval = (
            wait_interval
            if wait_interval is not None
            else general_config.get_default_wait_interval()
        )
        actual_wait_retries = (
            wait_retries
            if wait_retries is not None
            else general_config.get_default_wait_retries()
        )
        leader_only = (
            general_config.get_leader_only()
            if general_config.check_studio_based_rpc()
            else False
        )
    
        client = get_gl_client()
        try:
            sim_config = None
            if transaction_context:
                try:
                    sim_config = SimConfig(**transaction_context)
                except TypeError as e:
                    raise ValueError(
                        f"Invalid transaction_context keys: {sorted(transaction_context.keys())}"
                    ) from e
            tx_hash = client.deploy_contract(
                code=self.contract_code,
                args=args,
                account=account,
                consensus_max_rotations=consensus_max_rotations,
                leader_only=leader_only,
                **_fee_kwargs(client.deploy_contract, fees, fee_value),
                sim_config=sim_config,
            )
            tx_receipt = wait_for_transaction_receipt(
                client,
                transaction_hash=tx_hash,
                wait_until=wait_until
                or wait_until_from_status(wait_transaction_status),
                interval=actual_wait_interval,
                retries=actual_wait_retries,
            )
            maybe_record_fee_observation(kind="deploy", receipt=tx_receipt)
            if wait_triggered_transactions:
                triggered_transactions = tx_receipt.get("triggered_transactions", [])
                for triggered_transaction in triggered_transactions:
                    wait_for_transaction_receipt(
                        client,
                        transaction_hash=triggered_transaction,
                        wait_until=wait_until_from_status(
                            wait_triggered_transactions_status
                        ),
                        interval=actual_wait_interval,
                        retries=actual_wait_retries,
                    )
            return tx_receipt
        except Exception as e:
>           raise DeploymentError(
                f"Failed to deploy contract {self.contract_name}: {str(e)}"
            ) from e
E           gltest.exceptions.DeploymentError: Failed to deploy contract Arbiter: Transaction reverted: EVM tx 0x852f780a0c784e2fd67e05f570d3c28bc10ffb9eca305675b985b7a2e43e15c4 to consensus contract 0xb7278A61aa25c888815aFC32Ad3cC52fF24fE575 was reverted. FeesDistributionMissing

../../usr/lib/python3.13/site-packages/gltest/contracts/contract_factory.py:246: DeploymentError
__________________ ERROR at setup of test_approve_pays_worker __________________

self = ContractFactory(contract_name='Arbiter', contract_code='# { "Depends": "py-genlayer:5jycge4q8k23462jtb0b9fyey1s9qz928s... finalize /\n        recovery to verify that value actually left the contract."""\n        return str(self.balance)\n')
args = None, account = None, consensus_max_rotations = None, fees = None
fee_value = None, wait_until = None, wait_interval = None, wait_retries = None
wait_transaction_status = <ProtocolTransactionStatus.ACCEPTED: 'Accepted'>
wait_triggered_transactions = False
wait_triggered_transactions_status = <ProtocolTransactionStatus.ACCEPTED: 'Accepted'>
transaction_context = None

    def deploy_contract_tx(
        self,
        args: Optional[List[CalldataEncodable]] = None,
        account: Optional[LocalAccount] = None,
        consensus_max_rotations: Optional[int] = None,
        fees: Optional[Dict[str, Any]] = None,
        fee_value: Optional[int] = None,
        wait_until: Optional[Literal["decided", "finalized"]] = None,
        wait_interval: Optional[int] = None,
        wait_retries: Optional[int] = None,
        wait_transaction_status: ProtocolTransactionStatus = ProtocolTransactionStatus.ACCEPTED,
        wait_triggered_transactions: bool = False,
        wait_triggered_transactions_status: ProtocolTransactionStatus = ProtocolTransactionStatus.ACCEPTED,
        transaction_context: Optional[TransactionContext] = None,
    ) -> GenLayerTransaction:
        """
        Deploy the contract and return the transaction receipt.
        """
        general_config = get_general_config()
        actual_wait_interval = (
            wait_interval
            if wait_interval is not None
            else general_config.get_default_wait_interval()
        )
        actual_wait_retries = (
            wait_retries
            if wait_retries is not None
            else general_config.get_default_wait_retries()
        )
        leader_only = (
            general_config.get_leader_only()
            if general_config.check_studio_based_rpc()
            else False
        )
    
        client = get_gl_client()
        try:
            sim_config = None
            if transaction_context:
                try:
                    sim_config = SimConfig(**transaction_context)
                except TypeError as e:
                    raise ValueError(
                        f"Invalid transaction_context keys: {sorted(transaction_context.keys())}"
                    ) from e
>           tx_hash = client.deploy_contract(
                code=self.contract_code,
                args=args,
                account=account,
                consensus_max_rotations=consensus_max_rotations,
                leader_only=leader_only,
                **_fee_kwargs(client.deploy_contract, fees, fee_value),
                sim_config=sim_config,
            )

../../usr/lib/python3.13/site-packages/gltest/contracts/contract_factory.py:214: 
_ _ _ _ _ _ _ _ _ _ _ _ _ _ _ _ _ _ _ _ _ _ _ _ _ _ _ _ _ _ _ _ _ _ _ _ _ _ _ _ 
../../usr/lib/python3.13/site-packages/genlayer_py/client/genlayer_client.py:232: in deploy_contract
    return deploy_contract(
../../usr/lib/python3.13/site-packages/genlayer_py/contracts/actions.py:217: in deploy_contract
    return _send_transaction(
_ _ _ _ _ _ _ _ _ _ _ _ _ _ _ _ _ _ _ _ _ _ _ _ _ _ _ _ _ _ _ _ _ _ _ _ _ _ _ _ 

self = <genlayer_py.client.genlayer_client.GenLayerClient object at 0x7a9d2a3cb0>
encoded_data = '0x27241a990000000000000000000000008d9034a81a6e638775cfc9c83d60c8a95e42f48f0000000000000000000000000000000000000000000...2222220a202020202020202072657475726e207374722873656c662e62616c616e6365290a06800000000000000000000000000000000000000000'
sender_account = <eth_account.signers.local.LocalAccount object at 0x7a9d113ed0>
value = 0, sim_config = None

    def _send_transaction(
        self: GenLayerClient,
        encoded_data: HexStr,
        sender_account: Optional[LocalAccount] = None,
        value: int = 0,
        sim_config: Optional[SimConfig] = None,
    ):
        if sender_account is None:
            raise GenLayerError(
                "No account set. Configure the client with an account or pass an account to this function."
            )
    
        if self.chain.consensus_main_contract is None:
            raise GenLayerError(
                f'Consensus main contract address not found in chain config for "{self.chain.name}".',
            )
    
        try:
            transaction = _prepare_transaction(
                self=self,
                sender=sender_account.address,
                recipient=self.chain.consensus_main_contract["address"],
                data=encoded_data,
                value=value,
            )
            signed_transaction = sender_account.sign_transaction(transaction)
            serialized_transaction = self.w3.to_hex(signed_transaction.raw_transaction)
            params = [serialized_transaction]
            if sim_config is not None:
                params.append(sim_config)
            tx_hash = self.provider.make_request(
                method="eth_sendRawTransaction", params=params
            )["result"]
        except Exception as exc:
            raise GenLayerError(f"Transaction failed: {_format_rpc_error(exc)}") from exc
        tx_receipt = self.w3.eth.wait_for_transaction_receipt(tx_hash)
    
        if tx_receipt.status != 1:
            reason = _receipt_revert_reason(self, tx_hash)
            suffix = f" {reason}" if reason else ""
>           raise GenLayerError(
                f"Transaction reverted: EVM tx {tx_hash} to consensus contract "
                f"{self.chain.consensus_main_contract['address']} was reverted.{suffix}"
            )
E           genlayer_py.exceptions.GenLayerError: Transaction reverted: EVM tx 0x23645f7cfb8c9a5a75f96ffae663b66c717c207452a04702e6fc599e9f22a38f to consensus contract 0xb7278A61aa25c888815aFC32Ad3cC52fF24fE575 was reverted. FeesDistributionMissing

../../usr/lib/python3.13/site-packages/genlayer_py/contracts/actions.py:1319: GenLayerError

The above exception was the direct cause of the following exception:

    @pytest.fixture
    def arbiter():
        factory = get_contract_factory("Arbiter")
>       return factory.deploy()
               ^^^^^^^^^^^^^^^^

tests/test_arbiter_payout.py:76: 
_ _ _ _ _ _ _ _ _ _ _ _ _ _ _ _ _ _ _ _ _ _ _ _ _ _ _ _ _ _ _ _ _ _ _ _ _ _ _ _ 
../../usr/lib/python3.13/site-packages/gltest/contracts/contract_factory.py:148: in deploy
    receipt = self.deploy_contract_tx(
_ _ _ _ _ _ _ _ _ _ _ _ _ _ _ _ _ _ _ _ _ _ _ _ _ _ _ _ _ _ _ _ _ _ _ _ _ _ _ _ 

self = ContractFactory(contract_name='Arbiter', contract_code='# { "Depends": "py-genlayer:5jycge4q8k23462jtb0b9fyey1s9qz928s... finalize /\n        recovery to verify that value actually left the contract."""\n        return str(self.balance)\n')
args = None, account = None, consensus_max_rotations = None, fees = None
fee_value = None, wait_until = None, wait_interval = None, wait_retries = None
wait_transaction_status = <ProtocolTransactionStatus.ACCEPTED: 'Accepted'>
wait_triggered_transactions = False
wait_triggered_transactions_status = <ProtocolTransactionStatus.ACCEPTED: 'Accepted'>
transaction_context = None

    def deploy_contract_tx(
        self,
        args: Optional[List[CalldataEncodable]] = None,
        account: Optional[LocalAccount] = None,
        consensus_max_rotations: Optional[int] = None,
        fees: Optional[Dict[str, Any]] = None,
        fee_value: Optional[int] = None,
        wait_until: Optional[Literal["decided", "finalized"]] = None,
        wait_interval: Optional[int] = None,
        wait_retries: Optional[int] = None,
        wait_transaction_status: ProtocolTransactionStatus = ProtocolTransactionStatus.ACCEPTED,
        wait_triggered_transactions: bool = False,
        wait_triggered_transactions_status: ProtocolTransactionStatus = ProtocolTransactionStatus.ACCEPTED,
        transaction_context: Optional[TransactionContext] = None,
    ) -> GenLayerTransaction:
        """
        Deploy the contract and return the transaction receipt.
        """
        general_config = get_general_config()
        actual_wait_interval = (
            wait_interval
            if wait_interval is not None
            else general_config.get_default_wait_interval()
        )
        actual_wait_retries = (
            wait_retries
            if wait_retries is not None
            else general_config.get_default_wait_retries()
        )
        leader_only = (
            general_config.get_leader_only()
            if general_config.check_studio_based_rpc()
            else False
        )
    
        client = get_gl_client()
        try:
            sim_config = None
            if transaction_context:
                try:
                    sim_config = SimConfig(**transaction_context)
                except TypeError as e:
                    raise ValueError(
                        f"Invalid transaction_context keys: {sorted(transaction_context.keys())}"
                    ) from e
            tx_hash = client.deploy_contract(
                code=self.contract_code,
                args=args,
                account=account,
                consensus_max_rotations=consensus_max_rotations,
                leader_only=leader_only,
                **_fee_kwargs(client.deploy_contract, fees, fee_value),
                sim_config=sim_config,
            )
            tx_receipt = wait_for_transaction_receipt(
                client,
                transaction_hash=tx_hash,
                wait_until=wait_until
                or wait_until_from_status(wait_transaction_status),
                interval=actual_wait_interval,
                retries=actual_wait_retries,
            )
            maybe_record_fee_observation(kind="deploy", receipt=tx_receipt)
            if wait_triggered_transactions:
                triggered_transactions = tx_receipt.get("triggered_transactions", [])
                for triggered_transaction in triggered_transactions:
                    wait_for_transaction_receipt(
                        client,
                        transaction_hash=triggered_transaction,
                        wait_until=wait_until_from_status(
                            wait_triggered_transactions_status
                        ),
                        interval=actual_wait_interval,
                        retries=actual_wait_retries,
                    )
            return tx_receipt
        except Exception as e:
>           raise DeploymentError(
                f"Failed to deploy contract {self.contract_name}: {str(e)}"
            ) from e
E           gltest.exceptions.DeploymentError: Failed to deploy contract Arbiter: Transaction reverted: EVM tx 0x23645f7cfb8c9a5a75f96ffae663b66c717c207452a04702e6fc599e9f22a38f to consensus contract 0xb7278A61aa25c888815aFC32Ad3cC52fF24fE575 was reverted. FeesDistributionMissing

../../usr/lib/python3.13/site-packages/gltest/contracts/contract_factory.py:246: DeploymentError
____ ERROR at setup of test_dispute_parks_in_verdict_pending_without_paying ____

self = ContractFactory(contract_name='Arbiter', contract_code='# { "Depends": "py-genlayer:5jycge4q8k23462jtb0b9fyey1s9qz928s... finalize /\n        recovery to verify that value actually left the contract."""\n        return str(self.balance)\n')
args = None, account = None, consensus_max_rotations = None, fees = None
fee_value = None, wait_until = None, wait_interval = None, wait_retries = None
wait_transaction_status = <ProtocolTransactionStatus.ACCEPTED: 'Accepted'>
wait_triggered_transactions = False
wait_triggered_transactions_status = <ProtocolTransactionStatus.ACCEPTED: 'Accepted'>
transaction_context = None

    def deploy_contract_tx(
        self,
        args: Optional[List[CalldataEncodable]] = None,
        account: Optional[LocalAccount] = None,
        consensus_max_rotations: Optional[int] = None,
        fees: Optional[Dict[str, Any]] = None,
        fee_value: Optional[int] = None,
        wait_until: Optional[Literal["decided", "finalized"]] = None,
        wait_interval: Optional[int] = None,
        wait_retries: Optional[int] = None,
        wait_transaction_status: ProtocolTransactionStatus = ProtocolTransactionStatus.ACCEPTED,
        wait_triggered_transactions: bool = False,
        wait_triggered_transactions_status: ProtocolTransactionStatus = ProtocolTransactionStatus.ACCEPTED,
        transaction_context: Optional[TransactionContext] = None,
    ) -> GenLayerTransaction:
        """
        Deploy the contract and return the transaction receipt.
        """
        general_config = get_general_config()
        actual_wait_interval = (
            wait_interval
            if wait_interval is not None
            else general_config.get_default_wait_interval()
        )
        actual_wait_retries = (
            wait_retries
            if wait_retries is not None
            else general_config.get_default_wait_retries()
        )
        leader_only = (
            general_config.get_leader_only()
            if general_config.check_studio_based_rpc()
            else False
        )
    
        client = get_gl_client()
        try:
            sim_config = None
            if transaction_context:
                try:
                    sim_config = SimConfig(**transaction_context)
                except TypeError as e:
                    raise ValueError(
                        f"Invalid transaction_context keys: {sorted(transaction_context.keys())}"
                    ) from e
>           tx_hash = client.deploy_contract(
                code=self.contract_code,
                args=args,
                account=account,
                consensus_max_rotations=consensus_max_rotations,
                leader_only=leader_only,
                **_fee_kwargs(client.deploy_contract, fees, fee_value),
                sim_config=sim_config,
            )

../../usr/lib/python3.13/site-packages/gltest/contracts/contract_factory.py:214: 
_ _ _ _ _ _ _ _ _ _ _ _ _ _ _ _ _ _ _ _ _ _ _ _ _ _ _ _ _ _ _ _ _ _ _ _ _ _ _ _ 
../../usr/lib/python3.13/site-packages/genlayer_py/client/genlayer_client.py:232: in deploy_contract
    return deploy_contract(
../../usr/lib/python3.13/site-packages/genlayer_py/contracts/actions.py:217: in deploy_contract
    return _send_transaction(
_ _ _ _ _ _ _ _ _ _ _ _ _ _ _ _ _ _ _ _ _ _ _ _ _ _ _ _ _ _ _ _ _ _ _ _ _ _ _ _ 

self = <genlayer_py.client.genlayer_client.GenLayerClient object at 0x7a9d2a3cb0>
encoded_data = '0x27241a990000000000000000000000008d9034a81a6e638775cfc9c83d60c8a95e42f48f0000000000000000000000000000000000000000000...2222220a202020202020202072657475726e207374722873656c662e62616c616e6365290a06800000000000000000000000000000000000000000'
sender_account = <eth_account.signers.local.LocalAccount object at 0x7a9d113ed0>
value = 0, sim_config = None

    def _send_transaction(
        self: GenLayerClient,
        encoded_data: HexStr,
        sender_account: Optional[LocalAccount] = None,
        value: int = 0,
        sim_config: Optional[SimConfig] = None,
    ):
        if sender_account is None:
            raise GenLayerError(
                "No account set. Configure the client with an account or pass an account to this function."
            )
    
        if self.chain.consensus_main_contract is None:
            raise GenLayerError(
                f'Consensus main contract address not found in chain config for "{self.chain.name}".',
            )
    
        try:
            transaction = _prepare_transaction(
                self=self,
                sender=sender_account.address,
                recipient=self.chain.consensus_main_contract["address"],
                data=encoded_data,
                value=value,
            )
            signed_transaction = sender_account.sign_transaction(transaction)
            serialized_transaction = self.w3.to_hex(signed_transaction.raw_transaction)
            params = [serialized_transaction]
            if sim_config is not None:
                params.append(sim_config)
            tx_hash = self.provider.make_request(
                method="eth_sendRawTransaction", params=params
            )["result"]
        except Exception as exc:
            raise GenLayerError(f"Transaction failed: {_format_rpc_error(exc)}") from exc
        tx_receipt = self.w3.eth.wait_for_transaction_receipt(tx_hash)
    
        if tx_receipt.status != 1:
            reason = _receipt_revert_reason(self, tx_hash)
            suffix = f" {reason}" if reason else ""
>           raise GenLayerError(
                f"Transaction reverted: EVM tx {tx_hash} to consensus contract "
                f"{self.chain.consensus_main_contract['address']} was reverted.{suffix}"
            )
E           genlayer_py.exceptions.GenLayerError: Transaction reverted: EVM tx 0x7071e988d25bc9eb83bc09272b91c062ee8f86103417d04193f32159111cf7ff to consensus contract 0xb7278A61aa25c888815aFC32Ad3cC52fF24fE575 was reverted. FeesDistributionMissing

../../usr/lib/python3.13/site-packages/genlayer_py/contracts/actions.py:1319: GenLayerError

The above exception was the direct cause of the following exception:

    @pytest.fixture
    def arbiter():
        factory = get_contract_factory("Arbiter")
>       return factory.deploy()
               ^^^^^^^^^^^^^^^^

tests/test_arbiter_payout.py:76: 
_ _ _ _ _ _ _ _ _ _ _ _ _ _ _ _ _ _ _ _ _ _ _ _ _ _ _ _ _ _ _ _ _ _ _ _ _ _ _ _ 
../../usr/lib/python3.13/site-packages/gltest/contracts/contract_factory.py:148: in deploy
    receipt = self.deploy_contract_tx(
_ _ _ _ _ _ _ _ _ _ _ _ _ _ _ _ _ _ _ _ _ _ _ _ _ _ _ _ _ _ _ _ _ _ _ _ _ _ _ _ 

self = ContractFactory(contract_name='Arbiter', contract_code='# { "Depends": "py-genlayer:5jycge4q8k23462jtb0b9fyey1s9qz928s... finalize /\n        recovery to verify that value actually left the contract."""\n        return str(self.balance)\n')
args = None, account = None, consensus_max_rotations = None, fees = None
fee_value = None, wait_until = None, wait_interval = None, wait_retries = None
wait_transaction_status = <ProtocolTransactionStatus.ACCEPTED: 'Accepted'>
wait_triggered_transactions = False
wait_triggered_transactions_status = <ProtocolTransactionStatus.ACCEPTED: 'Accepted'>
transaction_context = None

    def deploy_contract_tx(
        self,
        args: Optional[List[CalldataEncodable]] = None,
        account: Optional[LocalAccount] = None,
        consensus_max_rotations: Optional[int] = None,
        fees: Optional[Dict[str, Any]] = None,
        fee_value: Optional[int] = None,
        wait_until: Optional[Literal["decided", "finalized"]] = None,
        wait_interval: Optional[int] = None,
        wait_retries: Optional[int] = None,
        wait_transaction_status: ProtocolTransactionStatus = ProtocolTransactionStatus.ACCEPTED,
        wait_triggered_transactions: bool = False,
        wait_triggered_transactions_status: ProtocolTransactionStatus = ProtocolTransactionStatus.ACCEPTED,
        transaction_context: Optional[TransactionContext] = None,
    ) -> GenLayerTransaction:
        """
        Deploy the contract and return the transaction receipt.
        """
        general_config = get_general_config()
        actual_wait_interval = (
            wait_interval
            if wait_interval is not None
            else general_config.get_default_wait_interval()
        )
        actual_wait_retries = (
            wait_retries
            if wait_retries is not None
            else general_config.get_default_wait_retries()
        )
        leader_only = (
            general_config.get_leader_only()
            if general_config.check_studio_based_rpc()
            else False
        )
    
        client = get_gl_client()
        try:
            sim_config = None
            if transaction_context:
                try:
                    sim_config = SimConfig(**transaction_context)
                except TypeError as e:
                    raise ValueError(
                        f"Invalid transaction_context keys: {sorted(transaction_context.keys())}"
                    ) from e
            tx_hash = client.deploy_contract(
                code=self.contract_code,
                args=args,
                account=account,
                consensus_max_rotations=consensus_max_rotations,
                leader_only=leader_only,
                **_fee_kwargs(client.deploy_contract, fees, fee_value),
                sim_config=sim_config,
            )
            tx_receipt = wait_for_transaction_receipt(
                client,
                transaction_hash=tx_hash,
                wait_until=wait_until
                or wait_until_from_status(wait_transaction_status),
                interval=actual_wait_interval,
                retries=actual_wait_retries,
            )
            maybe_record_fee_observation(kind="deploy", receipt=tx_receipt)
            if wait_triggered_transactions:
                triggered_transactions = tx_receipt.get("triggered_transactions", [])
                for triggered_transaction in triggered_transactions:
                    wait_for_transaction_receipt(
                        client,
                        transaction_hash=triggered_transaction,
                        wait_until=wait_until_from_status(
                            wait_triggered_transactions_status
                        ),
                        interval=actual_wait_interval,
                        retries=actual_wait_retries,
                    )
            return tx_receipt
        except Exception as e:
>           raise DeploymentError(
                f"Failed to deploy contract {self.contract_name}: {str(e)}"
            ) from e
E           gltest.exceptions.DeploymentError: Failed to deploy contract Arbiter: Transaction reverted: EVM tx 0x7071e988d25bc9eb83bc09272b91c062ee8f86103417d04193f32159111cf7ff to consensus contract 0xb7278A61aa25c888815aFC32Ad3cC52fF24fE575 was reverted. FeesDistributionMissing

../../usr/lib/python3.13/site-packages/gltest/contracts/contract_factory.py:246: DeploymentError
___________ ERROR at setup of test_dispute_evidence_unavailable_url ____________

self = ContractFactory(contract_name='Arbiter', contract_code='# { "Depends": "py-genlayer:5jycge4q8k23462jtb0b9fyey1s9qz928s... finalize /\n        recovery to verify that value actually left the contract."""\n        return str(self.balance)\n')
args = None, account = None, consensus_max_rotations = None, fees = None
fee_value = None, wait_until = None, wait_interval = None, wait_retries = None
wait_transaction_status = <ProtocolTransactionStatus.ACCEPTED: 'Accepted'>
wait_triggered_transactions = False
wait_triggered_transactions_status = <ProtocolTransactionStatus.ACCEPTED: 'Accepted'>
transaction_context = None

    def deploy_contract_tx(
        self,
        args: Optional[List[CalldataEncodable]] = None,
        account: Optional[LocalAccount] = None,
        consensus_max_rotations: Optional[int] = None,
        fees: Optional[Dict[str, Any]] = None,
        fee_value: Optional[int] = None,
        wait_until: Optional[Literal["decided", "finalized"]] = None,
        wait_interval: Optional[int] = None,
        wait_retries: Optional[int] = None,
        wait_transaction_status: ProtocolTransactionStatus = ProtocolTransactionStatus.ACCEPTED,
        wait_triggered_transactions: bool = False,
        wait_triggered_transactions_status: ProtocolTransactionStatus = ProtocolTransactionStatus.ACCEPTED,
        transaction_context: Optional[TransactionContext] = None,
    ) -> GenLayerTransaction:
        """
        Deploy the contract and return the transaction receipt.
        """
        general_config = get_general_config()
        actual_wait_interval = (
            wait_interval
            if wait_interval is not None
            else general_config.get_default_wait_interval()
        )
        actual_wait_retries = (
            wait_retries
            if wait_retries is not None
            else general_config.get_default_wait_retries()
        )
        leader_only = (
            general_config.get_leader_only()
            if general_config.check_studio_based_rpc()
            else False
        )
    
        client = get_gl_client()
        try:
            sim_config = None
            if transaction_context:
                try:
                    sim_config = SimConfig(**transaction_context)
                except TypeError as e:
                    raise ValueError(
                        f"Invalid transaction_context keys: {sorted(transaction_context.keys())}"
                    ) from e
>           tx_hash = client.deploy_contract(
                code=self.contract_code,
                args=args,
                account=account,
                consensus_max_rotations=consensus_max_rotations,
                leader_only=leader_only,
                **_fee_kwargs(client.deploy_contract, fees, fee_value),
                sim_config=sim_config,
            )

../../usr/lib/python3.13/site-packages/gltest/contracts/contract_factory.py:214: 
_ _ _ _ _ _ _ _ _ _ _ _ _ _ _ _ _ _ _ _ _ _ _ _ _ _ _ _ _ _ _ _ _ _ _ _ _ _ _ _ 
../../usr/lib/python3.13/site-packages/genlayer_py/client/genlayer_client.py:232: in deploy_contract
    return deploy_contract(
../../usr/lib/python3.13/site-packages/genlayer_py/contracts/actions.py:217: in deploy_contract
    return _send_transaction(
_ _ _ _ _ _ _ _ _ _ _ _ _ _ _ _ _ _ _ _ _ _ _ _ _ _ _ _ _ _ _ _ _ _ _ _ _ _ _ _ 

self = <genlayer_py.client.genlayer_client.GenLayerClient object at 0x7a9d2a3cb0>
encoded_data = '0x27241a990000000000000000000000008d9034a81a6e638775cfc9c83d60c8a95e42f48f0000000000000000000000000000000000000000000...2222220a202020202020202072657475726e207374722873656c662e62616c616e6365290a06800000000000000000000000000000000000000000'
sender_account = <eth_account.signers.local.LocalAccount object at 0x7a9d113ed0>
value = 0, sim_config = None

    def _send_transaction(
        self: GenLayerClient,
        encoded_data: HexStr,
        sender_account: Optional[LocalAccount] = None,
        value: int = 0,
        sim_config: Optional[SimConfig] = None,
    ):
        if sender_account is None:
            raise GenLayerError(
                "No account set. Configure the client with an account or pass an account to this function."
            )
    
        if self.chain.consensus_main_contract is None:
            raise GenLayerError(
                f'Consensus main contract address not found in chain config for "{self.chain.name}".',
            )
    
        try:
            transaction = _prepare_transaction(
                self=self,
                sender=sender_account.address,
                recipient=self.chain.consensus_main_contract["address"],
                data=encoded_data,
                value=value,
            )
            signed_transaction = sender_account.sign_transaction(transaction)
            serialized_transaction = self.w3.to_hex(signed_transaction.raw_transaction)
            params = [serialized_transaction]
            if sim_config is not None:
                params.append(sim_config)
            tx_hash = self.provider.make_request(
                method="eth_sendRawTransaction", params=params
            )["result"]
        except Exception as exc:
            raise GenLayerError(f"Transaction failed: {_format_rpc_error(exc)}") from exc
        tx_receipt = self.w3.eth.wait_for_transaction_receipt(tx_hash)
    
        if tx_receipt.status != 1:
            reason = _receipt_revert_reason(self, tx_hash)
            suffix = f" {reason}" if reason else ""
>           raise GenLayerError(
                f"Transaction reverted: EVM tx {tx_hash} to consensus contract "
                f"{self.chain.consensus_main_contract['address']} was reverted.{suffix}"
            )
E           genlayer_py.exceptions.GenLayerError: Transaction reverted: EVM tx 0x0ee0507b7582996ab94e0466c40183382d0217b5b12e337c0afd2f68c3b542b9 to consensus contract 0xb7278A61aa25c888815aFC32Ad3cC52fF24fE575 was reverted. FeesDistributionMissing

../../usr/lib/python3.13/site-packages/genlayer_py/contracts/actions.py:1319: GenLayerError

The above exception was the direct cause of the following exception:

    @pytest.fixture
    def arbiter():
        factory = get_contract_factory("Arbiter")
>       return factory.deploy()
               ^^^^^^^^^^^^^^^^

tests/test_arbiter_payout.py:76: 
_ _ _ _ _ _ _ _ _ _ _ _ _ _ _ _ _ _ _ _ _ _ _ _ _ _ _ _ _ _ _ _ _ _ _ _ _ _ _ _ 
../../usr/lib/python3.13/site-packages/gltest/contracts/contract_factory.py:148: in deploy
    receipt = self.deploy_contract_tx(
_ _ _ _ _ _ _ _ _ _ _ _ _ _ _ _ _ _ _ _ _ _ _ _ _ _ _ _ _ _ _ _ _ _ _ _ _ _ _ _ 

self = ContractFactory(contract_name='Arbiter', contract_code='# { "Depends": "py-genlayer:5jycge4q8k23462jtb0b9fyey1s9qz928s... finalize /\n        recovery to verify that value actually left the contract."""\n        return str(self.balance)\n')
args = None, account = None, consensus_max_rotations = None, fees = None
fee_value = None, wait_until = None, wait_interval = None, wait_retries = None
wait_transaction_status = <ProtocolTransactionStatus.ACCEPTED: 'Accepted'>
wait_triggered_transactions = False
wait_triggered_transactions_status = <ProtocolTransactionStatus.ACCEPTED: 'Accepted'>
transaction_context = None

    def deploy_contract_tx(
        self,
        args: Optional[List[CalldataEncodable]] = None,
        account: Optional[LocalAccount] = None,
        consensus_max_rotations: Optional[int] = None,
        fees: Optional[Dict[str, Any]] = None,
        fee_value: Optional[int] = None,
        wait_until: Optional[Literal["decided", "finalized"]] = None,
        wait_interval: Optional[int] = None,
        wait_retries: Optional[int] = None,
        wait_transaction_status: ProtocolTransactionStatus = ProtocolTransactionStatus.ACCEPTED,
        wait_triggered_transactions: bool = False,
        wait_triggered_transactions_status: ProtocolTransactionStatus = ProtocolTransactionStatus.ACCEPTED,
        transaction_context: Optional[TransactionContext] = None,
    ) -> GenLayerTransaction:
        """
        Deploy the contract and return the transaction receipt.
        """
        general_config = get_general_config()
        actual_wait_interval = (
            wait_interval
            if wait_interval is not None
            else general_config.get_default_wait_interval()
        )
        actual_wait_retries = (
            wait_retries
            if wait_retries is not None
            else general_config.get_default_wait_retries()
        )
        leader_only = (
            general_config.get_leader_only()
            if general_config.check_studio_based_rpc()
            else False
        )
    
        client = get_gl_client()
        try:
            sim_config = None
            if transaction_context:
                try:
                    sim_config = SimConfig(**transaction_context)
                except TypeError as e:
                    raise ValueError(
                        f"Invalid transaction_context keys: {sorted(transaction_context.keys())}"
                    ) from e
            tx_hash = client.deploy_contract(
                code=self.contract_code,
                args=args,
                account=account,
                consensus_max_rotations=consensus_max_rotations,
                leader_only=leader_only,
                **_fee_kwargs(client.deploy_contract, fees, fee_value),
                sim_config=sim_config,
            )
            tx_receipt = wait_for_transaction_receipt(
                client,
                transaction_hash=tx_hash,
                wait_until=wait_until
                or wait_until_from_status(wait_transaction_status),
                interval=actual_wait_interval,
                retries=actual_wait_retries,
            )
            maybe_record_fee_observation(kind="deploy", receipt=tx_receipt)
            if wait_triggered_transactions:
                triggered_transactions = tx_receipt.get("triggered_transactions", [])
                for triggered_transaction in triggered_transactions:
                    wait_for_transaction_receipt(
                        client,
                        transaction_hash=triggered_transaction,
                        wait_until=wait_until_from_status(
                            wait_triggered_transactions_status
                        ),
                        interval=actual_wait_interval,
                        retries=actual_wait_retries,
                    )
            return tx_receipt
        except Exception as e:
>           raise DeploymentError(
                f"Failed to deploy contract {self.contract_name}: {str(e)}"
            ) from e
E           gltest.exceptions.DeploymentError: Failed to deploy contract Arbiter: Transaction reverted: EVM tx 0x0ee0507b7582996ab94e0466c40183382d0217b5b12e337c0afd2f68c3b542b9 to consensus contract 0xb7278A61aa25c888815aFC32Ad3cC52fF24fE575 was reverted. FeesDistributionMissing

../../usr/lib/python3.13/site-packages/gltest/contracts/contract_factory.py:246: DeploymentError
_________ ERROR at setup of test_recover_unavailable_job_splits_50_50 __________

self = ContractFactory(contract_name='Arbiter', contract_code='# { "Depends": "py-genlayer:5jycge4q8k23462jtb0b9fyey1s9qz928s... finalize /\n        recovery to verify that value actually left the contract."""\n        return str(self.balance)\n')
args = None, account = None, consensus_max_rotations = None, fees = None
fee_value = None, wait_until = None, wait_interval = None, wait_retries = None
wait_transaction_status = <ProtocolTransactionStatus.ACCEPTED: 'Accepted'>
wait_triggered_transactions = False
wait_triggered_transactions_status = <ProtocolTransactionStatus.ACCEPTED: 'Accepted'>
transaction_context = None

    def deploy_contract_tx(
        self,
        args: Optional[List[CalldataEncodable]] = None,
        account: Optional[LocalAccount] = None,
        consensus_max_rotations: Optional[int] = None,
        fees: Optional[Dict[str, Any]] = None,
        fee_value: Optional[int] = None,
        wait_until: Optional[Literal["decided", "finalized"]] = None,
        wait_interval: Optional[int] = None,
        wait_retries: Optional[int] = None,
        wait_transaction_status: ProtocolTransactionStatus = ProtocolTransactionStatus.ACCEPTED,
        wait_triggered_transactions: bool = False,
        wait_triggered_transactions_status: ProtocolTransactionStatus = ProtocolTransactionStatus.ACCEPTED,
        transaction_context: Optional[TransactionContext] = None,
    ) -> GenLayerTransaction:
        """
        Deploy the contract and return the transaction receipt.
        """
        general_config = get_general_config()
        actual_wait_interval = (
            wait_interval
            if wait_interval is not None
            else general_config.get_default_wait_interval()
        )
        actual_wait_retries = (
            wait_retries
            if wait_retries is not None
            else general_config.get_default_wait_retries()
        )
        leader_only = (
            general_config.get_leader_only()
            if general_config.check_studio_based_rpc()
            else False
        )
    
        client = get_gl_client()
        try:
            sim_config = None
            if transaction_context:
                try:
                    sim_config = SimConfig(**transaction_context)
                except TypeError as e:
                    raise ValueError(
                        f"Invalid transaction_context keys: {sorted(transaction_context.keys())}"
                    ) from e
>           tx_hash = client.deploy_contract(
                code=self.contract_code,
                args=args,
                account=account,
                consensus_max_rotations=consensus_max_rotations,
                leader_only=leader_only,
                **_fee_kwargs(client.deploy_contract, fees, fee_value),
                sim_config=sim_config,
            )

../../usr/lib/python3.13/site-packages/gltest/contracts/contract_factory.py:214: 
_ _ _ _ _ _ _ _ _ _ _ _ _ _ _ _ _ _ _ _ _ _ _ _ _ _ _ _ _ _ _ _ _ _ _ _ _ _ _ _ 
../../usr/lib/python3.13/site-packages/genlayer_py/client/genlayer_client.py:232: in deploy_contract
    return deploy_contract(
../../usr/lib/python3.13/site-packages/genlayer_py/contracts/actions.py:217: in deploy_contract
    return _send_transaction(
_ _ _ _ _ _ _ _ _ _ _ _ _ _ _ _ _ _ _ _ _ _ _ _ _ _ _ _ _ _ _ _ _ _ _ _ _ _ _ _ 

self = <genlayer_py.client.genlayer_client.GenLayerClient object at 0x7a9d2a3cb0>
encoded_data = '0x27241a990000000000000000000000008d9034a81a6e638775cfc9c83d60c8a95e42f48f0000000000000000000000000000000000000000000...2222220a202020202020202072657475726e207374722873656c662e62616c616e6365290a06800000000000000000000000000000000000000000'
sender_account = <eth_account.signers.local.LocalAccount object at 0x7a9d113ed0>
value = 0, sim_config = None

    def _send_transaction(
        self: GenLayerClient,
        encoded_data: HexStr,
        sender_account: Optional[LocalAccount] = None,
        value: int = 0,
        sim_config: Optional[SimConfig] = None,
    ):
        if sender_account is None:
            raise GenLayerError(
                "No account set. Configure the client with an account or pass an account to this function."
            )
    
        if self.chain.consensus_main_contract is None:
            raise GenLayerError(
                f'Consensus main contract address not found in chain config for "{self.chain.name}".',
            )
    
        try:
            transaction = _prepare_transaction(
                self=self,
                sender=sender_account.address,
                recipient=self.chain.consensus_main_contract["address"],
                data=encoded_data,
                value=value,
            )
            signed_transaction = sender_account.sign_transaction(transaction)
            serialized_transaction = self.w3.to_hex(signed_transaction.raw_transaction)
            params = [serialized_transaction]
            if sim_config is not None:
                params.append(sim_config)
            tx_hash = self.provider.make_request(
                method="eth_sendRawTransaction", params=params
            )["result"]
        except Exception as exc:
            raise GenLayerError(f"Transaction failed: {_format_rpc_error(exc)}") from exc
        tx_receipt = self.w3.eth.wait_for_transaction_receipt(tx_hash)
    
        if tx_receipt.status != 1:
            reason = _receipt_revert_reason(self, tx_hash)
            suffix = f" {reason}" if reason else ""
>           raise GenLayerError(
                f"Transaction reverted: EVM tx {tx_hash} to consensus contract "
                f"{self.chain.consensus_main_contract['address']} was reverted.{suffix}"
            )
E           genlayer_py.exceptions.GenLayerError: Transaction reverted: EVM tx 0x7765b09fc96ba42a1fd77108b4b42e4f0823e8013b24bc18a0f7fc4f941832bf to consensus contract 0xb7278A61aa25c888815aFC32Ad3cC52fF24fE575 was reverted. FeesDistributionMissing

../../usr/lib/python3.13/site-packages/genlayer_py/contracts/actions.py:1319: GenLayerError

The above exception was the direct cause of the following exception:

    @pytest.fixture
    def arbiter():
        factory = get_contract_factory("Arbiter")
>       return factory.deploy()
               ^^^^^^^^^^^^^^^^

tests/test_arbiter_payout.py:76: 
_ _ _ _ _ _ _ _ _ _ _ _ _ _ _ _ _ _ _ _ _ _ _ _ _ _ _ _ _ _ _ _ _ _ _ _ _ _ _ _ 
../../usr/lib/python3.13/site-packages/gltest/contracts/contract_factory.py:148: in deploy
    receipt = self.deploy_contract_tx(
_ _ _ _ _ _ _ _ _ _ _ _ _ _ _ _ _ _ _ _ _ _ _ _ _ _ _ _ _ _ _ _ _ _ _ _ _ _ _ _ 

self = ContractFactory(contract_name='Arbiter', contract_code='# { "Depends": "py-genlayer:5jycge4q8k23462jtb0b9fyey1s9qz928s... finalize /\n        recovery to verify that value actually left the contract."""\n        return str(self.balance)\n')
args = None, account = None, consensus_max_rotations = None, fees = None
fee_value = None, wait_until = None, wait_interval = None, wait_retries = None
wait_transaction_status = <ProtocolTransactionStatus.ACCEPTED: 'Accepted'>
wait_triggered_transactions = False
wait_triggered_transactions_status = <ProtocolTransactionStatus.ACCEPTED: 'Accepted'>
transaction_context = None

    def deploy_contract_tx(
        self,
        args: Optional[List[CalldataEncodable]] = None,
        account: Optional[LocalAccount] = None,
        consensus_max_rotations: Optional[int] = None,
        fees: Optional[Dict[str, Any]] = None,
        fee_value: Optional[int] = None,
        wait_until: Optional[Literal["decided", "finalized"]] = None,
        wait_interval: Optional[int] = None,
        wait_retries: Optional[int] = None,
        wait_transaction_status: ProtocolTransactionStatus = ProtocolTransactionStatus.ACCEPTED,
        wait_triggered_transactions: bool = False,
        wait_triggered_transactions_status: ProtocolTransactionStatus = ProtocolTransactionStatus.ACCEPTED,
        transaction_context: Optional[TransactionContext] = None,
    ) -> GenLayerTransaction:
        """
        Deploy the contract and return the transaction receipt.
        """
        general_config = get_general_config()
        actual_wait_interval = (
            wait_interval
            if wait_interval is not None
            else general_config.get_default_wait_interval()
        )
        actual_wait_retries = (
            wait_retries
            if wait_retries is not None
            else general_config.get_default_wait_retries()
        )
        leader_only = (
            general_config.get_leader_only()
            if general_config.check_studio_based_rpc()
            else False
        )
    
        client = get_gl_client()
        try:
            sim_config = None
            if transaction_context:
                try:
                    sim_config = SimConfig(**transaction_context)
                except TypeError as e:
                    raise ValueError(
                        f"Invalid transaction_context keys: {sorted(transaction_context.keys())}"
                    ) from e
            tx_hash = client.deploy_contract(
                code=self.contract_code,
                args=args,
                account=account,
                consensus_max_rotations=consensus_max_rotations,
                leader_only=leader_only,
                **_fee_kwargs(client.deploy_contract, fees, fee_value),
                sim_config=sim_config,
            )
            tx_receipt = wait_for_transaction_receipt(
                client,
                transaction_hash=tx_hash,
                wait_until=wait_until
                or wait_until_from_status(wait_transaction_status),
                interval=actual_wait_interval,
                retries=actual_wait_retries,
            )
            maybe_record_fee_observation(kind="deploy", receipt=tx_receipt)
            if wait_triggered_transactions:
                triggered_transactions = tx_receipt.get("triggered_transactions", [])
                for triggered_transaction in triggered_transactions:
                    wait_for_transaction_receipt(
                        client,
                        transaction_hash=triggered_transaction,
                        wait_until=wait_until_from_status(
                            wait_triggered_transactions_status
                        ),
                        interval=actual_wait_interval,
                        retries=actual_wait_retries,
                    )
            return tx_receipt
        except Exception as e:
>           raise DeploymentError(
                f"Failed to deploy contract {self.contract_name}: {str(e)}"
            ) from e
E           gltest.exceptions.DeploymentError: Failed to deploy contract Arbiter: Transaction reverted: EVM tx 0x7765b09fc96ba42a1fd77108b4b42e4f0823e8013b24bc18a0f7fc4f941832bf to consensus contract 0xb7278A61aa25c888815aFC32Ad3cC52fF24fE575 was reverted. FeesDistributionMissing

../../usr/lib/python3.13/site-packages/gltest/contracts/contract_factory.py:246: DeploymentError
_____________ ERROR at setup of test_appeal_by_winning_party_fails _____________

self = ContractFactory(contract_name='Arbiter', contract_code='# { "Depends": "py-genlayer:5jycge4q8k23462jtb0b9fyey1s9qz928s... finalize /\n        recovery to verify that value actually left the contract."""\n        return str(self.balance)\n')
args = None, account = None, consensus_max_rotations = None, fees = None
fee_value = None, wait_until = None, wait_interval = None, wait_retries = None
wait_transaction_status = <ProtocolTransactionStatus.ACCEPTED: 'Accepted'>
wait_triggered_transactions = False
wait_triggered_transactions_status = <ProtocolTransactionStatus.ACCEPTED: 'Accepted'>
transaction_context = None

    def deploy_contract_tx(
        self,
        args: Optional[List[CalldataEncodable]] = None,
        account: Optional[LocalAccount] = None,
        consensus_max_rotations: Optional[int] = None,
        fees: Optional[Dict[str, Any]] = None,
        fee_value: Optional[int] = None,
        wait_until: Optional[Literal["decided", "finalized"]] = None,
        wait_interval: Optional[int] = None,
        wait_retries: Optional[int] = None,
        wait_transaction_status: ProtocolTransactionStatus = ProtocolTransactionStatus.ACCEPTED,
        wait_triggered_transactions: bool = False,
        wait_triggered_transactions_status: ProtocolTransactionStatus = ProtocolTransactionStatus.ACCEPTED,
        transaction_context: Optional[TransactionContext] = None,
    ) -> GenLayerTransaction:
        """
        Deploy the contract and return the transaction receipt.
        """
        general_config = get_general_config()
        actual_wait_interval = (
            wait_interval
            if wait_interval is not None
            else general_config.get_default_wait_interval()
        )
        actual_wait_retries = (
            wait_retries
            if wait_retries is not None
            else general_config.get_default_wait_retries()
        )
        leader_only = (
            general_config.get_leader_only()
            if general_config.check_studio_based_rpc()
            else False
        )
    
        client = get_gl_client()
        try:
            sim_config = None
            if transaction_context:
                try:
                    sim_config = SimConfig(**transaction_context)
                except TypeError as e:
                    raise ValueError(
                        f"Invalid transaction_context keys: {sorted(transaction_context.keys())}"
                    ) from e
>           tx_hash = client.deploy_contract(
                code=self.contract_code,
                args=args,
                account=account,
                consensus_max_rotations=consensus_max_rotations,
                leader_only=leader_only,
                **_fee_kwargs(client.deploy_contract, fees, fee_value),
                sim_config=sim_config,
            )

../../usr/lib/python3.13/site-packages/gltest/contracts/contract_factory.py:214: 
_ _ _ _ _ _ _ _ _ _ _ _ _ _ _ _ _ _ _ _ _ _ _ _ _ _ _ _ _ _ _ _ _ _ _ _ _ _ _ _ 
../../usr/lib/python3.13/site-packages/genlayer_py/client/genlayer_client.py:232: in deploy_contract
    return deploy_contract(
../../usr/lib/python3.13/site-packages/genlayer_py/contracts/actions.py:217: in deploy_contract
    return _send_transaction(
_ _ _ _ _ _ _ _ _ _ _ _ _ _ _ _ _ _ _ _ _ _ _ _ _ _ _ _ _ _ _ _ _ _ _ _ _ _ _ _ 

self = <genlayer_py.client.genlayer_client.GenLayerClient object at 0x7a9d2a3cb0>
encoded_data = '0x27241a990000000000000000000000008d9034a81a6e638775cfc9c83d60c8a95e42f48f0000000000000000000000000000000000000000000...2222220a202020202020202072657475726e207374722873656c662e62616c616e6365290a06800000000000000000000000000000000000000000'
sender_account = <eth_account.signers.local.LocalAccount object at 0x7a9d113ed0>
value = 0, sim_config = None

    def _send_transaction(
        self: GenLayerClient,
        encoded_data: HexStr,
        sender_account: Optional[LocalAccount] = None,
        value: int = 0,
        sim_config: Optional[SimConfig] = None,
    ):
        if sender_account is None:
            raise GenLayerError(
                "No account set. Configure the client with an account or pass an account to this function."
            )
    
        if self.chain.consensus_main_contract is None:
            raise GenLayerError(
                f'Consensus main contract address not found in chain config for "{self.chain.name}".',
            )
    
        try:
            transaction = _prepare_transaction(
                self=self,
                sender=sender_account.address,
                recipient=self.chain.consensus_main_contract["address"],
                data=encoded_data,
                value=value,
            )
            signed_transaction = sender_account.sign_transaction(transaction)
            serialized_transaction = self.w3.to_hex(signed_transaction.raw_transaction)
            params = [serialized_transaction]
            if sim_config is not None:
                params.append(sim_config)
            tx_hash = self.provider.make_request(
                method="eth_sendRawTransaction", params=params
            )["result"]
        except Exception as exc:
            raise GenLayerError(f"Transaction failed: {_format_rpc_error(exc)}") from exc
        tx_receipt = self.w3.eth.wait_for_transaction_receipt(tx_hash)
    
        if tx_receipt.status != 1:
            reason = _receipt_revert_reason(self, tx_hash)
            suffix = f" {reason}" if reason else ""
>           raise GenLayerError(
                f"Transaction reverted: EVM tx {tx_hash} to consensus contract "
                f"{self.chain.consensus_main_contract['address']} was reverted.{suffix}"
            )
E           genlayer_py.exceptions.GenLayerError: Transaction reverted: EVM tx 0xaa97680b22531741ecd70feed3b9d79e458cac68b59e7710f32c859e88af5067 to consensus contract 0xb7278A61aa25c888815aFC32Ad3cC52fF24fE575 was reverted. FeesDistributionMissing

../../usr/lib/python3.13/site-packages/genlayer_py/contracts/actions.py:1319: GenLayerError

The above exception was the direct cause of the following exception:

    @pytest.fixture
    def arbiter():
        factory = get_contract_factory("Arbiter")
>       return factory.deploy()
               ^^^^^^^^^^^^^^^^

tests/test_arbiter_payout.py:76: 
_ _ _ _ _ _ _ _ _ _ _ _ _ _ _ _ _ _ _ _ _ _ _ _ _ _ _ _ _ _ _ _ _ _ _ _ _ _ _ _ 
../../usr/lib/python3.13/site-packages/gltest/contracts/contract_factory.py:148: in deploy
    receipt = self.deploy_contract_tx(
_ _ _ _ _ _ _ _ _ _ _ _ _ _ _ _ _ _ _ _ _ _ _ _ _ _ _ _ _ _ _ _ _ _ _ _ _ _ _ _ 

self = ContractFactory(contract_name='Arbiter', contract_code='# { "Depends": "py-genlayer:5jycge4q8k23462jtb0b9fyey1s9qz928s... finalize /\n        recovery to verify that value actually left the contract."""\n        return str(self.balance)\n')
args = None, account = None, consensus_max_rotations = None, fees = None
fee_value = None, wait_until = None, wait_interval = None, wait_retries = None
wait_transaction_status = <ProtocolTransactionStatus.ACCEPTED: 'Accepted'>
wait_triggered_transactions = False
wait_triggered_transactions_status = <ProtocolTransactionStatus.ACCEPTED: 'Accepted'>
transaction_context = None

    def deploy_contract_tx(
        self,
        args: Optional[List[CalldataEncodable]] = None,
        account: Optional[LocalAccount] = None,
        consensus_max_rotations: Optional[int] = None,
        fees: Optional[Dict[str, Any]] = None,
        fee_value: Optional[int] = None,
        wait_until: Optional[Literal["decided", "finalized"]] = None,
        wait_interval: Optional[int] = None,
        wait_retries: Optional[int] = None,
        wait_transaction_status: ProtocolTransactionStatus = ProtocolTransactionStatus.ACCEPTED,
        wait_triggered_transactions: bool = False,
        wait_triggered_transactions_status: ProtocolTransactionStatus = ProtocolTransactionStatus.ACCEPTED,
        transaction_context: Optional[TransactionContext] = None,
    ) -> GenLayerTransaction:
        """
        Deploy the contract and return the transaction receipt.
        """
        general_config = get_general_config()
        actual_wait_interval = (
            wait_interval
            if wait_interval is not None
            else general_config.get_default_wait_interval()
        )
        actual_wait_retries = (
            wait_retries
            if wait_retries is not None
            else general_config.get_default_wait_retries()
        )
        leader_only = (
            general_config.get_leader_only()
            if general_config.check_studio_based_rpc()
            else False
        )
    
        client = get_gl_client()
        try:
            sim_config = None
            if transaction_context:
                try:
                    sim_config = SimConfig(**transaction_context)
                except TypeError as e:
                    raise ValueError(
                        f"Invalid transaction_context keys: {sorted(transaction_context.keys())}"
                    ) from e
            tx_hash = client.deploy_contract(
                code=self.contract_code,
                args=args,
                account=account,
                consensus_max_rotations=consensus_max_rotations,
                leader_only=leader_only,
                **_fee_kwargs(client.deploy_contract, fees, fee_value),
                sim_config=sim_config,
            )
            tx_receipt = wait_for_transaction_receipt(
                client,
                transaction_hash=tx_hash,
                wait_until=wait_until
                or wait_until_from_status(wait_transaction_status),
                interval=actual_wait_interval,
                retries=actual_wait_retries,
            )
            maybe_record_fee_observation(kind="deploy", receipt=tx_receipt)
            if wait_triggered_transactions:
                triggered_transactions = tx_receipt.get("triggered_transactions", [])
                for triggered_transaction in triggered_transactions:
                    wait_for_transaction_receipt(
                        client,
                        transaction_hash=triggered_transaction,
                        wait_until=wait_until_from_status(
                            wait_triggered_transactions_status
                        ),
                        interval=actual_wait_interval,
                        retries=actual_wait_retries,
                    )
            return tx_receipt
        except Exception as e:
>           raise DeploymentError(
                f"Failed to deploy contract {self.contract_name}: {str(e)}"
            ) from e
E           gltest.exceptions.DeploymentError: Failed to deploy contract Arbiter: Transaction reverted: EVM tx 0xaa97680b22531741ecd70feed3b9d79e458cac68b59e7710f32c859e88af5067 to consensus contract 0xb7278A61aa25c888815aFC32Ad3cC52fF24fE575 was reverted. FeesDistributionMissing

../../usr/lib/python3.13/site-packages/gltest/contracts/contract_factory.py:246: DeploymentError
_______________ ERROR at setup of test_appeal_by_outsider_fails ________________

self = ContractFactory(contract_name='Arbiter', contract_code='# { "Depends": "py-genlayer:5jycge4q8k23462jtb0b9fyey1s9qz928s... finalize /\n        recovery to verify that value actually left the contract."""\n        return str(self.balance)\n')
args = None, account = None, consensus_max_rotations = None, fees = None
fee_value = None, wait_until = None, wait_interval = None, wait_retries = None
wait_transaction_status = <ProtocolTransactionStatus.ACCEPTED: 'Accepted'>
wait_triggered_transactions = False
wait_triggered_transactions_status = <ProtocolTransactionStatus.ACCEPTED: 'Accepted'>
transaction_context = None

    def deploy_contract_tx(
        self,
        args: Optional[List[CalldataEncodable]] = None,
        account: Optional[LocalAccount] = None,
        consensus_max_rotations: Optional[int] = None,
        fees: Optional[Dict[str, Any]] = None,
        fee_value: Optional[int] = None,
        wait_until: Optional[Literal["decided", "finalized"]] = None,
        wait_interval: Optional[int] = None,
        wait_retries: Optional[int] = None,
        wait_transaction_status: ProtocolTransactionStatus = ProtocolTransactionStatus.ACCEPTED,
        wait_triggered_transactions: bool = False,
        wait_triggered_transactions_status: ProtocolTransactionStatus = ProtocolTransactionStatus.ACCEPTED,
        transaction_context: Optional[TransactionContext] = None,
    ) -> GenLayerTransaction:
        """
        Deploy the contract and return the transaction receipt.
        """
        general_config = get_general_config()
        actual_wait_interval = (
            wait_interval
            if wait_interval is not None
            else general_config.get_default_wait_interval()
        )
        actual_wait_retries = (
            wait_retries
            if wait_retries is not None
            else general_config.get_default_wait_retries()
        )
        leader_only = (
            general_config.get_leader_only()
            if general_config.check_studio_based_rpc()
            else False
        )
    
        client = get_gl_client()
        try:
            sim_config = None
            if transaction_context:
                try:
                    sim_config = SimConfig(**transaction_context)
                except TypeError as e:
                    raise ValueError(
                        f"Invalid transaction_context keys: {sorted(transaction_context.keys())}"
                    ) from e
>           tx_hash = client.deploy_contract(
                code=self.contract_code,
                args=args,
                account=account,
                consensus_max_rotations=consensus_max_rotations,
                leader_only=leader_only,
                **_fee_kwargs(client.deploy_contract, fees, fee_value),
                sim_config=sim_config,
            )

../../usr/lib/python3.13/site-packages/gltest/contracts/contract_factory.py:214: 
_ _ _ _ _ _ _ _ _ _ _ _ _ _ _ _ _ _ _ _ _ _ _ _ _ _ _ _ _ _ _ _ _ _ _ _ _ _ _ _ 
../../usr/lib/python3.13/site-packages/genlayer_py/client/genlayer_client.py:232: in deploy_contract
    return deploy_contract(
../../usr/lib/python3.13/site-packages/genlayer_py/contracts/actions.py:217: in deploy_contract
    return _send_transaction(
_ _ _ _ _ _ _ _ _ _ _ _ _ _ _ _ _ _ _ _ _ _ _ _ _ _ _ _ _ _ _ _ _ _ _ _ _ _ _ _ 

self = <genlayer_py.client.genlayer_client.GenLayerClient object at 0x7a9d2a3cb0>
encoded_data = '0x27241a990000000000000000000000008d9034a81a6e638775cfc9c83d60c8a95e42f48f0000000000000000000000000000000000000000000...2222220a202020202020202072657475726e207374722873656c662e62616c616e6365290a06800000000000000000000000000000000000000000'
sender_account = <eth_account.signers.local.LocalAccount object at 0x7a9d113ed0>
value = 0, sim_config = None

    def _send_transaction(
        self: GenLayerClient,
        encoded_data: HexStr,
        sender_account: Optional[LocalAccount] = None,
        value: int = 0,
        sim_config: Optional[SimConfig] = None,
    ):
        if sender_account is None:
            raise GenLayerError(
                "No account set. Configure the client with an account or pass an account to this function."
            )
    
        if self.chain.consensus_main_contract is None:
            raise GenLayerError(
                f'Consensus main contract address not found in chain config for "{self.chain.name}".',
            )
    
        try:
            transaction = _prepare_transaction(
                self=self,
                sender=sender_account.address,
                recipient=self.chain.consensus_main_contract["address"],
                data=encoded_data,
                value=value,
            )
            signed_transaction = sender_account.sign_transaction(transaction)
            serialized_transaction = self.w3.to_hex(signed_transaction.raw_transaction)
            params = [serialized_transaction]
            if sim_config is not None:
                params.append(sim_config)
            tx_hash = self.provider.make_request(
                method="eth_sendRawTransaction", params=params
            )["result"]
        except Exception as exc:
            raise GenLayerError(f"Transaction failed: {_format_rpc_error(exc)}") from exc
        tx_receipt = self.w3.eth.wait_for_transaction_receipt(tx_hash)
    
        if tx_receipt.status != 1:
            reason = _receipt_revert_reason(self, tx_hash)
            suffix = f" {reason}" if reason else ""
>           raise GenLayerError(
                f"Transaction reverted: EVM tx {tx_hash} to consensus contract "
                f"{self.chain.consensus_main_contract['address']} was reverted.{suffix}"
            )
E           genlayer_py.exceptions.GenLayerError: Transaction reverted: EVM tx 0x4c60a95c28f1ba7acd190b9fde8ea9bee2b3e9e2f8a35d73600aa6eccd68e142 to consensus contract 0xb7278A61aa25c888815aFC32Ad3cC52fF24fE575 was reverted. FeesDistributionMissing

../../usr/lib/python3.13/site-packages/genlayer_py/contracts/actions.py:1319: GenLayerError

The above exception was the direct cause of the following exception:

    @pytest.fixture
    def arbiter():
        factory = get_contract_factory("Arbiter")
>       return factory.deploy()
               ^^^^^^^^^^^^^^^^

tests/test_arbiter_payout.py:76: 
_ _ _ _ _ _ _ _ _ _ _ _ _ _ _ _ _ _ _ _ _ _ _ _ _ _ _ _ _ _ _ _ _ _ _ _ _ _ _ _ 
../../usr/lib/python3.13/site-packages/gltest/contracts/contract_factory.py:148: in deploy
    receipt = self.deploy_contract_tx(
_ _ _ _ _ _ _ _ _ _ _ _ _ _ _ _ _ _ _ _ _ _ _ _ _ _ _ _ _ _ _ _ _ _ _ _ _ _ _ _ 

self = ContractFactory(contract_name='Arbiter', contract_code='# { "Depends": "py-genlayer:5jycge4q8k23462jtb0b9fyey1s9qz928s... finalize /\n        recovery to verify that value actually left the contract."""\n        return str(self.balance)\n')
args = None, account = None, consensus_max_rotations = None, fees = None
fee_value = None, wait_until = None, wait_interval = None, wait_retries = None
wait_transaction_status = <ProtocolTransactionStatus.ACCEPTED: 'Accepted'>
wait_triggered_transactions = False
wait_triggered_transactions_status = <ProtocolTransactionStatus.ACCEPTED: 'Accepted'>
transaction_context = None

    def deploy_contract_tx(
        self,
        args: Optional[List[CalldataEncodable]] = None,
        account: Optional[LocalAccount] = None,
        consensus_max_rotations: Optional[int] = None,
        fees: Optional[Dict[str, Any]] = None,
        fee_value: Optional[int] = None,
        wait_until: Optional[Literal["decided", "finalized"]] = None,
        wait_interval: Optional[int] = None,
        wait_retries: Optional[int] = None,
        wait_transaction_status: ProtocolTransactionStatus = ProtocolTransactionStatus.ACCEPTED,
        wait_triggered_transactions: bool = False,
        wait_triggered_transactions_status: ProtocolTransactionStatus = ProtocolTransactionStatus.ACCEPTED,
        transaction_context: Optional[TransactionContext] = None,
    ) -> GenLayerTransaction:
        """
        Deploy the contract and return the transaction receipt.
        """
        general_config = get_general_config()
        actual_wait_interval = (
            wait_interval
            if wait_interval is not None
            else general_config.get_default_wait_interval()
        )
        actual_wait_retries = (
            wait_retries
            if wait_retries is not None
            else general_config.get_default_wait_retries()
        )
        leader_only = (
            general_config.get_leader_only()
            if general_config.check_studio_based_rpc()
            else False
        )
    
        client = get_gl_client()
        try:
            sim_config = None
            if transaction_context:
                try:
                    sim_config = SimConfig(**transaction_context)
                except TypeError as e:
                    raise ValueError(
                        f"Invalid transaction_context keys: {sorted(transaction_context.keys())}"
                    ) from e
            tx_hash = client.deploy_contract(
                code=self.contract_code,
                args=args,
                account=account,
                consensus_max_rotations=consensus_max_rotations,
                leader_only=leader_only,
                **_fee_kwargs(client.deploy_contract, fees, fee_value),
                sim_config=sim_config,
            )
            tx_receipt = wait_for_transaction_receipt(
                client,
                transaction_hash=tx_hash,
                wait_until=wait_until
                or wait_until_from_status(wait_transaction_status),
                interval=actual_wait_interval,
                retries=actual_wait_retries,
            )
            maybe_record_fee_observation(kind="deploy", receipt=tx_receipt)
            if wait_triggered_transactions:
                triggered_transactions = tx_receipt.get("triggered_transactions", [])
                for triggered_transaction in triggered_transactions:
                    wait_for_transaction_receipt(
                        client,
                        transaction_hash=triggered_transaction,
                        wait_until=wait_until_from_status(
                            wait_triggered_transactions_status
                        ),
                        interval=actual_wait_interval,
                        retries=actual_wait_retries,
                    )
            return tx_receipt
        except Exception as e:
>           raise DeploymentError(
                f"Failed to deploy contract {self.contract_name}: {str(e)}"
            ) from e
E           gltest.exceptions.DeploymentError: Failed to deploy contract Arbiter: Transaction reverted: EVM tx 0x4c60a95c28f1ba7acd190b9fde8ea9bee2b3e9e2f8a35d73600aa6eccd68e142 to consensus contract 0xb7278A61aa25c888815aFC32Ad3cC52fF24fE575 was reverted. FeesDistributionMissing

../../usr/lib/python3.13/site-packages/gltest/contracts/contract_factory.py:246: DeploymentError
__________ ERROR at setup of test_finalize_before_window_closed_fails __________

self = ContractFactory(contract_name='Arbiter', contract_code='# { "Depends": "py-genlayer:5jycge4q8k23462jtb0b9fyey1s9qz928s... finalize /\n        recovery to verify that value actually left the contract."""\n        return str(self.balance)\n')
args = None, account = None, consensus_max_rotations = None, fees = None
fee_value = None, wait_until = None, wait_interval = None, wait_retries = None
wait_transaction_status = <ProtocolTransactionStatus.ACCEPTED: 'Accepted'>
wait_triggered_transactions = False
wait_triggered_transactions_status = <ProtocolTransactionStatus.ACCEPTED: 'Accepted'>
transaction_context = None

    def deploy_contract_tx(
        self,
        args: Optional[List[CalldataEncodable]] = None,
        account: Optional[LocalAccount] = None,
        consensus_max_rotations: Optional[int] = None,
        fees: Optional[Dict[str, Any]] = None,
        fee_value: Optional[int] = None,
        wait_until: Optional[Literal["decided", "finalized"]] = None,
        wait_interval: Optional[int] = None,
        wait_retries: Optional[int] = None,
        wait_transaction_status: ProtocolTransactionStatus = ProtocolTransactionStatus.ACCEPTED,
        wait_triggered_transactions: bool = False,
        wait_triggered_transactions_status: ProtocolTransactionStatus = ProtocolTransactionStatus.ACCEPTED,
        transaction_context: Optional[TransactionContext] = None,
    ) -> GenLayerTransaction:
        """
        Deploy the contract and return the transaction receipt.
        """
        general_config = get_general_config()
        actual_wait_interval = (
            wait_interval
            if wait_interval is not None
            else general_config.get_default_wait_interval()
        )
        actual_wait_retries = (
            wait_retries
            if wait_retries is not None
            else general_config.get_default_wait_retries()
        )
        leader_only = (
            general_config.get_leader_only()
            if general_config.check_studio_based_rpc()
            else False
        )
    
        client = get_gl_client()
        try:
            sim_config = None
            if transaction_context:
                try:
                    sim_config = SimConfig(**transaction_context)
                except TypeError as e:
                    raise ValueError(
                        f"Invalid transaction_context keys: {sorted(transaction_context.keys())}"
                    ) from e
>           tx_hash = client.deploy_contract(
                code=self.contract_code,
                args=args,
                account=account,
                consensus_max_rotations=consensus_max_rotations,
                leader_only=leader_only,
                **_fee_kwargs(client.deploy_contract, fees, fee_value),
                sim_config=sim_config,
            )

../../usr/lib/python3.13/site-packages/gltest/contracts/contract_factory.py:214: 
_ _ _ _ _ _ _ _ _ _ _ _ _ _ _ _ _ _ _ _ _ _ _ _ _ _ _ _ _ _ _ _ _ _ _ _ _ _ _ _ 
../../usr/lib/python3.13/site-packages/genlayer_py/client/genlayer_client.py:232: in deploy_contract
    return deploy_contract(
../../usr/lib/python3.13/site-packages/genlayer_py/contracts/actions.py:217: in deploy_contract
    return _send_transaction(
_ _ _ _ _ _ _ _ _ _ _ _ _ _ _ _ _ _ _ _ _ _ _ _ _ _ _ _ _ _ _ _ _ _ _ _ _ _ _ _ 

self = <genlayer_py.client.genlayer_client.GenLayerClient object at 0x7a9d2a3cb0>
encoded_data = '0x27241a990000000000000000000000008d9034a81a6e638775cfc9c83d60c8a95e42f48f0000000000000000000000000000000000000000000...2222220a202020202020202072657475726e207374722873656c662e62616c616e6365290a06800000000000000000000000000000000000000000'
sender_account = <eth_account.signers.local.LocalAccount object at 0x7a9d113ed0>
value = 0, sim_config = None

    def _send_transaction(
        self: GenLayerClient,
        encoded_data: HexStr,
        sender_account: Optional[LocalAccount] = None,
        value: int = 0,
        sim_config: Optional[SimConfig] = None,
    ):
        if sender_account is None:
            raise GenLayerError(
                "No account set. Configure the client with an account or pass an account to this function."
            )
    
        if self.chain.consensus_main_contract is None:
            raise GenLayerError(
                f'Consensus main contract address not found in chain config for "{self.chain.name}".',
            )
    
        try:
            transaction = _prepare_transaction(
                self=self,
                sender=sender_account.address,
                recipient=self.chain.consensus_main_contract["address"],
                data=encoded_data,
                value=value,
            )
            signed_transaction = sender_account.sign_transaction(transaction)
            serialized_transaction = self.w3.to_hex(signed_transaction.raw_transaction)
            params = [serialized_transaction]
            if sim_config is not None:
                params.append(sim_config)
            tx_hash = self.provider.make_request(
                method="eth_sendRawTransaction", params=params
            )["result"]
        except Exception as exc:
            raise GenLayerError(f"Transaction failed: {_format_rpc_error(exc)}") from exc
        tx_receipt = self.w3.eth.wait_for_transaction_receipt(tx_hash)
    
        if tx_receipt.status != 1:
            reason = _receipt_revert_reason(self, tx_hash)
            suffix = f" {reason}" if reason else ""
>           raise GenLayerError(
                f"Transaction reverted: EVM tx {tx_hash} to consensus contract "
                f"{self.chain.consensus_main_contract['address']} was reverted.{suffix}"
            )
E           genlayer_py.exceptions.GenLayerError: Transaction reverted: EVM tx 0x89f91d0b2ba9fd8c1393bfb09a51bb691d6045930c280b8432a04543bd0252e2 to consensus contract 0xb7278A61aa25c888815aFC32Ad3cC52fF24fE575 was reverted. FeesDistributionMissing

../../usr/lib/python3.13/site-packages/genlayer_py/contracts/actions.py:1319: GenLayerError

The above exception was the direct cause of the following exception:

    @pytest.fixture
    def arbiter():
        factory = get_contract_factory("Arbiter")
>       return factory.deploy()
               ^^^^^^^^^^^^^^^^

tests/test_arbiter_payout.py:76: 
_ _ _ _ _ _ _ _ _ _ _ _ _ _ _ _ _ _ _ _ _ _ _ _ _ _ _ _ _ _ _ _ _ _ _ _ _ _ _ _ 
../../usr/lib/python3.13/site-packages/gltest/contracts/contract_factory.py:148: in deploy
    receipt = self.deploy_contract_tx(
_ _ _ _ _ _ _ _ _ _ _ _ _ _ _ _ _ _ _ _ _ _ _ _ _ _ _ _ _ _ _ _ _ _ _ _ _ _ _ _ 

self = ContractFactory(contract_name='Arbiter', contract_code='# { "Depends": "py-genlayer:5jycge4q8k23462jtb0b9fyey1s9qz928s... finalize /\n        recovery to verify that value actually left the contract."""\n        return str(self.balance)\n')
args = None, account = None, consensus_max_rotations = None, fees = None
fee_value = None, wait_until = None, wait_interval = None, wait_retries = None
wait_transaction_status = <ProtocolTransactionStatus.ACCEPTED: 'Accepted'>
wait_triggered_transactions = False
wait_triggered_transactions_status = <ProtocolTransactionStatus.ACCEPTED: 'Accepted'>
transaction_context = None

    def deploy_contract_tx(
        self,
        args: Optional[List[CalldataEncodable]] = None,
        account: Optional[LocalAccount] = None,
        consensus_max_rotations: Optional[int] = None,
        fees: Optional[Dict[str, Any]] = None,
        fee_value: Optional[int] = None,
        wait_until: Optional[Literal["decided", "finalized"]] = None,
        wait_interval: Optional[int] = None,
        wait_retries: Optional[int] = None,
        wait_transaction_status: ProtocolTransactionStatus = ProtocolTransactionStatus.ACCEPTED,
        wait_triggered_transactions: bool = False,
        wait_triggered_transactions_status: ProtocolTransactionStatus = ProtocolTransactionStatus.ACCEPTED,
        transaction_context: Optional[TransactionContext] = None,
    ) -> GenLayerTransaction:
        """
        Deploy the contract and return the transaction receipt.
        """
        general_config = get_general_config()
        actual_wait_interval = (
            wait_interval
            if wait_interval is not None
            else general_config.get_default_wait_interval()
        )
        actual_wait_retries = (
            wait_retries
            if wait_retries is not None
            else general_config.get_default_wait_retries()
        )
        leader_only = (
            general_config.get_leader_only()
            if general_config.check_studio_based_rpc()
            else False
        )
    
        client = get_gl_client()
        try:
            sim_config = None
            if transaction_context:
                try:
                    sim_config = SimConfig(**transaction_context)
                except TypeError as e:
                    raise ValueError(
                        f"Invalid transaction_context keys: {sorted(transaction_context.keys())}"
                    ) from e
            tx_hash = client.deploy_contract(
                code=self.contract_code,
                args=args,
                account=account,
                consensus_max_rotations=consensus_max_rotations,
                leader_only=leader_only,
                **_fee_kwargs(client.deploy_contract, fees, fee_value),
                sim_config=sim_config,
            )
            tx_receipt = wait_for_transaction_receipt(
                client,
                transaction_hash=tx_hash,
                wait_until=wait_until
                or wait_until_from_status(wait_transaction_status),
                interval=actual_wait_interval,
                retries=actual_wait_retries,
            )
            maybe_record_fee_observation(kind="deploy", receipt=tx_receipt)
            if wait_triggered_transactions:
                triggered_transactions = tx_receipt.get("triggered_transactions", [])
                for triggered_transaction in triggered_transactions:
                    wait_for_transaction_receipt(
                        client,
                        transaction_hash=triggered_transaction,
                        wait_until=wait_until_from_status(
                            wait_triggered_transactions_status
                        ),
                        interval=actual_wait_interval,
                        retries=actual_wait_retries,
                    )
            return tx_receipt
        except Exception as e:
>           raise DeploymentError(
                f"Failed to deploy contract {self.contract_name}: {str(e)}"
            ) from e
E           gltest.exceptions.DeploymentError: Failed to deploy contract Arbiter: Transaction reverted: EVM tx 0x89f91d0b2ba9fd8c1393bfb09a51bb691d6045930c280b8432a04543bd0252e2 to consensus contract 0xb7278A61aa25c888815aFC32Ad3cC52fF24fE575 was reverted. FeesDistributionMissing

../../usr/lib/python3.13/site-packages/gltest/contracts/contract_factory.py:246: DeploymentError
______________ ERROR at setup of test_finalize_by_outsider_fails _______________

self = ContractFactory(contract_name='Arbiter', contract_code='# { "Depends": "py-genlayer:5jycge4q8k23462jtb0b9fyey1s9qz928s... finalize /\n        recovery to verify that value actually left the contract."""\n        return str(self.balance)\n')
args = None, account = None, consensus_max_rotations = None, fees = None
fee_value = None, wait_until = None, wait_interval = None, wait_retries = None
wait_transaction_status = <ProtocolTransactionStatus.ACCEPTED: 'Accepted'>
wait_triggered_transactions = False
wait_triggered_transactions_status = <ProtocolTransactionStatus.ACCEPTED: 'Accepted'>
transaction_context = None

    def deploy_contract_tx(
        self,
        args: Optional[List[CalldataEncodable]] = None,
        account: Optional[LocalAccount] = None,
        consensus_max_rotations: Optional[int] = None,
        fees: Optional[Dict[str, Any]] = None,
        fee_value: Optional[int] = None,
        wait_until: Optional[Literal["decided", "finalized"]] = None,
        wait_interval: Optional[int] = None,
        wait_retries: Optional[int] = None,
        wait_transaction_status: ProtocolTransactionStatus = ProtocolTransactionStatus.ACCEPTED,
        wait_triggered_transactions: bool = False,
        wait_triggered_transactions_status: ProtocolTransactionStatus = ProtocolTransactionStatus.ACCEPTED,
        transaction_context: Optional[TransactionContext] = None,
    ) -> GenLayerTransaction:
        """
        Deploy the contract and return the transaction receipt.
        """
        general_config = get_general_config()
        actual_wait_interval = (
            wait_interval
            if wait_interval is not None
            else general_config.get_default_wait_interval()
        )
        actual_wait_retries = (
            wait_retries
            if wait_retries is not None
            else general_config.get_default_wait_retries()
        )
        leader_only = (
            general_config.get_leader_only()
            if general_config.check_studio_based_rpc()
            else False
        )
    
        client = get_gl_client()
        try:
            sim_config = None
            if transaction_context:
                try:
                    sim_config = SimConfig(**transaction_context)
                except TypeError as e:
                    raise ValueError(
                        f"Invalid transaction_context keys: {sorted(transaction_context.keys())}"
                    ) from e
>           tx_hash = client.deploy_contract(
                code=self.contract_code,
                args=args,
                account=account,
                consensus_max_rotations=consensus_max_rotations,
                leader_only=leader_only,
                **_fee_kwargs(client.deploy_contract, fees, fee_value),
                sim_config=sim_config,
            )

../../usr/lib/python3.13/site-packages/gltest/contracts/contract_factory.py:214: 
_ _ _ _ _ _ _ _ _ _ _ _ _ _ _ _ _ _ _ _ _ _ _ _ _ _ _ _ _ _ _ _ _ _ _ _ _ _ _ _ 
../../usr/lib/python3.13/site-packages/genlayer_py/client/genlayer_client.py:232: in deploy_contract
    return deploy_contract(
../../usr/lib/python3.13/site-packages/genlayer_py/contracts/actions.py:217: in deploy_contract
    return _send_transaction(
_ _ _ _ _ _ _ _ _ _ _ _ _ _ _ _ _ _ _ _ _ _ _ _ _ _ _ _ _ _ _ _ _ _ _ _ _ _ _ _ 

self = <genlayer_py.client.genlayer_client.GenLayerClient object at 0x7a9d2a3cb0>
encoded_data = '0x27241a990000000000000000000000008d9034a81a6e638775cfc9c83d60c8a95e42f48f0000000000000000000000000000000000000000000...2222220a202020202020202072657475726e207374722873656c662e62616c616e6365290a06800000000000000000000000000000000000000000'
sender_account = <eth_account.signers.local.LocalAccount object at 0x7a9d113ed0>
value = 0, sim_config = None

    def _send_transaction(
        self: GenLayerClient,
        encoded_data: HexStr,
        sender_account: Optional[LocalAccount] = None,
        value: int = 0,
        sim_config: Optional[SimConfig] = None,
    ):
        if sender_account is None:
            raise GenLayerError(
                "No account set. Configure the client with an account or pass an account to this function."
            )
    
        if self.chain.consensus_main_contract is None:
            raise GenLayerError(
                f'Consensus main contract address not found in chain config for "{self.chain.name}".',
            )
    
        try:
            transaction = _prepare_transaction(
                self=self,
                sender=sender_account.address,
                recipient=self.chain.consensus_main_contract["address"],
                data=encoded_data,
                value=value,
            )
            signed_transaction = sender_account.sign_transaction(transaction)
            serialized_transaction = self.w3.to_hex(signed_transaction.raw_transaction)
            params = [serialized_transaction]
            if sim_config is not None:
                params.append(sim_config)
            tx_hash = self.provider.make_request(
                method="eth_sendRawTransaction", params=params
            )["result"]
        except Exception as exc:
            raise GenLayerError(f"Transaction failed: {_format_rpc_error(exc)}") from exc
        tx_receipt = self.w3.eth.wait_for_transaction_receipt(tx_hash)
    
        if tx_receipt.status != 1:
            reason = _receipt_revert_reason(self, tx_hash)
            suffix = f" {reason}" if reason else ""
>           raise GenLayerError(
                f"Transaction reverted: EVM tx {tx_hash} to consensus contract "
                f"{self.chain.consensus_main_contract['address']} was reverted.{suffix}"
            )
E           genlayer_py.exceptions.GenLayerError: Transaction reverted: EVM tx 0xf936d56c9034c1d46df5eb8777e08e49f8fd7c4bec945e185fb0bb72e855d6d9 to consensus contract 0xb7278A61aa25c888815aFC32Ad3cC52fF24fE575 was reverted. FeesDistributionMissing

../../usr/lib/python3.13/site-packages/genlayer_py/contracts/actions.py:1319: GenLayerError

The above exception was the direct cause of the following exception:

    @pytest.fixture
    def arbiter():
        factory = get_contract_factory("Arbiter")
>       return factory.deploy()
               ^^^^^^^^^^^^^^^^

tests/test_arbiter_payout.py:76: 
_ _ _ _ _ _ _ _ _ _ _ _ _ _ _ _ _ _ _ _ _ _ _ _ _ _ _ _ _ _ _ _ _ _ _ _ _ _ _ _ 
../../usr/lib/python3.13/site-packages/gltest/contracts/contract_factory.py:148: in deploy
    receipt = self.deploy_contract_tx(
_ _ _ _ _ _ _ _ _ _ _ _ _ _ _ _ _ _ _ _ _ _ _ _ _ _ _ _ _ _ _ _ _ _ _ _ _ _ _ _ 

self = ContractFactory(contract_name='Arbiter', contract_code='# { "Depends": "py-genlayer:5jycge4q8k23462jtb0b9fyey1s9qz928s... finalize /\n        recovery to verify that value actually left the contract."""\n        return str(self.balance)\n')
args = None, account = None, consensus_max_rotations = None, fees = None
fee_value = None, wait_until = None, wait_interval = None, wait_retries = None
wait_transaction_status = <ProtocolTransactionStatus.ACCEPTED: 'Accepted'>
wait_triggered_transactions = False
wait_triggered_transactions_status = <ProtocolTransactionStatus.ACCEPTED: 'Accepted'>
transaction_context = None

    def deploy_contract_tx(
        self,
        args: Optional[List[CalldataEncodable]] = None,
        account: Optional[LocalAccount] = None,
        consensus_max_rotations: Optional[int] = None,
        fees: Optional[Dict[str, Any]] = None,
        fee_value: Optional[int] = None,
        wait_until: Optional[Literal["decided", "finalized"]] = None,
        wait_interval: Optional[int] = None,
        wait_retries: Optional[int] = None,
        wait_transaction_status: ProtocolTransactionStatus = ProtocolTransactionStatus.ACCEPTED,
        wait_triggered_transactions: bool = False,
        wait_triggered_transactions_status: ProtocolTransactionStatus = ProtocolTransactionStatus.ACCEPTED,
        transaction_context: Optional[TransactionContext] = None,
    ) -> GenLayerTransaction:
        """
        Deploy the contract and return the transaction receipt.
        """
        general_config = get_general_config()
        actual_wait_interval = (
            wait_interval
            if wait_interval is not None
            else general_config.get_default_wait_interval()
        )
        actual_wait_retries = (
            wait_retries
            if wait_retries is not None
            else general_config.get_default_wait_retries()
        )
        leader_only = (
            general_config.get_leader_only()
            if general_config.check_studio_based_rpc()
            else False
        )
    
        client = get_gl_client()
        try:
            sim_config = None
            if transaction_context:
                try:
                    sim_config = SimConfig(**transaction_context)
                except TypeError as e:
                    raise ValueError(
                        f"Invalid transaction_context keys: {sorted(transaction_context.keys())}"
                    ) from e
            tx_hash = client.deploy_contract(
                code=self.contract_code,
                args=args,
                account=account,
                consensus_max_rotations=consensus_max_rotations,
                leader_only=leader_only,
                **_fee_kwargs(client.deploy_contract, fees, fee_value),
                sim_config=sim_config,
            )
            tx_receipt = wait_for_transaction_receipt(
                client,
                transaction_hash=tx_hash,
                wait_until=wait_until
                or wait_until_from_status(wait_transaction_status),
                interval=actual_wait_interval,
                retries=actual_wait_retries,
            )
            maybe_record_fee_observation(kind="deploy", receipt=tx_receipt)
            if wait_triggered_transactions:
                triggered_transactions = tx_receipt.get("triggered_transactions", [])
                for triggered_transaction in triggered_transactions:
                    wait_for_transaction_receipt(
                        client,
                        transaction_hash=triggered_transaction,
                        wait_until=wait_until_from_status(
                            wait_triggered_transactions_status
                        ),
                        interval=actual_wait_interval,
                        retries=actual_wait_retries,
                    )
            return tx_receipt
        except Exception as e:
>           raise DeploymentError(
                f"Failed to deploy contract {self.contract_name}: {str(e)}"
            ) from e
E           gltest.exceptions.DeploymentError: Failed to deploy contract Arbiter: Transaction reverted: EVM tx 0xf936d56c9034c1d46df5eb8777e08e49f8fd7c4bec945e185fb0bb72e855d6d9 to consensus contract 0xb7278A61aa25c888815aFC32Ad3cC52fF24fE575 was reverted. FeesDistributionMissing

../../usr/lib/python3.13/site-packages/gltest/contracts/contract_factory.py:246: DeploymentError
___________ ERROR at setup of test_abandon_open_job_too_early_fails ____________

self = ContractFactory(contract_name='Arbiter', contract_code='# { "Depends": "py-genlayer:5jycge4q8k23462jtb0b9fyey1s9qz928s... finalize /\n        recovery to verify that value actually left the contract."""\n        return str(self.balance)\n')
args = None, account = None, consensus_max_rotations = None, fees = None
fee_value = None, wait_until = None, wait_interval = None, wait_retries = None
wait_transaction_status = <ProtocolTransactionStatus.ACCEPTED: 'Accepted'>
wait_triggered_transactions = False
wait_triggered_transactions_status = <ProtocolTransactionStatus.ACCEPTED: 'Accepted'>
transaction_context = None

    def deploy_contract_tx(
        self,
        args: Optional[List[CalldataEncodable]] = None,
        account: Optional[LocalAccount] = None,
        consensus_max_rotations: Optional[int] = None,
        fees: Optional[Dict[str, Any]] = None,
        fee_value: Optional[int] = None,
        wait_until: Optional[Literal["decided", "finalized"]] = None,
        wait_interval: Optional[int] = None,
        wait_retries: Optional[int] = None,
        wait_transaction_status: ProtocolTransactionStatus = ProtocolTransactionStatus.ACCEPTED,
        wait_triggered_transactions: bool = False,
        wait_triggered_transactions_status: ProtocolTransactionStatus = ProtocolTransactionStatus.ACCEPTED,
        transaction_context: Optional[TransactionContext] = None,
    ) -> GenLayerTransaction:
        """
        Deploy the contract and return the transaction receipt.
        """
        general_config = get_general_config()
        actual_wait_interval = (
            wait_interval
            if wait_interval is not None
            else general_config.get_default_wait_interval()
        )
        actual_wait_retries = (
            wait_retries
            if wait_retries is not None
            else general_config.get_default_wait_retries()
        )
        leader_only = (
            general_config.get_leader_only()
            if general_config.check_studio_based_rpc()
            else False
        )
    
        client = get_gl_client()
        try:
            sim_config = None
            if transaction_context:
                try:
                    sim_config = SimConfig(**transaction_context)
                except TypeError as e:
                    raise ValueError(
                        f"Invalid transaction_context keys: {sorted(transaction_context.keys())}"
                    ) from e
>           tx_hash = client.deploy_contract(
                code=self.contract_code,
                args=args,
                account=account,
                consensus_max_rotations=consensus_max_rotations,
                leader_only=leader_only,
                **_fee_kwargs(client.deploy_contract, fees, fee_value),
                sim_config=sim_config,
            )

../../usr/lib/python3.13/site-packages/gltest/contracts/contract_factory.py:214: 
_ _ _ _ _ _ _ _ _ _ _ _ _ _ _ _ _ _ _ _ _ _ _ _ _ _ _ _ _ _ _ _ _ _ _ _ _ _ _ _ 
../../usr/lib/python3.13/site-packages/genlayer_py/client/genlayer_client.py:232: in deploy_contract
    return deploy_contract(
../../usr/lib/python3.13/site-packages/genlayer_py/contracts/actions.py:217: in deploy_contract
    return _send_transaction(
_ _ _ _ _ _ _ _ _ _ _ _ _ _ _ _ _ _ _ _ _ _ _ _ _ _ _ _ _ _ _ _ _ _ _ _ _ _ _ _ 

self = <genlayer_py.client.genlayer_client.GenLayerClient object at 0x7a9d2a3cb0>
encoded_data = '0x27241a990000000000000000000000008d9034a81a6e638775cfc9c83d60c8a95e42f48f0000000000000000000000000000000000000000000...2222220a202020202020202072657475726e207374722873656c662e62616c616e6365290a06800000000000000000000000000000000000000000'
sender_account = <eth_account.signers.local.LocalAccount object at 0x7a9d113ed0>
value = 0, sim_config = None

    def _send_transaction(
        self: GenLayerClient,
        encoded_data: HexStr,
        sender_account: Optional[LocalAccount] = None,
        value: int = 0,
        sim_config: Optional[SimConfig] = None,
    ):
        if sender_account is None:
            raise GenLayerError(
                "No account set. Configure the client with an account or pass an account to this function."
            )
    
        if self.chain.consensus_main_contract is None:
            raise GenLayerError(
                f'Consensus main contract address not found in chain config for "{self.chain.name}".',
            )
    
        try:
            transaction = _prepare_transaction(
                self=self,
                sender=sender_account.address,
                recipient=self.chain.consensus_main_contract["address"],
                data=encoded_data,
                value=value,
            )
            signed_transaction = sender_account.sign_transaction(transaction)
            serialized_transaction = self.w3.to_hex(signed_transaction.raw_transaction)
            params = [serialized_transaction]
            if sim_config is not None:
                params.append(sim_config)
            tx_hash = self.provider.make_request(
                method="eth_sendRawTransaction", params=params
            )["result"]
        except Exception as exc:
            raise GenLayerError(f"Transaction failed: {_format_rpc_error(exc)}") from exc
        tx_receipt = self.w3.eth.wait_for_transaction_receipt(tx_hash)
    
        if tx_receipt.status != 1:
            reason = _receipt_revert_reason(self, tx_hash)
            suffix = f" {reason}" if reason else ""
>           raise GenLayerError(
                f"Transaction reverted: EVM tx {tx_hash} to consensus contract "
                f"{self.chain.consensus_main_contract['address']} was reverted.{suffix}"
            )
E           genlayer_py.exceptions.GenLayerError: Transaction reverted: EVM tx 0x37c8b44ce863ebc22f8ef25ac7e2261c3cc48de0728175448c8133c2f82358d9 to consensus contract 0xb7278A61aa25c888815aFC32Ad3cC52fF24fE575 was reverted. FeesDistributionMissing

../../usr/lib/python3.13/site-packages/genlayer_py/contracts/actions.py:1319: GenLayerError

The above exception was the direct cause of the following exception:

    @pytest.fixture
    def arbiter():
        factory = get_contract_factory("Arbiter")
>       return factory.deploy()
               ^^^^^^^^^^^^^^^^

tests/test_arbiter_payout.py:76: 
_ _ _ _ _ _ _ _ _ _ _ _ _ _ _ _ _ _ _ _ _ _ _ _ _ _ _ _ _ _ _ _ _ _ _ _ _ _ _ _ 
../../usr/lib/python3.13/site-packages/gltest/contracts/contract_factory.py:148: in deploy
    receipt = self.deploy_contract_tx(
_ _ _ _ _ _ _ _ _ _ _ _ _ _ _ _ _ _ _ _ _ _ _ _ _ _ _ _ _ _ _ _ _ _ _ _ _ _ _ _ 

self = ContractFactory(contract_name='Arbiter', contract_code='# { "Depends": "py-genlayer:5jycge4q8k23462jtb0b9fyey1s9qz928s... finalize /\n        recovery to verify that value actually left the contract."""\n        return str(self.balance)\n')
args = None, account = None, consensus_max_rotations = None, fees = None
fee_value = None, wait_until = None, wait_interval = None, wait_retries = None
wait_transaction_status = <ProtocolTransactionStatus.ACCEPTED: 'Accepted'>
wait_triggered_transactions = False
wait_triggered_transactions_status = <ProtocolTransactionStatus.ACCEPTED: 'Accepted'>
transaction_context = None

    def deploy_contract_tx(
        self,
        args: Optional[List[CalldataEncodable]] = None,
        account: Optional[LocalAccount] = None,
        consensus_max_rotations: Optional[int] = None,
        fees: Optional[Dict[str, Any]] = None,
        fee_value: Optional[int] = None,
        wait_until: Optional[Literal["decided", "finalized"]] = None,
        wait_interval: Optional[int] = None,
        wait_retries: Optional[int] = None,
        wait_transaction_status: ProtocolTransactionStatus = ProtocolTransactionStatus.ACCEPTED,
        wait_triggered_transactions: bool = False,
        wait_triggered_transactions_status: ProtocolTransactionStatus = ProtocolTransactionStatus.ACCEPTED,
        transaction_context: Optional[TransactionContext] = None,
    ) -> GenLayerTransaction:
        """
        Deploy the contract and return the transaction receipt.
        """
        general_config = get_general_config()
        actual_wait_interval = (
            wait_interval
            if wait_interval is not None
            else general_config.get_default_wait_interval()
        )
        actual_wait_retries = (
            wait_retries
            if wait_retries is not None
            else general_config.get_default_wait_retries()
        )
        leader_only = (
            general_config.get_leader_only()
            if general_config.check_studio_based_rpc()
            else False
        )
    
        client = get_gl_client()
        try:
            sim_config = None
            if transaction_context:
                try:
                    sim_config = SimConfig(**transaction_context)
                except TypeError as e:
                    raise ValueError(
                        f"Invalid transaction_context keys: {sorted(transaction_context.keys())}"
                    ) from e
            tx_hash = client.deploy_contract(
                code=self.contract_code,
                args=args,
                account=account,
                consensus_max_rotations=consensus_max_rotations,
                leader_only=leader_only,
                **_fee_kwargs(client.deploy_contract, fees, fee_value),
                sim_config=sim_config,
            )
            tx_receipt = wait_for_transaction_receipt(
                client,
                transaction_hash=tx_hash,
                wait_until=wait_until
                or wait_until_from_status(wait_transaction_status),
                interval=actual_wait_interval,
                retries=actual_wait_retries,
            )
            maybe_record_fee_observation(kind="deploy", receipt=tx_receipt)
            if wait_triggered_transactions:
                triggered_transactions = tx_receipt.get("triggered_transactions", [])
                for triggered_transaction in triggered_transactions:
                    wait_for_transaction_receipt(
                        client,
                        transaction_hash=triggered_transaction,
                        wait_until=wait_until_from_status(
                            wait_triggered_transactions_status
                        ),
                        interval=actual_wait_interval,
                        retries=actual_wait_retries,
                    )
            return tx_receipt
        except Exception as e:
>           raise DeploymentError(
                f"Failed to deploy contract {self.contract_name}: {str(e)}"
            ) from e
E           gltest.exceptions.DeploymentError: Failed to deploy contract Arbiter: Transaction reverted: EVM tx 0x37c8b44ce863ebc22f8ef25ac7e2261c3cc48de0728175448c8133c2f82358d9 to consensus contract 0xb7278A61aa25c888815aFC32Ad3cC52fF24fE575 was reverted. FeesDistributionMissing

../../usr/lib/python3.13/site-packages/gltest/contracts/contract_factory.py:246: DeploymentError
______________ ERROR at setup of test_only_requester_can_approve _______________

self = ContractFactory(contract_name='Arbiter', contract_code='# { "Depends": "py-genlayer:5jycge4q8k23462jtb0b9fyey1s9qz928s... finalize /\n        recovery to verify that value actually left the contract."""\n        return str(self.balance)\n')
args = None, account = None, consensus_max_rotations = None, fees = None
fee_value = None, wait_until = None, wait_interval = None, wait_retries = None
wait_transaction_status = <ProtocolTransactionStatus.ACCEPTED: 'Accepted'>
wait_triggered_transactions = False
wait_triggered_transactions_status = <ProtocolTransactionStatus.ACCEPTED: 'Accepted'>
transaction_context = None

    def deploy_contract_tx(
        self,
        args: Optional[List[CalldataEncodable]] = None,
        account: Optional[LocalAccount] = None,
        consensus_max_rotations: Optional[int] = None,
        fees: Optional[Dict[str, Any]] = None,
        fee_value: Optional[int] = None,
        wait_until: Optional[Literal["decided", "finalized"]] = None,
        wait_interval: Optional[int] = None,
        wait_retries: Optional[int] = None,
        wait_transaction_status: ProtocolTransactionStatus = ProtocolTransactionStatus.ACCEPTED,
        wait_triggered_transactions: bool = False,
        wait_triggered_transactions_status: ProtocolTransactionStatus = ProtocolTransactionStatus.ACCEPTED,
        transaction_context: Optional[TransactionContext] = None,
    ) -> GenLayerTransaction:
        """
        Deploy the contract and return the transaction receipt.
        """
        general_config = get_general_config()
        actual_wait_interval = (
            wait_interval
            if wait_interval is not None
            else general_config.get_default_wait_interval()
        )
        actual_wait_retries = (
            wait_retries
            if wait_retries is not None
            else general_config.get_default_wait_retries()
        )
        leader_only = (
            general_config.get_leader_only()
            if general_config.check_studio_based_rpc()
            else False
        )
    
        client = get_gl_client()
        try:
            sim_config = None
            if transaction_context:
                try:
                    sim_config = SimConfig(**transaction_context)
                except TypeError as e:
                    raise ValueError(
                        f"Invalid transaction_context keys: {sorted(transaction_context.keys())}"
                    ) from e
>           tx_hash = client.deploy_contract(
                code=self.contract_code,
                args=args,
                account=account,
                consensus_max_rotations=consensus_max_rotations,
                leader_only=leader_only,
                **_fee_kwargs(client.deploy_contract, fees, fee_value),
                sim_config=sim_config,
            )

../../usr/lib/python3.13/site-packages/gltest/contracts/contract_factory.py:214: 
_ _ _ _ _ _ _ _ _ _ _ _ _ _ _ _ _ _ _ _ _ _ _ _ _ _ _ _ _ _ _ _ _ _ _ _ _ _ _ _ 
../../usr/lib/python3.13/site-packages/genlayer_py/client/genlayer_client.py:232: in deploy_contract
    return deploy_contract(
../../usr/lib/python3.13/site-packages/genlayer_py/contracts/actions.py:217: in deploy_contract
    return _send_transaction(
_ _ _ _ _ _ _ _ _ _ _ _ _ _ _ _ _ _ _ _ _ _ _ _ _ _ _ _ _ _ _ _ _ _ _ _ _ _ _ _ 

self = <genlayer_py.client.genlayer_client.GenLayerClient object at 0x7a9d2a3cb0>
encoded_data = '0x27241a990000000000000000000000008d9034a81a6e638775cfc9c83d60c8a95e42f48f0000000000000000000000000000000000000000000...2222220a202020202020202072657475726e207374722873656c662e62616c616e6365290a06800000000000000000000000000000000000000000'
sender_account = <eth_account.signers.local.LocalAccount object at 0x7a9d113ed0>
value = 0, sim_config = None

    def _send_transaction(
        self: GenLayerClient,
        encoded_data: HexStr,
        sender_account: Optional[LocalAccount] = None,
        value: int = 0,
        sim_config: Optional[SimConfig] = None,
    ):
        if sender_account is None:
            raise GenLayerError(
                "No account set. Configure the client with an account or pass an account to this function."
            )
    
        if self.chain.consensus_main_contract is None:
            raise GenLayerError(
                f'Consensus main contract address not found in chain config for "{self.chain.name}".',
            )
    
        try:
            transaction = _prepare_transaction(
                self=self,
                sender=sender_account.address,
                recipient=self.chain.consensus_main_contract["address"],
                data=encoded_data,
                value=value,
            )
            signed_transaction = sender_account.sign_transaction(transaction)
            serialized_transaction = self.w3.to_hex(signed_transaction.raw_transaction)
            params = [serialized_transaction]
            if sim_config is not None:
                params.append(sim_config)
            tx_hash = self.provider.make_request(
                method="eth_sendRawTransaction", params=params
            )["result"]
        except Exception as exc:
            raise GenLayerError(f"Transaction failed: {_format_rpc_error(exc)}") from exc
        tx_receipt = self.w3.eth.wait_for_transaction_receipt(tx_hash)
    
        if tx_receipt.status != 1:
            reason = _receipt_revert_reason(self, tx_hash)
            suffix = f" {reason}" if reason else ""
>           raise GenLayerError(
                f"Transaction reverted: EVM tx {tx_hash} to consensus contract "
                f"{self.chain.consensus_main_contract['address']} was reverted.{suffix}"
            )
E           genlayer_py.exceptions.GenLayerError: Transaction reverted: EVM tx 0xfe0a7b3089d8ca10bf17cc790096cd1704a7c59daeb80cc3be17e9982f16cb48 to consensus contract 0xb7278A61aa25c888815aFC32Ad3cC52fF24fE575 was reverted. FeesDistributionMissing

../../usr/lib/python3.13/site-packages/genlayer_py/contracts/actions.py:1319: GenLayerError

The above exception was the direct cause of the following exception:

    @pytest.fixture
    def arbiter():
        factory = get_contract_factory("Arbiter")
>       return factory.deploy()
               ^^^^^^^^^^^^^^^^

tests/test_arbiter_payout.py:76: 
_ _ _ _ _ _ _ _ _ _ _ _ _ _ _ _ _ _ _ _ _ _ _ _ _ _ _ _ _ _ _ _ _ _ _ _ _ _ _ _ 
../../usr/lib/python3.13/site-packages/gltest/contracts/contract_factory.py:148: in deploy
    receipt = self.deploy_contract_tx(
_ _ _ _ _ _ _ _ _ _ _ _ _ _ _ _ _ _ _ _ _ _ _ _ _ _ _ _ _ _ _ _ _ _ _ _ _ _ _ _ 

self = ContractFactory(contract_name='Arbiter', contract_code='# { "Depends": "py-genlayer:5jycge4q8k23462jtb0b9fyey1s9qz928s... finalize /\n        recovery to verify that value actually left the contract."""\n        return str(self.balance)\n')
args = None, account = None, consensus_max_rotations = None, fees = None
fee_value = None, wait_until = None, wait_interval = None, wait_retries = None
wait_transaction_status = <ProtocolTransactionStatus.ACCEPTED: 'Accepted'>
wait_triggered_transactions = False
wait_triggered_transactions_status = <ProtocolTransactionStatus.ACCEPTED: 'Accepted'>
transaction_context = None

    def deploy_contract_tx(
        self,
        args: Optional[List[CalldataEncodable]] = None,
        account: Optional[LocalAccount] = None,
        consensus_max_rotations: Optional[int] = None,
        fees: Optional[Dict[str, Any]] = None,
        fee_value: Optional[int] = None,
        wait_until: Optional[Literal["decided", "finalized"]] = None,
        wait_interval: Optional[int] = None,
        wait_retries: Optional[int] = None,
        wait_transaction_status: ProtocolTransactionStatus = ProtocolTransactionStatus.ACCEPTED,
        wait_triggered_transactions: bool = False,
        wait_triggered_transactions_status: ProtocolTransactionStatus = ProtocolTransactionStatus.ACCEPTED,
        transaction_context: Optional[TransactionContext] = None,
    ) -> GenLayerTransaction:
        """
        Deploy the contract and return the transaction receipt.
        """
        general_config = get_general_config()
        actual_wait_interval = (
            wait_interval
            if wait_interval is not None
            else general_config.get_default_wait_interval()
        )
        actual_wait_retries = (
            wait_retries
            if wait_retries is not None
            else general_config.get_default_wait_retries()
        )
        leader_only = (
            general_config.get_leader_only()
            if general_config.check_studio_based_rpc()
            else False
        )
    
        client = get_gl_client()
        try:
            sim_config = None
            if transaction_context:
                try:
                    sim_config = SimConfig(**transaction_context)
                except TypeError as e:
                    raise ValueError(
                        f"Invalid transaction_context keys: {sorted(transaction_context.keys())}"
                    ) from e
            tx_hash = client.deploy_contract(
                code=self.contract_code,
                args=args,
                account=account,
                consensus_max_rotations=consensus_max_rotations,
                leader_only=leader_only,
                **_fee_kwargs(client.deploy_contract, fees, fee_value),
                sim_config=sim_config,
            )
            tx_receipt = wait_for_transaction_receipt(
                client,
                transaction_hash=tx_hash,
                wait_until=wait_until
                or wait_until_from_status(wait_transaction_status),
                interval=actual_wait_interval,
                retries=actual_wait_retries,
            )
            maybe_record_fee_observation(kind="deploy", receipt=tx_receipt)
            if wait_triggered_transactions:
                triggered_transactions = tx_receipt.get("triggered_transactions", [])
                for triggered_transaction in triggered_transactions:
                    wait_for_transaction_receipt(
                        client,
                        transaction_hash=triggered_transaction,
                        wait_until=wait_until_from_status(
                            wait_triggered_transactions_status
                        ),
                        interval=actual_wait_interval,
                        retries=actual_wait_retries,
                    )
            return tx_receipt
        except Exception as e:
>           raise DeploymentError(
                f"Failed to deploy contract {self.contract_name}: {str(e)}"
            ) from e
E           gltest.exceptions.DeploymentError: Failed to deploy contract Arbiter: Transaction reverted: EVM tx 0xfe0a7b3089d8ca10bf17cc790096cd1704a7c59daeb80cc3be17e9982f16cb48 to consensus contract 0xb7278A61aa25c888815aFC32Ad3cC52fF24fE575 was reverted. FeesDistributionMissing

../../usr/lib/python3.13/site-packages/gltest/contracts/contract_factory.py:246: DeploymentError
_________ ERROR at setup of test_only_requester_or_worker_can_dispute __________

self = ContractFactory(contract_name='Arbiter', contract_code='# { "Depends": "py-genlayer:5jycge4q8k23462jtb0b9fyey1s9qz928s... finalize /\n        recovery to verify that value actually left the contract."""\n        return str(self.balance)\n')
args = None, account = None, consensus_max_rotations = None, fees = None
fee_value = None, wait_until = None, wait_interval = None, wait_retries = None
wait_transaction_status = <ProtocolTransactionStatus.ACCEPTED: 'Accepted'>
wait_triggered_transactions = False
wait_triggered_transactions_status = <ProtocolTransactionStatus.ACCEPTED: 'Accepted'>
transaction_context = None

    def deploy_contract_tx(
        self,
        args: Optional[List[CalldataEncodable]] = None,
        account: Optional[LocalAccount] = None,
        consensus_max_rotations: Optional[int] = None,
        fees: Optional[Dict[str, Any]] = None,
        fee_value: Optional[int] = None,
        wait_until: Optional[Literal["decided", "finalized"]] = None,
        wait_interval: Optional[int] = None,
        wait_retries: Optional[int] = None,
        wait_transaction_status: ProtocolTransactionStatus = ProtocolTransactionStatus.ACCEPTED,
        wait_triggered_transactions: bool = False,
        wait_triggered_transactions_status: ProtocolTransactionStatus = ProtocolTransactionStatus.ACCEPTED,
        transaction_context: Optional[TransactionContext] = None,
    ) -> GenLayerTransaction:
        """
        Deploy the contract and return the transaction receipt.
        """
        general_config = get_general_config()
        actual_wait_interval = (
            wait_interval
            if wait_interval is not None
            else general_config.get_default_wait_interval()
        )
        actual_wait_retries = (
            wait_retries
            if wait_retries is not None
            else general_config.get_default_wait_retries()
        )
        leader_only = (
            general_config.get_leader_only()
            if general_config.check_studio_based_rpc()
            else False
        )
    
        client = get_gl_client()
        try:
            sim_config = None
            if transaction_context:
                try:
                    sim_config = SimConfig(**transaction_context)
                except TypeError as e:
                    raise ValueError(
                        f"Invalid transaction_context keys: {sorted(transaction_context.keys())}"
                    ) from e
>           tx_hash = client.deploy_contract(
                code=self.contract_code,
                args=args,
                account=account,
                consensus_max_rotations=consensus_max_rotations,
                leader_only=leader_only,
                **_fee_kwargs(client.deploy_contract, fees, fee_value),
                sim_config=sim_config,
            )

../../usr/lib/python3.13/site-packages/gltest/contracts/contract_factory.py:214: 
_ _ _ _ _ _ _ _ _ _ _ _ _ _ _ _ _ _ _ _ _ _ _ _ _ _ _ _ _ _ _ _ _ _ _ _ _ _ _ _ 
../../usr/lib/python3.13/site-packages/genlayer_py/client/genlayer_client.py:232: in deploy_contract
    return deploy_contract(
../../usr/lib/python3.13/site-packages/genlayer_py/contracts/actions.py:217: in deploy_contract
    return _send_transaction(
_ _ _ _ _ _ _ _ _ _ _ _ _ _ _ _ _ _ _ _ _ _ _ _ _ _ _ _ _ _ _ _ _ _ _ _ _ _ _ _ 

self = <genlayer_py.client.genlayer_client.GenLayerClient object at 0x7a9d2a3cb0>
encoded_data = '0x27241a990000000000000000000000008d9034a81a6e638775cfc9c83d60c8a95e42f48f0000000000000000000000000000000000000000000...2222220a202020202020202072657475726e207374722873656c662e62616c616e6365290a06800000000000000000000000000000000000000000'
sender_account = <eth_account.signers.local.LocalAccount object at 0x7a9d113ed0>
value = 0, sim_config = None

    def _send_transaction(
        self: GenLayerClient,
        encoded_data: HexStr,
        sender_account: Optional[LocalAccount] = None,
        value: int = 0,
        sim_config: Optional[SimConfig] = None,
    ):
        if sender_account is None:
            raise GenLayerError(
                "No account set. Configure the client with an account or pass an account to this function."
            )
    
        if self.chain.consensus_main_contract is None:
            raise GenLayerError(
                f'Consensus main contract address not found in chain config for "{self.chain.name}".',
            )
    
        try:
            transaction = _prepare_transaction(
                self=self,
                sender=sender_account.address,
                recipient=self.chain.consensus_main_contract["address"],
                data=encoded_data,
                value=value,
            )
            signed_transaction = sender_account.sign_transaction(transaction)
            serialized_transaction = self.w3.to_hex(signed_transaction.raw_transaction)
            params = [serialized_transaction]
            if sim_config is not None:
                params.append(sim_config)
            tx_hash = self.provider.make_request(
                method="eth_sendRawTransaction", params=params
            )["result"]
        except Exception as exc:
            raise GenLayerError(f"Transaction failed: {_format_rpc_error(exc)}") from exc
        tx_receipt = self.w3.eth.wait_for_transaction_receipt(tx_hash)
    
        if tx_receipt.status != 1:
            reason = _receipt_revert_reason(self, tx_hash)
            suffix = f" {reason}" if reason else ""
>           raise GenLayerError(
                f"Transaction reverted: EVM tx {tx_hash} to consensus contract "
                f"{self.chain.consensus_main_contract['address']} was reverted.{suffix}"
            )
E           genlayer_py.exceptions.GenLayerError: Transaction reverted: EVM tx 0x43eecf65260c337dd7597aa4568ad1ceadc8517c85e5f4e2de8b2166bdf0fcba to consensus contract 0xb7278A61aa25c888815aFC32Ad3cC52fF24fE575 was reverted. FeesDistributionMissing

../../usr/lib/python3.13/site-packages/genlayer_py/contracts/actions.py:1319: GenLayerError

The above exception was the direct cause of the following exception:

    @pytest.fixture
    def arbiter():
        factory = get_contract_factory("Arbiter")
>       return factory.deploy()
               ^^^^^^^^^^^^^^^^

tests/test_arbiter_payout.py:76: 
_ _ _ _ _ _ _ _ _ _ _ _ _ _ _ _ _ _ _ _ _ _ _ _ _ _ _ _ _ _ _ _ _ _ _ _ _ _ _ _ 
../../usr/lib/python3.13/site-packages/gltest/contracts/contract_factory.py:148: in deploy
    receipt = self.deploy_contract_tx(
_ _ _ _ _ _ _ _ _ _ _ _ _ _ _ _ _ _ _ _ _ _ _ _ _ _ _ _ _ _ _ _ _ _ _ _ _ _ _ _ 

self = ContractFactory(contract_name='Arbiter', contract_code='# { "Depends": "py-genlayer:5jycge4q8k23462jtb0b9fyey1s9qz928s... finalize /\n        recovery to verify that value actually left the contract."""\n        return str(self.balance)\n')
args = None, account = None, consensus_max_rotations = None, fees = None
fee_value = None, wait_until = None, wait_interval = None, wait_retries = None
wait_transaction_status = <ProtocolTransactionStatus.ACCEPTED: 'Accepted'>
wait_triggered_transactions = False
wait_triggered_transactions_status = <ProtocolTransactionStatus.ACCEPTED: 'Accepted'>
transaction_context = None

    def deploy_contract_tx(
        self,
        args: Optional[List[CalldataEncodable]] = None,
        account: Optional[LocalAccount] = None,
        consensus_max_rotations: Optional[int] = None,
        fees: Optional[Dict[str, Any]] = None,
        fee_value: Optional[int] = None,
        wait_until: Optional[Literal["decided", "finalized"]] = None,
        wait_interval: Optional[int] = None,
        wait_retries: Optional[int] = None,
        wait_transaction_status: ProtocolTransactionStatus = ProtocolTransactionStatus.ACCEPTED,
        wait_triggered_transactions: bool = False,
        wait_triggered_transactions_status: ProtocolTransactionStatus = ProtocolTransactionStatus.ACCEPTED,
        transaction_context: Optional[TransactionContext] = None,
    ) -> GenLayerTransaction:
        """
        Deploy the contract and return the transaction receipt.
        """
        general_config = get_general_config()
        actual_wait_interval = (
            wait_interval
            if wait_interval is not None
            else general_config.get_default_wait_interval()
        )
        actual_wait_retries = (
            wait_retries
            if wait_retries is not None
            else general_config.get_default_wait_retries()
        )
        leader_only = (
            general_config.get_leader_only()
            if general_config.check_studio_based_rpc()
            else False
        )
    
        client = get_gl_client()
        try:
            sim_config = None
            if transaction_context:
                try:
                    sim_config = SimConfig(**transaction_context)
                except TypeError as e:
                    raise ValueError(
                        f"Invalid transaction_context keys: {sorted(transaction_context.keys())}"
                    ) from e
            tx_hash = client.deploy_contract(
                code=self.contract_code,
                args=args,
                account=account,
                consensus_max_rotations=consensus_max_rotations,
                leader_only=leader_only,
                **_fee_kwargs(client.deploy_contract, fees, fee_value),
                sim_config=sim_config,
            )
            tx_receipt = wait_for_transaction_receipt(
                client,
                transaction_hash=tx_hash,
                wait_until=wait_until
                or wait_until_from_status(wait_transaction_status),
                interval=actual_wait_interval,
                retries=actual_wait_retries,
            )
            maybe_record_fee_observation(kind="deploy", receipt=tx_receipt)
            if wait_triggered_transactions:
                triggered_transactions = tx_receipt.get("triggered_transactions", [])
                for triggered_transaction in triggered_transactions:
                    wait_for_transaction_receipt(
                        client,
                        transaction_hash=triggered_transaction,
                        wait_until=wait_until_from_status(
                            wait_triggered_transactions_status
                        ),
                        interval=actual_wait_interval,
                        retries=actual_wait_retries,
                    )
            return tx_receipt
        except Exception as e:
>           raise DeploymentError(
                f"Failed to deploy contract {self.contract_name}: {str(e)}"
            ) from e
E           gltest.exceptions.DeploymentError: Failed to deploy contract Arbiter: Transaction reverted: EVM tx 0x43eecf65260c337dd7597aa4568ad1ceadc8517c85e5f4e2de8b2166bdf0fcba to consensus contract 0xb7278A61aa25c888815aFC32Ad3cC52fF24fE575 was reverted. FeesDistributionMissing

../../usr/lib/python3.13/site-packages/gltest/contracts/contract_factory.py:246: DeploymentError
_____________________ ERROR at setup of test_initial_state _____________________

self = ContractFactory(contract_name='Arbiter', contract_code='# { "Depends": "py-genlayer:5jycge4q8k23462jtb0b9fyey1s9qz928s... finalize /\n        recovery to verify that value actually left the contract."""\n        return str(self.balance)\n')
args = None, account = None, consensus_max_rotations = None, fees = None
fee_value = None, wait_until = None, wait_interval = None, wait_retries = None
wait_transaction_status = <ProtocolTransactionStatus.ACCEPTED: 'Accepted'>
wait_triggered_transactions = False
wait_triggered_transactions_status = <ProtocolTransactionStatus.ACCEPTED: 'Accepted'>
transaction_context = None

    def deploy_contract_tx(
        self,
        args: Optional[List[CalldataEncodable]] = None,
        account: Optional[LocalAccount] = None,
        consensus_max_rotations: Optional[int] = None,
        fees: Optional[Dict[str, Any]] = None,
        fee_value: Optional[int] = None,
        wait_until: Optional[Literal["decided", "finalized"]] = None,
        wait_interval: Optional[int] = None,
        wait_retries: Optional[int] = None,
        wait_transaction_status: ProtocolTransactionStatus = ProtocolTransactionStatus.ACCEPTED,
        wait_triggered_transactions: bool = False,
        wait_triggered_transactions_status: ProtocolTransactionStatus = ProtocolTransactionStatus.ACCEPTED,
        transaction_context: Optional[TransactionContext] = None,
    ) -> GenLayerTransaction:
        """
        Deploy the contract and return the transaction receipt.
        """
        general_config = get_general_config()
        actual_wait_interval = (
            wait_interval
            if wait_interval is not None
            else general_config.get_default_wait_interval()
        )
        actual_wait_retries = (
            wait_retries
            if wait_retries is not None
            else general_config.get_default_wait_retries()
        )
        leader_only = (
            general_config.get_leader_only()
            if general_config.check_studio_based_rpc()
            else False
        )
    
        client = get_gl_client()
        try:
            sim_config = None
            if transaction_context:
                try:
                    sim_config = SimConfig(**transaction_context)
                except TypeError as e:
                    raise ValueError(
                        f"Invalid transaction_context keys: {sorted(transaction_context.keys())}"
                    ) from e
>           tx_hash = client.deploy_contract(
                code=self.contract_code,
                args=args,
                account=account,
                consensus_max_rotations=consensus_max_rotations,
                leader_only=leader_only,
                **_fee_kwargs(client.deploy_contract, fees, fee_value),
                sim_config=sim_config,
            )

../../usr/lib/python3.13/site-packages/gltest/contracts/contract_factory.py:214: 
_ _ _ _ _ _ _ _ _ _ _ _ _ _ _ _ _ _ _ _ _ _ _ _ _ _ _ _ _ _ _ _ _ _ _ _ _ _ _ _ 
../../usr/lib/python3.13/site-packages/genlayer_py/client/genlayer_client.py:232: in deploy_contract
    return deploy_contract(
../../usr/lib/python3.13/site-packages/genlayer_py/contracts/actions.py:217: in deploy_contract
    return _send_transaction(
_ _ _ _ _ _ _ _ _ _ _ _ _ _ _ _ _ _ _ _ _ _ _ _ _ _ _ _ _ _ _ _ _ _ _ _ _ _ _ _ 

self = <genlayer_py.client.genlayer_client.GenLayerClient object at 0x7a9d2a3cb0>
encoded_data = '0x27241a990000000000000000000000008d9034a81a6e638775cfc9c83d60c8a95e42f48f0000000000000000000000000000000000000000000...2222220a202020202020202072657475726e207374722873656c662e62616c616e6365290a06800000000000000000000000000000000000000000'
sender_account = <eth_account.signers.local.LocalAccount object at 0x7a9d113ed0>
value = 0, sim_config = None

    def _send_transaction(
        self: GenLayerClient,
        encoded_data: HexStr,
        sender_account: Optional[LocalAccount] = None,
        value: int = 0,
        sim_config: Optional[SimConfig] = None,
    ):
        if sender_account is None:
            raise GenLayerError(
                "No account set. Configure the client with an account or pass an account to this function."
            )
    
        if self.chain.consensus_main_contract is None:
            raise GenLayerError(
                f'Consensus main contract address not found in chain config for "{self.chain.name}".',
            )
    
        try:
            transaction = _prepare_transaction(
                self=self,
                sender=sender_account.address,
                recipient=self.chain.consensus_main_contract["address"],
                data=encoded_data,
                value=value,
            )
            signed_transaction = sender_account.sign_transaction(transaction)
            serialized_transaction = self.w3.to_hex(signed_transaction.raw_transaction)
            params = [serialized_transaction]
            if sim_config is not None:
                params.append(sim_config)
            tx_hash = self.provider.make_request(
                method="eth_sendRawTransaction", params=params
            )["result"]
        except Exception as exc:
            raise GenLayerError(f"Transaction failed: {_format_rpc_error(exc)}") from exc
        tx_receipt = self.w3.eth.wait_for_transaction_receipt(tx_hash)
    
        if tx_receipt.status != 1:
            reason = _receipt_revert_reason(self, tx_hash)
            suffix = f" {reason}" if reason else ""
>           raise GenLayerError(
                f"Transaction reverted: EVM tx {tx_hash} to consensus contract "
                f"{self.chain.consensus_main_contract['address']} was reverted.{suffix}"
            )
E           genlayer_py.exceptions.GenLayerError: Transaction reverted: EVM tx 0x417ac1fdc661d4d5d9d316a59e674b53face0448b89c1b1e293b2266f2e7cd40 to consensus contract 0xb7278A61aa25c888815aFC32Ad3cC52fF24fE575 was reverted. FeesDistributionMissing

../../usr/lib/python3.13/site-packages/genlayer_py/contracts/actions.py:1319: GenLayerError

The above exception was the direct cause of the following exception:

    @pytest.fixture
    def arbiter():
        factory = get_contract_factory("Arbiter")
>       return factory.deploy()
               ^^^^^^^^^^^^^^^^

tests/test_arbiter_smoke.py:9: 
_ _ _ _ _ _ _ _ _ _ _ _ _ _ _ _ _ _ _ _ _ _ _ _ _ _ _ _ _ _ _ _ _ _ _ _ _ _ _ _ 
../../usr/lib/python3.13/site-packages/gltest/contracts/contract_factory.py:148: in deploy
    receipt = self.deploy_contract_tx(
_ _ _ _ _ _ _ _ _ _ _ _ _ _ _ _ _ _ _ _ _ _ _ _ _ _ _ _ _ _ _ _ _ _ _ _ _ _ _ _ 

self = ContractFactory(contract_name='Arbiter', contract_code='# { "Depends": "py-genlayer:5jycge4q8k23462jtb0b9fyey1s9qz928s... finalize /\n        recovery to verify that value actually left the contract."""\n        return str(self.balance)\n')
args = None, account = None, consensus_max_rotations = None, fees = None
fee_value = None, wait_until = None, wait_interval = None, wait_retries = None
wait_transaction_status = <ProtocolTransactionStatus.ACCEPTED: 'Accepted'>
wait_triggered_transactions = False
wait_triggered_transactions_status = <ProtocolTransactionStatus.ACCEPTED: 'Accepted'>
transaction_context = None

    def deploy_contract_tx(
        self,
        args: Optional[List[CalldataEncodable]] = None,
        account: Optional[LocalAccount] = None,
        consensus_max_rotations: Optional[int] = None,
        fees: Optional[Dict[str, Any]] = None,
        fee_value: Optional[int] = None,
        wait_until: Optional[Literal["decided", "finalized"]] = None,
        wait_interval: Optional[int] = None,
        wait_retries: Optional[int] = None,
        wait_transaction_status: ProtocolTransactionStatus = ProtocolTransactionStatus.ACCEPTED,
        wait_triggered_transactions: bool = False,
        wait_triggered_transactions_status: ProtocolTransactionStatus = ProtocolTransactionStatus.ACCEPTED,
        transaction_context: Optional[TransactionContext] = None,
    ) -> GenLayerTransaction:
        """
        Deploy the contract and return the transaction receipt.
        """
        general_config = get_general_config()
        actual_wait_interval = (
            wait_interval
            if wait_interval is not None
            else general_config.get_default_wait_interval()
        )
        actual_wait_retries = (
            wait_retries
            if wait_retries is not None
            else general_config.get_default_wait_retries()
        )
        leader_only = (
            general_config.get_leader_only()
            if general_config.check_studio_based_rpc()
            else False
        )
    
        client = get_gl_client()
        try:
            sim_config = None
            if transaction_context:
                try:
                    sim_config = SimConfig(**transaction_context)
                except TypeError as e:
                    raise ValueError(
                        f"Invalid transaction_context keys: {sorted(transaction_context.keys())}"
                    ) from e
            tx_hash = client.deploy_contract(
                code=self.contract_code,
                args=args,
                account=account,
                consensus_max_rotations=consensus_max_rotations,
                leader_only=leader_only,
                **_fee_kwargs(client.deploy_contract, fees, fee_value),
                sim_config=sim_config,
            )
            tx_receipt = wait_for_transaction_receipt(
                client,
                transaction_hash=tx_hash,
                wait_until=wait_until
                or wait_until_from_status(wait_transaction_status),
                interval=actual_wait_interval,
                retries=actual_wait_retries,
            )
            maybe_record_fee_observation(kind="deploy", receipt=tx_receipt)
            if wait_triggered_transactions:
                triggered_transactions = tx_receipt.get("triggered_transactions", [])
                for triggered_transaction in triggered_transactions:
                    wait_for_transaction_receipt(
                        client,
                        transaction_hash=triggered_transaction,
                        wait_until=wait_until_from_status(
                            wait_triggered_transactions_status
                        ),
                        interval=actual_wait_interval,
                        retries=actual_wait_retries,
                    )
            return tx_receipt
        except Exception as e:
>           raise DeploymentError(
                f"Failed to deploy contract {self.contract_name}: {str(e)}"
            ) from e
E           gltest.exceptions.DeploymentError: Failed to deploy contract Arbiter: Transaction reverted: EVM tx 0x417ac1fdc661d4d5d9d316a59e674b53face0448b89c1b1e293b2266f2e7cd40 to consensus contract 0xb7278A61aa25c888815aFC32Ad3cC52fF24fE575 was reverted. FeesDistributionMissing

../../usr/lib/python3.13/site-packages/gltest/contracts/contract_factory.py:246: DeploymentError
______________________ ERROR at setup of test_create_job _______________________

self = ContractFactory(contract_name='Arbiter', contract_code='# { "Depends": "py-genlayer:5jycge4q8k23462jtb0b9fyey1s9qz928s... finalize /\n        recovery to verify that value actually left the contract."""\n        return str(self.balance)\n')
args = None, account = None, consensus_max_rotations = None, fees = None
fee_value = None, wait_until = None, wait_interval = None, wait_retries = None
wait_transaction_status = <ProtocolTransactionStatus.ACCEPTED: 'Accepted'>
wait_triggered_transactions = False
wait_triggered_transactions_status = <ProtocolTransactionStatus.ACCEPTED: 'Accepted'>
transaction_context = None

    def deploy_contract_tx(
        self,
        args: Optional[List[CalldataEncodable]] = None,
        account: Optional[LocalAccount] = None,
        consensus_max_rotations: Optional[int] = None,
        fees: Optional[Dict[str, Any]] = None,
        fee_value: Optional[int] = None,
        wait_until: Optional[Literal["decided", "finalized"]] = None,
        wait_interval: Optional[int] = None,
        wait_retries: Optional[int] = None,
        wait_transaction_status: ProtocolTransactionStatus = ProtocolTransactionStatus.ACCEPTED,
        wait_triggered_transactions: bool = False,
        wait_triggered_transactions_status: ProtocolTransactionStatus = ProtocolTransactionStatus.ACCEPTED,
        transaction_context: Optional[TransactionContext] = None,
    ) -> GenLayerTransaction:
        """
        Deploy the contract and return the transaction receipt.
        """
        general_config = get_general_config()
        actual_wait_interval = (
            wait_interval
            if wait_interval is not None
            else general_config.get_default_wait_interval()
        )
        actual_wait_retries = (
            wait_retries
            if wait_retries is not None
            else general_config.get_default_wait_retries()
        )
        leader_only = (
            general_config.get_leader_only()
            if general_config.check_studio_based_rpc()
            else False
        )
    
        client = get_gl_client()
        try:
            sim_config = None
            if transaction_context:
                try:
                    sim_config = SimConfig(**transaction_context)
                except TypeError as e:
                    raise ValueError(
                        f"Invalid transaction_context keys: {sorted(transaction_context.keys())}"
                    ) from e
>           tx_hash = client.deploy_contract(
                code=self.contract_code,
                args=args,
                account=account,
                consensus_max_rotations=consensus_max_rotations,
                leader_only=leader_only,
                **_fee_kwargs(client.deploy_contract, fees, fee_value),
                sim_config=sim_config,
            )

../../usr/lib/python3.13/site-packages/gltest/contracts/contract_factory.py:214: 
_ _ _ _ _ _ _ _ _ _ _ _ _ _ _ _ _ _ _ _ _ _ _ _ _ _ _ _ _ _ _ _ _ _ _ _ _ _ _ _ 
../../usr/lib/python3.13/site-packages/genlayer_py/client/genlayer_client.py:232: in deploy_contract
    return deploy_contract(
../../usr/lib/python3.13/site-packages/genlayer_py/contracts/actions.py:217: in deploy_contract
    return _send_transaction(
_ _ _ _ _ _ _ _ _ _ _ _ _ _ _ _ _ _ _ _ _ _ _ _ _ _ _ _ _ _ _ _ _ _ _ _ _ _ _ _ 

self = <genlayer_py.client.genlayer_client.GenLayerClient object at 0x7a9d2a3cb0>
encoded_data = '0x27241a990000000000000000000000008d9034a81a6e638775cfc9c83d60c8a95e42f48f0000000000000000000000000000000000000000000...2222220a202020202020202072657475726e207374722873656c662e62616c616e6365290a06800000000000000000000000000000000000000000'
sender_account = <eth_account.signers.local.LocalAccount object at 0x7a9d113ed0>
value = 0, sim_config = None

    def _send_transaction(
        self: GenLayerClient,
        encoded_data: HexStr,
        sender_account: Optional[LocalAccount] = None,
        value: int = 0,
        sim_config: Optional[SimConfig] = None,
    ):
        if sender_account is None:
            raise GenLayerError(
                "No account set. Configure the client with an account or pass an account to this function."
            )
    
        if self.chain.consensus_main_contract is None:
            raise GenLayerError(
                f'Consensus main contract address not found in chain config for "{self.chain.name}".',
            )
    
        try:
            transaction = _prepare_transaction(
                self=self,
                sender=sender_account.address,
                recipient=self.chain.consensus_main_contract["address"],
                data=encoded_data,
                value=value,
            )
            signed_transaction = sender_account.sign_transaction(transaction)
            serialized_transaction = self.w3.to_hex(signed_transaction.raw_transaction)
            params = [serialized_transaction]
            if sim_config is not None:
                params.append(sim_config)
            tx_hash = self.provider.make_request(
                method="eth_sendRawTransaction", params=params
            )["result"]
        except Exception as exc:
            raise GenLayerError(f"Transaction failed: {_format_rpc_error(exc)}") from exc
        tx_receipt = self.w3.eth.wait_for_transaction_receipt(tx_hash)
    
        if tx_receipt.status != 1:
            reason = _receipt_revert_reason(self, tx_hash)
            suffix = f" {reason}" if reason else ""
>           raise GenLayerError(
                f"Transaction reverted: EVM tx {tx_hash} to consensus contract "
                f"{self.chain.consensus_main_contract['address']} was reverted.{suffix}"
            )
E           genlayer_py.exceptions.GenLayerError: Transaction reverted: EVM tx 0xdfd620642596717f0065329296a179d47ac678f72a8f6117d27a7b148cac5a9b to consensus contract 0xb7278A61aa25c888815aFC32Ad3cC52fF24fE575 was reverted. FeesDistributionMissing

../../usr/lib/python3.13/site-packages/genlayer_py/contracts/actions.py:1319: GenLayerError

The above exception was the direct cause of the following exception:

    @pytest.fixture
    def arbiter():
        factory = get_contract_factory("Arbiter")
>       return factory.deploy()
               ^^^^^^^^^^^^^^^^

tests/test_arbiter_smoke.py:9: 
_ _ _ _ _ _ _ _ _ _ _ _ _ _ _ _ _ _ _ _ _ _ _ _ _ _ _ _ _ _ _ _ _ _ _ _ _ _ _ _ 
../../usr/lib/python3.13/site-packages/gltest/contracts/contract_factory.py:148: in deploy
    receipt = self.deploy_contract_tx(
_ _ _ _ _ _ _ _ _ _ _ _ _ _ _ _ _ _ _ _ _ _ _ _ _ _ _ _ _ _ _ _ _ _ _ _ _ _ _ _ 

self = ContractFactory(contract_name='Arbiter', contract_code='# { "Depends": "py-genlayer:5jycge4q8k23462jtb0b9fyey1s9qz928s... finalize /\n        recovery to verify that value actually left the contract."""\n        return str(self.balance)\n')
args = None, account = None, consensus_max_rotations = None, fees = None
fee_value = None, wait_until = None, wait_interval = None, wait_retries = None
wait_transaction_status = <ProtocolTransactionStatus.ACCEPTED: 'Accepted'>
wait_triggered_transactions = False
wait_triggered_transactions_status = <ProtocolTransactionStatus.ACCEPTED: 'Accepted'>
transaction_context = None

    def deploy_contract_tx(
        self,
        args: Optional[List[CalldataEncodable]] = None,
        account: Optional[LocalAccount] = None,
        consensus_max_rotations: Optional[int] = None,
        fees: Optional[Dict[str, Any]] = None,
        fee_value: Optional[int] = None,
        wait_until: Optional[Literal["decided", "finalized"]] = None,
        wait_interval: Optional[int] = None,
        wait_retries: Optional[int] = None,
        wait_transaction_status: ProtocolTransactionStatus = ProtocolTransactionStatus.ACCEPTED,
        wait_triggered_transactions: bool = False,
        wait_triggered_transactions_status: ProtocolTransactionStatus = ProtocolTransactionStatus.ACCEPTED,
        transaction_context: Optional[TransactionContext] = None,
    ) -> GenLayerTransaction:
        """
        Deploy the contract and return the transaction receipt.
        """
        general_config = get_general_config()
        actual_wait_interval = (
            wait_interval
            if wait_interval is not None
            else general_config.get_default_wait_interval()
        )
        actual_wait_retries = (
            wait_retries
            if wait_retries is not None
            else general_config.get_default_wait_retries()
        )
        leader_only = (
            general_config.get_leader_only()
            if general_config.check_studio_based_rpc()
            else False
        )
    
        client = get_gl_client()
        try:
            sim_config = None
            if transaction_context:
                try:
                    sim_config = SimConfig(**transaction_context)
                except TypeError as e:
                    raise ValueError(
                        f"Invalid transaction_context keys: {sorted(transaction_context.keys())}"
                    ) from e
            tx_hash = client.deploy_contract(
                code=self.contract_code,
                args=args,
                account=account,
                consensus_max_rotations=consensus_max_rotations,
                leader_only=leader_only,
                **_fee_kwargs(client.deploy_contract, fees, fee_value),
                sim_config=sim_config,
            )
            tx_receipt = wait_for_transaction_receipt(
                client,
                transaction_hash=tx_hash,
                wait_until=wait_until
                or wait_until_from_status(wait_transaction_status),
                interval=actual_wait_interval,
                retries=actual_wait_retries,
            )
            maybe_record_fee_observation(kind="deploy", receipt=tx_receipt)
            if wait_triggered_transactions:
                triggered_transactions = tx_receipt.get("triggered_transactions", [])
                for triggered_transaction in triggered_transactions:
                    wait_for_transaction_receipt(
                        client,
                        transaction_hash=triggered_transaction,
                        wait_until=wait_until_from_status(
                            wait_triggered_transactions_status
                        ),
                        interval=actual_wait_interval,
                        retries=actual_wait_retries,
                    )
            return tx_receipt
        except Exception as e:
>           raise DeploymentError(
                f"Failed to deploy contract {self.contract_name}: {str(e)}"
            ) from e
E           gltest.exceptions.DeploymentError: Failed to deploy contract Arbiter: Transaction reverted: EVM tx 0xdfd620642596717f0065329296a179d47ac678f72a8f6117d27a7b148cac5a9b to consensus contract 0xb7278A61aa25c888815aFC32Ad3cC52fF24fE575 was reverted. FeesDistributionMissing

../../usr/lib/python3.13/site-packages/gltest/contracts/contract_factory.py:246: DeploymentError
___________________ ERROR at setup of test_create_job_state ____________________

self = ContractFactory(contract_name='Arbiter', contract_code='# { "Depends": "py-genlayer:5jycge4q8k23462jtb0b9fyey1s9qz928s... finalize /\n        recovery to verify that value actually left the contract."""\n        return str(self.balance)\n')
args = None, account = None, consensus_max_rotations = None, fees = None
fee_value = None, wait_until = None, wait_interval = None, wait_retries = None
wait_transaction_status = <ProtocolTransactionStatus.ACCEPTED: 'Accepted'>
wait_triggered_transactions = False
wait_triggered_transactions_status = <ProtocolTransactionStatus.ACCEPTED: 'Accepted'>
transaction_context = None

    def deploy_contract_tx(
        self,
        args: Optional[List[CalldataEncodable]] = None,
        account: Optional[LocalAccount] = None,
        consensus_max_rotations: Optional[int] = None,
        fees: Optional[Dict[str, Any]] = None,
        fee_value: Optional[int] = None,
        wait_until: Optional[Literal["decided", "finalized"]] = None,
        wait_interval: Optional[int] = None,
        wait_retries: Optional[int] = None,
        wait_transaction_status: ProtocolTransactionStatus = ProtocolTransactionStatus.ACCEPTED,
        wait_triggered_transactions: bool = False,
        wait_triggered_transactions_status: ProtocolTransactionStatus = ProtocolTransactionStatus.ACCEPTED,
        transaction_context: Optional[TransactionContext] = None,
    ) -> GenLayerTransaction:
        """
        Deploy the contract and return the transaction receipt.
        """
        general_config = get_general_config()
        actual_wait_interval = (
            wait_interval
            if wait_interval is not None
            else general_config.get_default_wait_interval()
        )
        actual_wait_retries = (
            wait_retries
            if wait_retries is not None
            else general_config.get_default_wait_retries()
        )
        leader_only = (
            general_config.get_leader_only()
            if general_config.check_studio_based_rpc()
            else False
        )
    
        client = get_gl_client()
        try:
            sim_config = None
            if transaction_context:
                try:
                    sim_config = SimConfig(**transaction_context)
                except TypeError as e:
                    raise ValueError(
                        f"Invalid transaction_context keys: {sorted(transaction_context.keys())}"
                    ) from e
>           tx_hash = client.deploy_contract(
                code=self.contract_code,
                args=args,
                account=account,
                consensus_max_rotations=consensus_max_rotations,
                leader_only=leader_only,
                **_fee_kwargs(client.deploy_contract, fees, fee_value),
                sim_config=sim_config,
            )

../../usr/lib/python3.13/site-packages/gltest/contracts/contract_factory.py:214: 
_ _ _ _ _ _ _ _ _ _ _ _ _ _ _ _ _ _ _ _ _ _ _ _ _ _ _ _ _ _ _ _ _ _ _ _ _ _ _ _ 
../../usr/lib/python3.13/site-packages/genlayer_py/client/genlayer_client.py:232: in deploy_contract
    return deploy_contract(
../../usr/lib/python3.13/site-packages/genlayer_py/contracts/actions.py:217: in deploy_contract
    return _send_transaction(
_ _ _ _ _ _ _ _ _ _ _ _ _ _ _ _ _ _ _ _ _ _ _ _ _ _ _ _ _ _ _ _ _ _ _ _ _ _ _ _ 

self = <genlayer_py.client.genlayer_client.GenLayerClient object at 0x7a9d2a3cb0>
encoded_data = '0x27241a990000000000000000000000008d9034a81a6e638775cfc9c83d60c8a95e42f48f0000000000000000000000000000000000000000000...2222220a202020202020202072657475726e207374722873656c662e62616c616e6365290a06800000000000000000000000000000000000000000'
sender_account = <eth_account.signers.local.LocalAccount object at 0x7a9d113ed0>
value = 0, sim_config = None

    def _send_transaction(
        self: GenLayerClient,
        encoded_data: HexStr,
        sender_account: Optional[LocalAccount] = None,
        value: int = 0,
        sim_config: Optional[SimConfig] = None,
    ):
        if sender_account is None:
            raise GenLayerError(
                "No account set. Configure the client with an account or pass an account to this function."
            )
    
        if self.chain.consensus_main_contract is None:
            raise GenLayerError(
                f'Consensus main contract address not found in chain config for "{self.chain.name}".',
            )
    
        try:
            transaction = _prepare_transaction(
                self=self,
                sender=sender_account.address,
                recipient=self.chain.consensus_main_contract["address"],
                data=encoded_data,
                value=value,
            )
            signed_transaction = sender_account.sign_transaction(transaction)
            serialized_transaction = self.w3.to_hex(signed_transaction.raw_transaction)
            params = [serialized_transaction]
            if sim_config is not None:
                params.append(sim_config)
            tx_hash = self.provider.make_request(
                method="eth_sendRawTransaction", params=params
            )["result"]
        except Exception as exc:
            raise GenLayerError(f"Transaction failed: {_format_rpc_error(exc)}") from exc
        tx_receipt = self.w3.eth.wait_for_transaction_receipt(tx_hash)
    
        if tx_receipt.status != 1:
            reason = _receipt_revert_reason(self, tx_hash)
            suffix = f" {reason}" if reason else ""
>           raise GenLayerError(
                f"Transaction reverted: EVM tx {tx_hash} to consensus contract "
                f"{self.chain.consensus_main_contract['address']} was reverted.{suffix}"
            )
E           genlayer_py.exceptions.GenLayerError: Transaction reverted: EVM tx 0x46f9f23f4f1a2ccb6cf087c55a2f4c6b892e5f4843b920ca59e281682b0d7b42 to consensus contract 0xb7278A61aa25c888815aFC32Ad3cC52fF24fE575 was reverted. FeesDistributionMissing

../../usr/lib/python3.13/site-packages/genlayer_py/contracts/actions.py:1319: GenLayerError

The above exception was the direct cause of the following exception:

    @pytest.fixture
    def arbiter():
        factory = get_contract_factory("Arbiter")
>       return factory.deploy()
               ^^^^^^^^^^^^^^^^

tests/test_arbiter_smoke.py:9: 
_ _ _ _ _ _ _ _ _ _ _ _ _ _ _ _ _ _ _ _ _ _ _ _ _ _ _ _ _ _ _ _ _ _ _ _ _ _ _ _ 
../../usr/lib/python3.13/site-packages/gltest/contracts/contract_factory.py:148: in deploy
    receipt = self.deploy_contract_tx(
_ _ _ _ _ _ _ _ _ _ _ _ _ _ _ _ _ _ _ _ _ _ _ _ _ _ _ _ _ _ _ _ _ _ _ _ _ _ _ _ 

self = ContractFactory(contract_name='Arbiter', contract_code='# { "Depends": "py-genlayer:5jycge4q8k23462jtb0b9fyey1s9qz928s... finalize /\n        recovery to verify that value actually left the contract."""\n        return str(self.balance)\n')
args = None, account = None, consensus_max_rotations = None, fees = None
fee_value = None, wait_until = None, wait_interval = None, wait_retries = None
wait_transaction_status = <ProtocolTransactionStatus.ACCEPTED: 'Accepted'>
wait_triggered_transactions = False
wait_triggered_transactions_status = <ProtocolTransactionStatus.ACCEPTED: 'Accepted'>
transaction_context = None

    def deploy_contract_tx(
        self,
        args: Optional[List[CalldataEncodable]] = None,
        account: Optional[LocalAccount] = None,
        consensus_max_rotations: Optional[int] = None,
        fees: Optional[Dict[str, Any]] = None,
        fee_value: Optional[int] = None,
        wait_until: Optional[Literal["decided", "finalized"]] = None,
        wait_interval: Optional[int] = None,
        wait_retries: Optional[int] = None,
        wait_transaction_status: ProtocolTransactionStatus = ProtocolTransactionStatus.ACCEPTED,
        wait_triggered_transactions: bool = False,
        wait_triggered_transactions_status: ProtocolTransactionStatus = ProtocolTransactionStatus.ACCEPTED,
        transaction_context: Optional[TransactionContext] = None,
    ) -> GenLayerTransaction:
        """
        Deploy the contract and return the transaction receipt.
        """
        general_config = get_general_config()
        actual_wait_interval = (
            wait_interval
            if wait_interval is not None
            else general_config.get_default_wait_interval()
        )
        actual_wait_retries = (
            wait_retries
            if wait_retries is not None
            else general_config.get_default_wait_retries()
        )
        leader_only = (
            general_config.get_leader_only()
            if general_config.check_studio_based_rpc()
            else False
        )
    
        client = get_gl_client()
        try:
            sim_config = None
            if transaction_context:
                try:
                    sim_config = SimConfig(**transaction_context)
                except TypeError as e:
                    raise ValueError(
                        f"Invalid transaction_context keys: {sorted(transaction_context.keys())}"
                    ) from e
            tx_hash = client.deploy_contract(
                code=self.contract_code,
                args=args,
                account=account,
                consensus_max_rotations=consensus_max_rotations,
                leader_only=leader_only,
                **_fee_kwargs(client.deploy_contract, fees, fee_value),
                sim_config=sim_config,
            )
            tx_receipt = wait_for_transaction_receipt(
                client,
                transaction_hash=tx_hash,
                wait_until=wait_until
                or wait_until_from_status(wait_transaction_status),
                interval=actual_wait_interval,
                retries=actual_wait_retries,
            )
            maybe_record_fee_observation(kind="deploy", receipt=tx_receipt)
            if wait_triggered_transactions:
                triggered_transactions = tx_receipt.get("triggered_transactions", [])
                for triggered_transaction in triggered_transactions:
                    wait_for_transaction_receipt(
                        client,
                        transaction_hash=triggered_transaction,
                        wait_until=wait_until_from_status(
                            wait_triggered_transactions_status
                        ),
                        interval=actual_wait_interval,
                        retries=actual_wait_retries,
                    )
            return tx_receipt
        except Exception as e:
>           raise DeploymentError(
                f"Failed to deploy contract {self.contract_name}: {str(e)}"
            ) from e
E           gltest.exceptions.DeploymentError: Failed to deploy contract Arbiter: Transaction reverted: EVM tx 0x46f9f23f4f1a2ccb6cf087c55a2f4c6b892e5f4843b920ca59e281682b0d7b42 to consensus contract 0xb7278A61aa25c888815aFC32Ad3cC52fF24fE575 was reverted. FeesDistributionMissing

../../usr/lib/python3.13/site-packages/gltest/contracts/contract_factory.py:246: DeploymentError
______________________ ERROR at setup of test_submit_work ______________________

self = ContractFactory(contract_name='Arbiter', contract_code='# { "Depends": "py-genlayer:5jycge4q8k23462jtb0b9fyey1s9qz928s... finalize /\n        recovery to verify that value actually left the contract."""\n        return str(self.balance)\n')
args = None, account = None, consensus_max_rotations = None, fees = None
fee_value = None, wait_until = None, wait_interval = None, wait_retries = None
wait_transaction_status = <ProtocolTransactionStatus.ACCEPTED: 'Accepted'>
wait_triggered_transactions = False
wait_triggered_transactions_status = <ProtocolTransactionStatus.ACCEPTED: 'Accepted'>
transaction_context = None

    def deploy_contract_tx(
        self,
        args: Optional[List[CalldataEncodable]] = None,
        account: Optional[LocalAccount] = None,
        consensus_max_rotations: Optional[int] = None,
        fees: Optional[Dict[str, Any]] = None,
        fee_value: Optional[int] = None,
        wait_until: Optional[Literal["decided", "finalized"]] = None,
        wait_interval: Optional[int] = None,
        wait_retries: Optional[int] = None,
        wait_transaction_status: ProtocolTransactionStatus = ProtocolTransactionStatus.ACCEPTED,
        wait_triggered_transactions: bool = False,
        wait_triggered_transactions_status: ProtocolTransactionStatus = ProtocolTransactionStatus.ACCEPTED,
        transaction_context: Optional[TransactionContext] = None,
    ) -> GenLayerTransaction:
        """
        Deploy the contract and return the transaction receipt.
        """
        general_config = get_general_config()
        actual_wait_interval = (
            wait_interval
            if wait_interval is not None
            else general_config.get_default_wait_interval()
        )
        actual_wait_retries = (
            wait_retries
            if wait_retries is not None
            else general_config.get_default_wait_retries()
        )
        leader_only = (
            general_config.get_leader_only()
            if general_config.check_studio_based_rpc()
            else False
        )
    
        client = get_gl_client()
        try:
            sim_config = None
            if transaction_context:
                try:
                    sim_config = SimConfig(**transaction_context)
                except TypeError as e:
                    raise ValueError(
                        f"Invalid transaction_context keys: {sorted(transaction_context.keys())}"
                    ) from e
>           tx_hash = client.deploy_contract(
                code=self.contract_code,
                args=args,
                account=account,
                consensus_max_rotations=consensus_max_rotations,
                leader_only=leader_only,
                **_fee_kwargs(client.deploy_contract, fees, fee_value),
                sim_config=sim_config,
            )

../../usr/lib/python3.13/site-packages/gltest/contracts/contract_factory.py:214: 
_ _ _ _ _ _ _ _ _ _ _ _ _ _ _ _ _ _ _ _ _ _ _ _ _ _ _ _ _ _ _ _ _ _ _ _ _ _ _ _ 
../../usr/lib/python3.13/site-packages/genlayer_py/client/genlayer_client.py:232: in deploy_contract
    return deploy_contract(
../../usr/lib/python3.13/site-packages/genlayer_py/contracts/actions.py:217: in deploy_contract
    return _send_transaction(
_ _ _ _ _ _ _ _ _ _ _ _ _ _ _ _ _ _ _ _ _ _ _ _ _ _ _ _ _ _ _ _ _ _ _ _ _ _ _ _ 

self = <genlayer_py.client.genlayer_client.GenLayerClient object at 0x7a9d2a3cb0>
encoded_data = '0x27241a990000000000000000000000008d9034a81a6e638775cfc9c83d60c8a95e42f48f0000000000000000000000000000000000000000000...2222220a202020202020202072657475726e207374722873656c662e62616c616e6365290a06800000000000000000000000000000000000000000'
sender_account = <eth_account.signers.local.LocalAccount object at 0x7a9d113ed0>
value = 0, sim_config = None

    def _send_transaction(
        self: GenLayerClient,
        encoded_data: HexStr,
        sender_account: Optional[LocalAccount] = None,
        value: int = 0,
        sim_config: Optional[SimConfig] = None,
    ):
        if sender_account is None:
            raise GenLayerError(
                "No account set. Configure the client with an account or pass an account to this function."
            )
    
        if self.chain.consensus_main_contract is None:
            raise GenLayerError(
                f'Consensus main contract address not found in chain config for "{self.chain.name}".',
            )
    
        try:
            transaction = _prepare_transaction(
                self=self,
                sender=sender_account.address,
                recipient=self.chain.consensus_main_contract["address"],
                data=encoded_data,
                value=value,
            )
            signed_transaction = sender_account.sign_transaction(transaction)
            serialized_transaction = self.w3.to_hex(signed_transaction.raw_transaction)
            params = [serialized_transaction]
            if sim_config is not None:
                params.append(sim_config)
            tx_hash = self.provider.make_request(
                method="eth_sendRawTransaction", params=params
            )["result"]
        except Exception as exc:
            raise GenLayerError(f"Transaction failed: {_format_rpc_error(exc)}") from exc
        tx_receipt = self.w3.eth.wait_for_transaction_receipt(tx_hash)
    
        if tx_receipt.status != 1:
            reason = _receipt_revert_reason(self, tx_hash)
            suffix = f" {reason}" if reason else ""
>           raise GenLayerError(
                f"Transaction reverted: EVM tx {tx_hash} to consensus contract "
                f"{self.chain.consensus_main_contract['address']} was reverted.{suffix}"
            )
E           genlayer_py.exceptions.GenLayerError: Transaction reverted: EVM tx 0x3a5c6b799b7cc25b15d3fd87f014b57748c44d8ce45c99e90be8f4ccb1a7a7e0 to consensus contract 0xb7278A61aa25c888815aFC32Ad3cC52fF24fE575 was reverted. FeesDistributionMissing

../../usr/lib/python3.13/site-packages/genlayer_py/contracts/actions.py:1319: GenLayerError

The above exception was the direct cause of the following exception:

    @pytest.fixture
    def arbiter():
        factory = get_contract_factory("Arbiter")
>       return factory.deploy()
               ^^^^^^^^^^^^^^^^

tests/test_arbiter_smoke.py:9: 
_ _ _ _ _ _ _ _ _ _ _ _ _ _ _ _ _ _ _ _ _ _ _ _ _ _ _ _ _ _ _ _ _ _ _ _ _ _ _ _ 
../../usr/lib/python3.13/site-packages/gltest/contracts/contract_factory.py:148: in deploy
    receipt = self.deploy_contract_tx(
_ _ _ _ _ _ _ _ _ _ _ _ _ _ _ _ _ _ _ _ _ _ _ _ _ _ _ _ _ _ _ _ _ _ _ _ _ _ _ _ 

self = ContractFactory(contract_name='Arbiter', contract_code='# { "Depends": "py-genlayer:5jycge4q8k23462jtb0b9fyey1s9qz928s... finalize /\n        recovery to verify that value actually left the contract."""\n        return str(self.balance)\n')
args = None, account = None, consensus_max_rotations = None, fees = None
fee_value = None, wait_until = None, wait_interval = None, wait_retries = None
wait_transaction_status = <ProtocolTransactionStatus.ACCEPTED: 'Accepted'>
wait_triggered_transactions = False
wait_triggered_transactions_status = <ProtocolTransactionStatus.ACCEPTED: 'Accepted'>
transaction_context = None

    def deploy_contract_tx(
        self,
        args: Optional[List[CalldataEncodable]] = None,
        account: Optional[LocalAccount] = None,
        consensus_max_rotations: Optional[int] = None,
        fees: Optional[Dict[str, Any]] = None,
        fee_value: Optional[int] = None,
        wait_until: Optional[Literal["decided", "finalized"]] = None,
        wait_interval: Optional[int] = None,
        wait_retries: Optional[int] = None,
        wait_transaction_status: ProtocolTransactionStatus = ProtocolTransactionStatus.ACCEPTED,
        wait_triggered_transactions: bool = False,
        wait_triggered_transactions_status: ProtocolTransactionStatus = ProtocolTransactionStatus.ACCEPTED,
        transaction_context: Optional[TransactionContext] = None,
    ) -> GenLayerTransaction:
        """
        Deploy the contract and return the transaction receipt.
        """
        general_config = get_general_config()
        actual_wait_interval = (
            wait_interval
            if wait_interval is not None
            else general_config.get_default_wait_interval()
        )
        actual_wait_retries = (
            wait_retries
            if wait_retries is not None
            else general_config.get_default_wait_retries()
        )
        leader_only = (
            general_config.get_leader_only()
            if general_config.check_studio_based_rpc()
            else False
        )
    
        client = get_gl_client()
        try:
            sim_config = None
            if transaction_context:
                try:
                    sim_config = SimConfig(**transaction_context)
                except TypeError as e:
                    raise ValueError(
                        f"Invalid transaction_context keys: {sorted(transaction_context.keys())}"
                    ) from e
            tx_hash = client.deploy_contract(
                code=self.contract_code,
                args=args,
                account=account,
                consensus_max_rotations=consensus_max_rotations,
                leader_only=leader_only,
                **_fee_kwargs(client.deploy_contract, fees, fee_value),
                sim_config=sim_config,
            )
            tx_receipt = wait_for_transaction_receipt(
                client,
                transaction_hash=tx_hash,
                wait_until=wait_until
                or wait_until_from_status(wait_transaction_status),
                interval=actual_wait_interval,
                retries=actual_wait_retries,
            )
            maybe_record_fee_observation(kind="deploy", receipt=tx_receipt)
            if wait_triggered_transactions:
                triggered_transactions = tx_receipt.get("triggered_transactions", [])
                for triggered_transaction in triggered_transactions:
                    wait_for_transaction_receipt(
                        client,
                        transaction_hash=triggered_transaction,
                        wait_until=wait_until_from_status(
                            wait_triggered_transactions_status
                        ),
                        interval=actual_wait_interval,
                        retries=actual_wait_retries,
                    )
            return tx_receipt
        except Exception as e:
>           raise DeploymentError(
                f"Failed to deploy contract {self.contract_name}: {str(e)}"
            ) from e
E           gltest.exceptions.DeploymentError: Failed to deploy contract Arbiter: Transaction reverted: EVM tx 0x3a5c6b799b7cc25b15d3fd87f014b57748c44d8ce45c99e90be8f4ccb1a7a7e0 to consensus contract 0xb7278A61aa25c888815aFC32Ad3cC52fF24fE575 was reverted. FeesDistributionMissing

../../usr/lib/python3.13/site-packages/gltest/contracts/contract_factory.py:246: DeploymentError
______________________ ERROR at setup of test_approve_job ______________________

self = ContractFactory(contract_name='Arbiter', contract_code='# { "Depends": "py-genlayer:5jycge4q8k23462jtb0b9fyey1s9qz928s... finalize /\n        recovery to verify that value actually left the contract."""\n        return str(self.balance)\n')
args = None, account = None, consensus_max_rotations = None, fees = None
fee_value = None, wait_until = None, wait_interval = None, wait_retries = None
wait_transaction_status = <ProtocolTransactionStatus.ACCEPTED: 'Accepted'>
wait_triggered_transactions = False
wait_triggered_transactions_status = <ProtocolTransactionStatus.ACCEPTED: 'Accepted'>
transaction_context = None

    def deploy_contract_tx(
        self,
        args: Optional[List[CalldataEncodable]] = None,
        account: Optional[LocalAccount] = None,
        consensus_max_rotations: Optional[int] = None,
        fees: Optional[Dict[str, Any]] = None,
        fee_value: Optional[int] = None,
        wait_until: Optional[Literal["decided", "finalized"]] = None,
        wait_interval: Optional[int] = None,
        wait_retries: Optional[int] = None,
        wait_transaction_status: ProtocolTransactionStatus = ProtocolTransactionStatus.ACCEPTED,
        wait_triggered_transactions: bool = False,
        wait_triggered_transactions_status: ProtocolTransactionStatus = ProtocolTransactionStatus.ACCEPTED,
        transaction_context: Optional[TransactionContext] = None,
    ) -> GenLayerTransaction:
        """
        Deploy the contract and return the transaction receipt.
        """
        general_config = get_general_config()
        actual_wait_interval = (
            wait_interval
            if wait_interval is not None
            else general_config.get_default_wait_interval()
        )
        actual_wait_retries = (
            wait_retries
            if wait_retries is not None
            else general_config.get_default_wait_retries()
        )
        leader_only = (
            general_config.get_leader_only()
            if general_config.check_studio_based_rpc()
            else False
        )
    
        client = get_gl_client()
        try:
            sim_config = None
            if transaction_context:
                try:
                    sim_config = SimConfig(**transaction_context)
                except TypeError as e:
                    raise ValueError(
                        f"Invalid transaction_context keys: {sorted(transaction_context.keys())}"
                    ) from e
>           tx_hash = client.deploy_contract(
                code=self.contract_code,
                args=args,
                account=account,
                consensus_max_rotations=consensus_max_rotations,
                leader_only=leader_only,
                **_fee_kwargs(client.deploy_contract, fees, fee_value),
                sim_config=sim_config,
            )

../../usr/lib/python3.13/site-packages/gltest/contracts/contract_factory.py:214: 
_ _ _ _ _ _ _ _ _ _ _ _ _ _ _ _ _ _ _ _ _ _ _ _ _ _ _ _ _ _ _ _ _ _ _ _ _ _ _ _ 
../../usr/lib/python3.13/site-packages/genlayer_py/client/genlayer_client.py:232: in deploy_contract
    return deploy_contract(
../../usr/lib/python3.13/site-packages/genlayer_py/contracts/actions.py:217: in deploy_contract
    return _send_transaction(
_ _ _ _ _ _ _ _ _ _ _ _ _ _ _ _ _ _ _ _ _ _ _ _ _ _ _ _ _ _ _ _ _ _ _ _ _ _ _ _ 

self = <genlayer_py.client.genlayer_client.GenLayerClient object at 0x7a9d2a3cb0>
encoded_data = '0x27241a990000000000000000000000008d9034a81a6e638775cfc9c83d60c8a95e42f48f0000000000000000000000000000000000000000000...2222220a202020202020202072657475726e207374722873656c662e62616c616e6365290a06800000000000000000000000000000000000000000'
sender_account = <eth_account.signers.local.LocalAccount object at 0x7a9d113ed0>
value = 0, sim_config = None

    def _send_transaction(
        self: GenLayerClient,
        encoded_data: HexStr,
        sender_account: Optional[LocalAccount] = None,
        value: int = 0,
        sim_config: Optional[SimConfig] = None,
    ):
        if sender_account is None:
            raise GenLayerError(
                "No account set. Configure the client with an account or pass an account to this function."
            )
    
        if self.chain.consensus_main_contract is None:
            raise GenLayerError(
                f'Consensus main contract address not found in chain config for "{self.chain.name}".',
            )
    
        try:
            transaction = _prepare_transaction(
                self=self,
                sender=sender_account.address,
                recipient=self.chain.consensus_main_contract["address"],
                data=encoded_data,
                value=value,
            )
            signed_transaction = sender_account.sign_transaction(transaction)
            serialized_transaction = self.w3.to_hex(signed_transaction.raw_transaction)
            params = [serialized_transaction]
            if sim_config is not None:
                params.append(sim_config)
            tx_hash = self.provider.make_request(
                method="eth_sendRawTransaction", params=params
            )["result"]
        except Exception as exc:
            raise GenLayerError(f"Transaction failed: {_format_rpc_error(exc)}") from exc
        tx_receipt = self.w3.eth.wait_for_transaction_receipt(tx_hash)
    
        if tx_receipt.status != 1:
            reason = _receipt_revert_reason(self, tx_hash)
            suffix = f" {reason}" if reason else ""
>           raise GenLayerError(
                f"Transaction reverted: EVM tx {tx_hash} to consensus contract "
                f"{self.chain.consensus_main_contract['address']} was reverted.{suffix}"
            )
E           genlayer_py.exceptions.GenLayerError: Transaction reverted: EVM tx 0x04cb1865d3351a6c93ffde52d6bbdafb7ba7eba44200c64affee9959389ceed0 to consensus contract 0xb7278A61aa25c888815aFC32Ad3cC52fF24fE575 was reverted. FeesDistributionMissing

../../usr/lib/python3.13/site-packages/genlayer_py/contracts/actions.py:1319: GenLayerError

The above exception was the direct cause of the following exception:

    @pytest.fixture
    def arbiter():
        factory = get_contract_factory("Arbiter")
>       return factory.deploy()
               ^^^^^^^^^^^^^^^^

tests/test_arbiter_smoke.py:9: 
_ _ _ _ _ _ _ _ _ _ _ _ _ _ _ _ _ _ _ _ _ _ _ _ _ _ _ _ _ _ _ _ _ _ _ _ _ _ _ _ 
../../usr/lib/python3.13/site-packages/gltest/contracts/contract_factory.py:148: in deploy
    receipt = self.deploy_contract_tx(
_ _ _ _ _ _ _ _ _ _ _ _ _ _ _ _ _ _ _ _ _ _ _ _ _ _ _ _ _ _ _ _ _ _ _ _ _ _ _ _ 

self = ContractFactory(contract_name='Arbiter', contract_code='# { "Depends": "py-genlayer:5jycge4q8k23462jtb0b9fyey1s9qz928s... finalize /\n        recovery to verify that value actually left the contract."""\n        return str(self.balance)\n')
args = None, account = None, consensus_max_rotations = None, fees = None
fee_value = None, wait_until = None, wait_interval = None, wait_retries = None
wait_transaction_status = <ProtocolTransactionStatus.ACCEPTED: 'Accepted'>
wait_triggered_transactions = False
wait_triggered_transactions_status = <ProtocolTransactionStatus.ACCEPTED: 'Accepted'>
transaction_context = None

    def deploy_contract_tx(
        self,
        args: Optional[List[CalldataEncodable]] = None,
        account: Optional[LocalAccount] = None,
        consensus_max_rotations: Optional[int] = None,
        fees: Optional[Dict[str, Any]] = None,
        fee_value: Optional[int] = None,
        wait_until: Optional[Literal["decided", "finalized"]] = None,
        wait_interval: Optional[int] = None,
        wait_retries: Optional[int] = None,
        wait_transaction_status: ProtocolTransactionStatus = ProtocolTransactionStatus.ACCEPTED,
        wait_triggered_transactions: bool = False,
        wait_triggered_transactions_status: ProtocolTransactionStatus = ProtocolTransactionStatus.ACCEPTED,
        transaction_context: Optional[TransactionContext] = None,
    ) -> GenLayerTransaction:
        """
        Deploy the contract and return the transaction receipt.
        """
        general_config = get_general_config()
        actual_wait_interval = (
            wait_interval
            if wait_interval is not None
            else general_config.get_default_wait_interval()
        )
        actual_wait_retries = (
            wait_retries
            if wait_retries is not None
            else general_config.get_default_wait_retries()
        )
        leader_only = (
            general_config.get_leader_only()
            if general_config.check_studio_based_rpc()
            else False
        )
    
        client = get_gl_client()
        try:
            sim_config = None
            if transaction_context:
                try:
                    sim_config = SimConfig(**transaction_context)
                except TypeError as e:
                    raise ValueError(
                        f"Invalid transaction_context keys: {sorted(transaction_context.keys())}"
                    ) from e
            tx_hash = client.deploy_contract(
                code=self.contract_code,
                args=args,
                account=account,
                consensus_max_rotations=consensus_max_rotations,
                leader_only=leader_only,
                **_fee_kwargs(client.deploy_contract, fees, fee_value),
                sim_config=sim_config,
            )
            tx_receipt = wait_for_transaction_receipt(
                client,
                transaction_hash=tx_hash,
                wait_until=wait_until
                or wait_until_from_status(wait_transaction_status),
                interval=actual_wait_interval,
                retries=actual_wait_retries,
            )
            maybe_record_fee_observation(kind="deploy", receipt=tx_receipt)
            if wait_triggered_transactions:
                triggered_transactions = tx_receipt.get("triggered_transactions", [])
                for triggered_transaction in triggered_transactions:
                    wait_for_transaction_receipt(
                        client,
                        transaction_hash=triggered_transaction,
                        wait_until=wait_until_from_status(
                            wait_triggered_transactions_status
                        ),
                        interval=actual_wait_interval,
                        retries=actual_wait_retries,
                    )
            return tx_receipt
        except Exception as e:
>           raise DeploymentError(
                f"Failed to deploy contract {self.contract_name}: {str(e)}"
            ) from e
E           gltest.exceptions.DeploymentError: Failed to deploy contract Arbiter: Transaction reverted: EVM tx 0x04cb1865d3351a6c93ffde52d6bbdafb7ba7eba44200c64affee9959389ceed0 to consensus contract 0xb7278A61aa25c888815aFC32Ad3cC52fF24fE575 was reverted. FeesDistributionMissing

../../usr/lib/python3.13/site-packages/gltest/contracts/contract_factory.py:246: DeploymentError
______________________ ERROR at setup of test_dispute_job ______________________

self = ContractFactory(contract_name='Arbiter', contract_code='# { "Depends": "py-genlayer:5jycge4q8k23462jtb0b9fyey1s9qz928s... finalize /\n        recovery to verify that value actually left the contract."""\n        return str(self.balance)\n')
args = None, account = None, consensus_max_rotations = None, fees = None
fee_value = None, wait_until = None, wait_interval = None, wait_retries = None
wait_transaction_status = <ProtocolTransactionStatus.ACCEPTED: 'Accepted'>
wait_triggered_transactions = False
wait_triggered_transactions_status = <ProtocolTransactionStatus.ACCEPTED: 'Accepted'>
transaction_context = None

    def deploy_contract_tx(
        self,
        args: Optional[List[CalldataEncodable]] = None,
        account: Optional[LocalAccount] = None,
        consensus_max_rotations: Optional[int] = None,
        fees: Optional[Dict[str, Any]] = None,
        fee_value: Optional[int] = None,
        wait_until: Optional[Literal["decided", "finalized"]] = None,
        wait_interval: Optional[int] = None,
        wait_retries: Optional[int] = None,
        wait_transaction_status: ProtocolTransactionStatus = ProtocolTransactionStatus.ACCEPTED,
        wait_triggered_transactions: bool = False,
        wait_triggered_transactions_status: ProtocolTransactionStatus = ProtocolTransactionStatus.ACCEPTED,
        transaction_context: Optional[TransactionContext] = None,
    ) -> GenLayerTransaction:
        """
        Deploy the contract and return the transaction receipt.
        """
        general_config = get_general_config()
        actual_wait_interval = (
            wait_interval
            if wait_interval is not None
            else general_config.get_default_wait_interval()
        )
        actual_wait_retries = (
            wait_retries
            if wait_retries is not None
            else general_config.get_default_wait_retries()
        )
        leader_only = (
            general_config.get_leader_only()
            if general_config.check_studio_based_rpc()
            else False
        )
    
        client = get_gl_client()
        try:
            sim_config = None
            if transaction_context:
                try:
                    sim_config = SimConfig(**transaction_context)
                except TypeError as e:
                    raise ValueError(
                        f"Invalid transaction_context keys: {sorted(transaction_context.keys())}"
                    ) from e
>           tx_hash = client.deploy_contract(
                code=self.contract_code,
                args=args,
                account=account,
                consensus_max_rotations=consensus_max_rotations,
                leader_only=leader_only,
                **_fee_kwargs(client.deploy_contract, fees, fee_value),
                sim_config=sim_config,
            )

../../usr/lib/python3.13/site-packages/gltest/contracts/contract_factory.py:214: 
_ _ _ _ _ _ _ _ _ _ _ _ _ _ _ _ _ _ _ _ _ _ _ _ _ _ _ _ _ _ _ _ _ _ _ _ _ _ _ _ 
../../usr/lib/python3.13/site-packages/genlayer_py/client/genlayer_client.py:232: in deploy_contract
    return deploy_contract(
../../usr/lib/python3.13/site-packages/genlayer_py/contracts/actions.py:217: in deploy_contract
    return _send_transaction(
_ _ _ _ _ _ _ _ _ _ _ _ _ _ _ _ _ _ _ _ _ _ _ _ _ _ _ _ _ _ _ _ _ _ _ _ _ _ _ _ 

self = <genlayer_py.client.genlayer_client.GenLayerClient object at 0x7a9d2a3cb0>
encoded_data = '0x27241a990000000000000000000000008d9034a81a6e638775cfc9c83d60c8a95e42f48f0000000000000000000000000000000000000000000...2222220a202020202020202072657475726e207374722873656c662e62616c616e6365290a06800000000000000000000000000000000000000000'
sender_account = <eth_account.signers.local.LocalAccount object at 0x7a9d113ed0>
value = 0, sim_config = None

    def _send_transaction(
        self: GenLayerClient,
        encoded_data: HexStr,
        sender_account: Optional[LocalAccount] = None,
        value: int = 0,
        sim_config: Optional[SimConfig] = None,
    ):
        if sender_account is None:
            raise GenLayerError(
                "No account set. Configure the client with an account or pass an account to this function."
            )
    
        if self.chain.consensus_main_contract is None:
            raise GenLayerError(
                f'Consensus main contract address not found in chain config for "{self.chain.name}".',
            )
    
        try:
            transaction = _prepare_transaction(
                self=self,
                sender=sender_account.address,
                recipient=self.chain.consensus_main_contract["address"],
                data=encoded_data,
                value=value,
            )
            signed_transaction = sender_account.sign_transaction(transaction)
            serialized_transaction = self.w3.to_hex(signed_transaction.raw_transaction)
            params = [serialized_transaction]
            if sim_config is not None:
                params.append(sim_config)
            tx_hash = self.provider.make_request(
                method="eth_sendRawTransaction", params=params
            )["result"]
        except Exception as exc:
            raise GenLayerError(f"Transaction failed: {_format_rpc_error(exc)}") from exc
        tx_receipt = self.w3.eth.wait_for_transaction_receipt(tx_hash)
    
        if tx_receipt.status != 1:
            reason = _receipt_revert_reason(self, tx_hash)
            suffix = f" {reason}" if reason else ""
>           raise GenLayerError(
                f"Transaction reverted: EVM tx {tx_hash} to consensus contract "
                f"{self.chain.consensus_main_contract['address']} was reverted.{suffix}"
            )
E           genlayer_py.exceptions.GenLayerError: Transaction reverted: EVM tx 0x5804ada4cd20d89f22d643f744951dc4969946252eebfd85fc9a515a58834cf6 to consensus contract 0xb7278A61aa25c888815aFC32Ad3cC52fF24fE575 was reverted. FeesDistributionMissing

../../usr/lib/python3.13/site-packages/genlayer_py/contracts/actions.py:1319: GenLayerError

The above exception was the direct cause of the following exception:

    @pytest.fixture
    def arbiter():
        factory = get_contract_factory("Arbiter")
>       return factory.deploy()
               ^^^^^^^^^^^^^^^^

tests/test_arbiter_smoke.py:9: 
_ _ _ _ _ _ _ _ _ _ _ _ _ _ _ _ _ _ _ _ _ _ _ _ _ _ _ _ _ _ _ _ _ _ _ _ _ _ _ _ 
../../usr/lib/python3.13/site-packages/gltest/contracts/contract_factory.py:148: in deploy
    receipt = self.deploy_contract_tx(
_ _ _ _ _ _ _ _ _ _ _ _ _ _ _ _ _ _ _ _ _ _ _ _ _ _ _ _ _ _ _ _ _ _ _ _ _ _ _ _ 

self = ContractFactory(contract_name='Arbiter', contract_code='# { "Depends": "py-genlayer:5jycge4q8k23462jtb0b9fyey1s9qz928s... finalize /\n        recovery to verify that value actually left the contract."""\n        return str(self.balance)\n')
args = None, account = None, consensus_max_rotations = None, fees = None
fee_value = None, wait_until = None, wait_interval = None, wait_retries = None
wait_transaction_status = <ProtocolTransactionStatus.ACCEPTED: 'Accepted'>
wait_triggered_transactions = False
wait_triggered_transactions_status = <ProtocolTransactionStatus.ACCEPTED: 'Accepted'>
transaction_context = None

    def deploy_contract_tx(
        self,
        args: Optional[List[CalldataEncodable]] = None,
        account: Optional[LocalAccount] = None,
        consensus_max_rotations: Optional[int] = None,
        fees: Optional[Dict[str, Any]] = None,
        fee_value: Optional[int] = None,
        wait_until: Optional[Literal["decided", "finalized"]] = None,
        wait_interval: Optional[int] = None,
        wait_retries: Optional[int] = None,
        wait_transaction_status: ProtocolTransactionStatus = ProtocolTransactionStatus.ACCEPTED,
        wait_triggered_transactions: bool = False,
        wait_triggered_transactions_status: ProtocolTransactionStatus = ProtocolTransactionStatus.ACCEPTED,
        transaction_context: Optional[TransactionContext] = None,
    ) -> GenLayerTransaction:
        """
        Deploy the contract and return the transaction receipt.
        """
        general_config = get_general_config()
        actual_wait_interval = (
            wait_interval
            if wait_interval is not None
            else general_config.get_default_wait_interval()
        )
        actual_wait_retries = (
            wait_retries
            if wait_retries is not None
            else general_config.get_default_wait_retries()
        )
        leader_only = (
            general_config.get_leader_only()
            if general_config.check_studio_based_rpc()
            else False
        )
    
        client = get_gl_client()
        try:
            sim_config = None
            if transaction_context:
                try:
                    sim_config = SimConfig(**transaction_context)
                except TypeError as e:
                    raise ValueError(
                        f"Invalid transaction_context keys: {sorted(transaction_context.keys())}"
                    ) from e
            tx_hash = client.deploy_contract(
                code=self.contract_code,
                args=args,
                account=account,
                consensus_max_rotations=consensus_max_rotations,
                leader_only=leader_only,
                **_fee_kwargs(client.deploy_contract, fees, fee_value),
                sim_config=sim_config,
            )
            tx_receipt = wait_for_transaction_receipt(
                client,
                transaction_hash=tx_hash,
                wait_until=wait_until
                or wait_until_from_status(wait_transaction_status),
                interval=actual_wait_interval,
                retries=actual_wait_retries,
            )
            maybe_record_fee_observation(kind="deploy", receipt=tx_receipt)
            if wait_triggered_transactions:
                triggered_transactions = tx_receipt.get("triggered_transactions", [])
                for triggered_transaction in triggered_transactions:
                    wait_for_transaction_receipt(
                        client,
                        transaction_hash=triggered_transaction,
                        wait_until=wait_until_from_status(
                            wait_triggered_transactions_status
                        ),
                        interval=actual_wait_interval,
                        retries=actual_wait_retries,
                    )
            return tx_receipt
        except Exception as e:
>           raise DeploymentError(
                f"Failed to deploy contract {self.contract_name}: {str(e)}"
            ) from e
E           gltest.exceptions.DeploymentError: Failed to deploy contract Arbiter: Transaction reverted: EVM tx 0x5804ada4cd20d89f22d643f744951dc4969946252eebfd85fc9a515a58834cf6 to consensus contract 0xb7278A61aa25c888815aFC32Ad3cC52fF24fE575 was reverted. FeesDistributionMissing

../../usr/lib/python3.13/site-packages/gltest/contracts/contract_factory.py:246: DeploymentError
______________________ ERROR at setup of test_appeal_job _______________________

self = ContractFactory(contract_name='Arbiter', contract_code='# { "Depends": "py-genlayer:5jycge4q8k23462jtb0b9fyey1s9qz928s... finalize /\n        recovery to verify that value actually left the contract."""\n        return str(self.balance)\n')
args = None, account = None, consensus_max_rotations = None, fees = None
fee_value = None, wait_until = None, wait_interval = None, wait_retries = None
wait_transaction_status = <ProtocolTransactionStatus.ACCEPTED: 'Accepted'>
wait_triggered_transactions = False
wait_triggered_transactions_status = <ProtocolTransactionStatus.ACCEPTED: 'Accepted'>
transaction_context = None

    def deploy_contract_tx(
        self,
        args: Optional[List[CalldataEncodable]] = None,
        account: Optional[LocalAccount] = None,
        consensus_max_rotations: Optional[int] = None,
        fees: Optional[Dict[str, Any]] = None,
        fee_value: Optional[int] = None,
        wait_until: Optional[Literal["decided", "finalized"]] = None,
        wait_interval: Optional[int] = None,
        wait_retries: Optional[int] = None,
        wait_transaction_status: ProtocolTransactionStatus = ProtocolTransactionStatus.ACCEPTED,
        wait_triggered_transactions: bool = False,
        wait_triggered_transactions_status: ProtocolTransactionStatus = ProtocolTransactionStatus.ACCEPTED,
        transaction_context: Optional[TransactionContext] = None,
    ) -> GenLayerTransaction:
        """
        Deploy the contract and return the transaction receipt.
        """
        general_config = get_general_config()
        actual_wait_interval = (
            wait_interval
            if wait_interval is not None
            else general_config.get_default_wait_interval()
        )
        actual_wait_retries = (
            wait_retries
            if wait_retries is not None
            else general_config.get_default_wait_retries()
        )
        leader_only = (
            general_config.get_leader_only()
            if general_config.check_studio_based_rpc()
            else False
        )
    
        client = get_gl_client()
        try:
            sim_config = None
            if transaction_context:
                try:
                    sim_config = SimConfig(**transaction_context)
                except TypeError as e:
                    raise ValueError(
                        f"Invalid transaction_context keys: {sorted(transaction_context.keys())}"
                    ) from e
>           tx_hash = client.deploy_contract(
                code=self.contract_code,
                args=args,
                account=account,
                consensus_max_rotations=consensus_max_rotations,
                leader_only=leader_only,
                **_fee_kwargs(client.deploy_contract, fees, fee_value),
                sim_config=sim_config,
            )

../../usr/lib/python3.13/site-packages/gltest/contracts/contract_factory.py:214: 
_ _ _ _ _ _ _ _ _ _ _ _ _ _ _ _ _ _ _ _ _ _ _ _ _ _ _ _ _ _ _ _ _ _ _ _ _ _ _ _ 
../../usr/lib/python3.13/site-packages/genlayer_py/client/genlayer_client.py:232: in deploy_contract
    return deploy_contract(
../../usr/lib/python3.13/site-packages/genlayer_py/contracts/actions.py:217: in deploy_contract
    return _send_transaction(
_ _ _ _ _ _ _ _ _ _ _ _ _ _ _ _ _ _ _ _ _ _ _ _ _ _ _ _ _ _ _ _ _ _ _ _ _ _ _ _ 

self = <genlayer_py.client.genlayer_client.GenLayerClient object at 0x7a9d2a3cb0>
encoded_data = '0x27241a990000000000000000000000008d9034a81a6e638775cfc9c83d60c8a95e42f48f0000000000000000000000000000000000000000000...2222220a202020202020202072657475726e207374722873656c662e62616c616e6365290a06800000000000000000000000000000000000000000'
sender_account = <eth_account.signers.local.LocalAccount object at 0x7a9d113ed0>
value = 0, sim_config = None

    def _send_transaction(
        self: GenLayerClient,
        encoded_data: HexStr,
        sender_account: Optional[LocalAccount] = None,
        value: int = 0,
        sim_config: Optional[SimConfig] = None,
    ):
        if sender_account is None:
            raise GenLayerError(
                "No account set. Configure the client with an account or pass an account to this function."
            )
    
        if self.chain.consensus_main_contract is None:
            raise GenLayerError(
                f'Consensus main contract address not found in chain config for "{self.chain.name}".',
            )
    
        try:
            transaction = _prepare_transaction(
                self=self,
                sender=sender_account.address,
                recipient=self.chain.consensus_main_contract["address"],
                data=encoded_data,
                value=value,
            )
            signed_transaction = sender_account.sign_transaction(transaction)
            serialized_transaction = self.w3.to_hex(signed_transaction.raw_transaction)
            params = [serialized_transaction]
            if sim_config is not None:
                params.append(sim_config)
            tx_hash = self.provider.make_request(
                method="eth_sendRawTransaction", params=params
            )["result"]
        except Exception as exc:
            raise GenLayerError(f"Transaction failed: {_format_rpc_error(exc)}") from exc
        tx_receipt = self.w3.eth.wait_for_transaction_receipt(tx_hash)
    
        if tx_receipt.status != 1:
            reason = _receipt_revert_reason(self, tx_hash)
            suffix = f" {reason}" if reason else ""
>           raise GenLayerError(
                f"Transaction reverted: EVM tx {tx_hash} to consensus contract "
                f"{self.chain.consensus_main_contract['address']} was reverted.{suffix}"
            )
E           genlayer_py.exceptions.GenLayerError: Transaction reverted: EVM tx 0x2ac0d136d55958bd9079b9ad584d4a39d1f4803f63d90f82647103c931bcd896 to consensus contract 0xb7278A61aa25c888815aFC32Ad3cC52fF24fE575 was reverted. FeesDistributionMissing

../../usr/lib/python3.13/site-packages/genlayer_py/contracts/actions.py:1319: GenLayerError

The above exception was the direct cause of the following exception:

    @pytest.fixture
    def arbiter():
        factory = get_contract_factory("Arbiter")
>       return factory.deploy()
               ^^^^^^^^^^^^^^^^

tests/test_arbiter_smoke.py:9: 
_ _ _ _ _ _ _ _ _ _ _ _ _ _ _ _ _ _ _ _ _ _ _ _ _ _ _ _ _ _ _ _ _ _ _ _ _ _ _ _ 
../../usr/lib/python3.13/site-packages/gltest/contracts/contract_factory.py:148: in deploy
    receipt = self.deploy_contract_tx(
_ _ _ _ _ _ _ _ _ _ _ _ _ _ _ _ _ _ _ _ _ _ _ _ _ _ _ _ _ _ _ _ _ _ _ _ _ _ _ _ 

self = ContractFactory(contract_name='Arbiter', contract_code='# { "Depends": "py-genlayer:5jycge4q8k23462jtb0b9fyey1s9qz928s... finalize /\n        recovery to verify that value actually left the contract."""\n        return str(self.balance)\n')
args = None, account = None, consensus_max_rotations = None, fees = None
fee_value = None, wait_until = None, wait_interval = None, wait_retries = None
wait_transaction_status = <ProtocolTransactionStatus.ACCEPTED: 'Accepted'>
wait_triggered_transactions = False
wait_triggered_transactions_status = <ProtocolTransactionStatus.ACCEPTED: 'Accepted'>
transaction_context = None

    def deploy_contract_tx(
        self,
        args: Optional[List[CalldataEncodable]] = None,
        account: Optional[LocalAccount] = None,
        consensus_max_rotations: Optional[int] = None,
        fees: Optional[Dict[str, Any]] = None,
        fee_value: Optional[int] = None,
        wait_until: Optional[Literal["decided", "finalized"]] = None,
        wait_interval: Optional[int] = None,
        wait_retries: Optional[int] = None,
        wait_transaction_status: ProtocolTransactionStatus = ProtocolTransactionStatus.ACCEPTED,
        wait_triggered_transactions: bool = False,
        wait_triggered_transactions_status: ProtocolTransactionStatus = ProtocolTransactionStatus.ACCEPTED,
        transaction_context: Optional[TransactionContext] = None,
    ) -> GenLayerTransaction:
        """
        Deploy the contract and return the transaction receipt.
        """
        general_config = get_general_config()
        actual_wait_interval = (
            wait_interval
            if wait_interval is not None
            else general_config.get_default_wait_interval()
        )
        actual_wait_retries = (
            wait_retries
            if wait_retries is not None
            else general_config.get_default_wait_retries()
        )
        leader_only = (
            general_config.get_leader_only()
            if general_config.check_studio_based_rpc()
            else False
        )
    
        client = get_gl_client()
        try:
            sim_config = None
            if transaction_context:
                try:
                    sim_config = SimConfig(**transaction_context)
                except TypeError as e:
                    raise ValueError(
                        f"Invalid transaction_context keys: {sorted(transaction_context.keys())}"
                    ) from e
            tx_hash = client.deploy_contract(
                code=self.contract_code,
                args=args,
                account=account,
                consensus_max_rotations=consensus_max_rotations,
                leader_only=leader_only,
                **_fee_kwargs(client.deploy_contract, fees, fee_value),
                sim_config=sim_config,
            )
            tx_receipt = wait_for_transaction_receipt(
                client,
                transaction_hash=tx_hash,
                wait_until=wait_until
                or wait_until_from_status(wait_transaction_status),
                interval=actual_wait_interval,
                retries=actual_wait_retries,
            )
            maybe_record_fee_observation(kind="deploy", receipt=tx_receipt)
            if wait_triggered_transactions:
                triggered_transactions = tx_receipt.get("triggered_transactions", [])
                for triggered_transaction in triggered_transactions:
                    wait_for_transaction_receipt(
                        client,
                        transaction_hash=triggered_transaction,
                        wait_until=wait_until_from_status(
                            wait_triggered_transactions_status
                        ),
                        interval=actual_wait_interval,
                        retries=actual_wait_retries,
                    )
            return tx_receipt
        except Exception as e:
>           raise DeploymentError(
                f"Failed to deploy contract {self.contract_name}: {str(e)}"
            ) from e
E           gltest.exceptions.DeploymentError: Failed to deploy contract Arbiter: Transaction reverted: EVM tx 0x2ac0d136d55958bd9079b9ad584d4a39d1f4803f63d90f82647103c931bcd896 to consensus contract 0xb7278A61aa25c888815aFC32Ad3cC52fF24fE575 was reverted. FeesDistributionMissing

../../usr/lib/python3.13/site-packages/gltest/contracts/contract_factory.py:246: DeploymentError
_____________ ERROR at setup of test_unavailable_evidence_recovery _____________

self = ContractFactory(contract_name='Arbiter', contract_code='# { "Depends": "py-genlayer:5jycge4q8k23462jtb0b9fyey1s9qz928s... finalize /\n        recovery to verify that value actually left the contract."""\n        return str(self.balance)\n')
args = None, account = None, consensus_max_rotations = None, fees = None
fee_value = None, wait_until = None, wait_interval = None, wait_retries = None
wait_transaction_status = <ProtocolTransactionStatus.ACCEPTED: 'Accepted'>
wait_triggered_transactions = False
wait_triggered_transactions_status = <ProtocolTransactionStatus.ACCEPTED: 'Accepted'>
transaction_context = None

    def deploy_contract_tx(
        self,
        args: Optional[List[CalldataEncodable]] = None,
        account: Optional[LocalAccount] = None,
        consensus_max_rotations: Optional[int] = None,
        fees: Optional[Dict[str, Any]] = None,
        fee_value: Optional[int] = None,
        wait_until: Optional[Literal["decided", "finalized"]] = None,
        wait_interval: Optional[int] = None,
        wait_retries: Optional[int] = None,
        wait_transaction_status: ProtocolTransactionStatus = ProtocolTransactionStatus.ACCEPTED,
        wait_triggered_transactions: bool = False,
        wait_triggered_transactions_status: ProtocolTransactionStatus = ProtocolTransactionStatus.ACCEPTED,
        transaction_context: Optional[TransactionContext] = None,
    ) -> GenLayerTransaction:
        """
        Deploy the contract and return the transaction receipt.
        """
        general_config = get_general_config()
        actual_wait_interval = (
            wait_interval
            if wait_interval is not None
            else general_config.get_default_wait_interval()
        )
        actual_wait_retries = (
            wait_retries
            if wait_retries is not None
            else general_config.get_default_wait_retries()
        )
        leader_only = (
            general_config.get_leader_only()
            if general_config.check_studio_based_rpc()
            else False
        )
    
        client = get_gl_client()
        try:
            sim_config = None
            if transaction_context:
                try:
                    sim_config = SimConfig(**transaction_context)
                except TypeError as e:
                    raise ValueError(
                        f"Invalid transaction_context keys: {sorted(transaction_context.keys())}"
                    ) from e
>           tx_hash = client.deploy_contract(
                code=self.contract_code,
                args=args,
                account=account,
                consensus_max_rotations=consensus_max_rotations,
                leader_only=leader_only,
                **_fee_kwargs(client.deploy_contract, fees, fee_value),
                sim_config=sim_config,
            )

../../usr/lib/python3.13/site-packages/gltest/contracts/contract_factory.py:214: 
_ _ _ _ _ _ _ _ _ _ _ _ _ _ _ _ _ _ _ _ _ _ _ _ _ _ _ _ _ _ _ _ _ _ _ _ _ _ _ _ 
../../usr/lib/python3.13/site-packages/genlayer_py/client/genlayer_client.py:232: in deploy_contract
    return deploy_contract(
../../usr/lib/python3.13/site-packages/genlayer_py/contracts/actions.py:217: in deploy_contract
    return _send_transaction(
_ _ _ _ _ _ _ _ _ _ _ _ _ _ _ _ _ _ _ _ _ _ _ _ _ _ _ _ _ _ _ _ _ _ _ _ _ _ _ _ 

self = <genlayer_py.client.genlayer_client.GenLayerClient object at 0x7a9d2a3cb0>
encoded_data = '0x27241a990000000000000000000000008d9034a81a6e638775cfc9c83d60c8a95e42f48f0000000000000000000000000000000000000000000...2222220a202020202020202072657475726e207374722873656c662e62616c616e6365290a06800000000000000000000000000000000000000000'
sender_account = <eth_account.signers.local.LocalAccount object at 0x7a9d113ed0>
value = 0, sim_config = None

    def _send_transaction(
        self: GenLayerClient,
        encoded_data: HexStr,
        sender_account: Optional[LocalAccount] = None,
        value: int = 0,
        sim_config: Optional[SimConfig] = None,
    ):
        if sender_account is None:
            raise GenLayerError(
                "No account set. Configure the client with an account or pass an account to this function."
            )
    
        if self.chain.consensus_main_contract is None:
            raise GenLayerError(
                f'Consensus main contract address not found in chain config for "{self.chain.name}".',
            )
    
        try:
            transaction = _prepare_transaction(
                self=self,
                sender=sender_account.address,
                recipient=self.chain.consensus_main_contract["address"],
                data=encoded_data,
                value=value,
            )
            signed_transaction = sender_account.sign_transaction(transaction)
            serialized_transaction = self.w3.to_hex(signed_transaction.raw_transaction)
            params = [serialized_transaction]
            if sim_config is not None:
                params.append(sim_config)
            tx_hash = self.provider.make_request(
                method="eth_sendRawTransaction", params=params
            )["result"]
        except Exception as exc:
            raise GenLayerError(f"Transaction failed: {_format_rpc_error(exc)}") from exc
        tx_receipt = self.w3.eth.wait_for_transaction_receipt(tx_hash)
    
        if tx_receipt.status != 1:
            reason = _receipt_revert_reason(self, tx_hash)
            suffix = f" {reason}" if reason else ""
>           raise GenLayerError(
                f"Transaction reverted: EVM tx {tx_hash} to consensus contract "
                f"{self.chain.consensus_main_contract['address']} was reverted.{suffix}"
            )
E           genlayer_py.exceptions.GenLayerError: Transaction reverted: EVM tx 0x1a2d54feb3a960270310c5690adb039fc5b01b8b2f768789787c2f4bd2a52ec1 to consensus contract 0xb7278A61aa25c888815aFC32Ad3cC52fF24fE575 was reverted. FeesDistributionMissing

../../usr/lib/python3.13/site-packages/genlayer_py/contracts/actions.py:1319: GenLayerError

The above exception was the direct cause of the following exception:

    @pytest.fixture
    def arbiter():
        factory = get_contract_factory("Arbiter")
>       return factory.deploy()
               ^^^^^^^^^^^^^^^^

tests/test_arbiter_smoke.py:9: 
_ _ _ _ _ _ _ _ _ _ _ _ _ _ _ _ _ _ _ _ _ _ _ _ _ _ _ _ _ _ _ _ _ _ _ _ _ _ _ _ 
../../usr/lib/python3.13/site-packages/gltest/contracts/contract_factory.py:148: in deploy
    receipt = self.deploy_contract_tx(
_ _ _ _ _ _ _ _ _ _ _ _ _ _ _ _ _ _ _ _ _ _ _ _ _ _ _ _ _ _ _ _ _ _ _ _ _ _ _ _ 

self = ContractFactory(contract_name='Arbiter', contract_code='# { "Depends": "py-genlayer:5jycge4q8k23462jtb0b9fyey1s9qz928s... finalize /\n        recovery to verify that value actually left the contract."""\n        return str(self.balance)\n')
args = None, account = None, consensus_max_rotations = None, fees = None
fee_value = None, wait_until = None, wait_interval = None, wait_retries = None
wait_transaction_status = <ProtocolTransactionStatus.ACCEPTED: 'Accepted'>
wait_triggered_transactions = False
wait_triggered_transactions_status = <ProtocolTransactionStatus.ACCEPTED: 'Accepted'>
transaction_context = None

    def deploy_contract_tx(
        self,
        args: Optional[List[CalldataEncodable]] = None,
        account: Optional[LocalAccount] = None,
        consensus_max_rotations: Optional[int] = None,
        fees: Optional[Dict[str, Any]] = None,
        fee_value: Optional[int] = None,
        wait_until: Optional[Literal["decided", "finalized"]] = None,
        wait_interval: Optional[int] = None,
        wait_retries: Optional[int] = None,
        wait_transaction_status: ProtocolTransactionStatus = ProtocolTransactionStatus.ACCEPTED,
        wait_triggered_transactions: bool = False,
        wait_triggered_transactions_status: ProtocolTransactionStatus = ProtocolTransactionStatus.ACCEPTED,
        transaction_context: Optional[TransactionContext] = None,
    ) -> GenLayerTransaction:
        """
        Deploy the contract and return the transaction receipt.
        """
        general_config = get_general_config()
        actual_wait_interval = (
            wait_interval
            if wait_interval is not None
            else general_config.get_default_wait_interval()
        )
        actual_wait_retries = (
            wait_retries
            if wait_retries is not None
            else general_config.get_default_wait_retries()
        )
        leader_only = (
            general_config.get_leader_only()
            if general_config.check_studio_based_rpc()
            else False
        )
    
        client = get_gl_client()
        try:
            sim_config = None
            if transaction_context:
                try:
                    sim_config = SimConfig(**transaction_context)
                except TypeError as e:
                    raise ValueError(
                        f"Invalid transaction_context keys: {sorted(transaction_context.keys())}"
                    ) from e
            tx_hash = client.deploy_contract(
                code=self.contract_code,
                args=args,
                account=account,
                consensus_max_rotations=consensus_max_rotations,
                leader_only=leader_only,
                **_fee_kwargs(client.deploy_contract, fees, fee_value),
                sim_config=sim_config,
            )
            tx_receipt = wait_for_transaction_receipt(
                client,
                transaction_hash=tx_hash,
                wait_until=wait_until
                or wait_until_from_status(wait_transaction_status),
                interval=actual_wait_interval,
                retries=actual_wait_retries,
            )
            maybe_record_fee_observation(kind="deploy", receipt=tx_receipt)
            if wait_triggered_transactions:
                triggered_transactions = tx_receipt.get("triggered_transactions", [])
                for triggered_transaction in triggered_transactions:
                    wait_for_transaction_receipt(
                        client,
                        transaction_hash=triggered_transaction,
                        wait_until=wait_until_from_status(
                            wait_triggered_transactions_status
                        ),
                        interval=actual_wait_interval,
                        retries=actual_wait_retries,
                    )
            return tx_receipt
        except Exception as e:
>           raise DeploymentError(
                f"Failed to deploy contract {self.contract_name}: {str(e)}"
            ) from e
E           gltest.exceptions.DeploymentError: Failed to deploy contract Arbiter: Transaction reverted: EVM tx 0x1a2d54feb3a960270310c5690adb039fc5b01b8b2f768789787c2f4bd2a52ec1 to consensus contract 0xb7278A61aa25c888815aFC32Ad3cC52fF24fE575 was reverted. FeesDistributionMissing

../../usr/lib/python3.13/site-packages/gltest/contracts/contract_factory.py:246: DeploymentError
_________________ ERROR at setup of test_create_milestone_job __________________

self = ContractFactory(contract_name='Arbiter', contract_code='# { "Depends": "py-genlayer:5jycge4q8k23462jtb0b9fyey1s9qz928s... finalize /\n        recovery to verify that value actually left the contract."""\n        return str(self.balance)\n')
args = None, account = None, consensus_max_rotations = None, fees = None
fee_value = None, wait_until = None, wait_interval = None, wait_retries = None
wait_transaction_status = <ProtocolTransactionStatus.ACCEPTED: 'Accepted'>
wait_triggered_transactions = False
wait_triggered_transactions_status = <ProtocolTransactionStatus.ACCEPTED: 'Accepted'>
transaction_context = None

    def deploy_contract_tx(
        self,
        args: Optional[List[CalldataEncodable]] = None,
        account: Optional[LocalAccount] = None,
        consensus_max_rotations: Optional[int] = None,
        fees: Optional[Dict[str, Any]] = None,
        fee_value: Optional[int] = None,
        wait_until: Optional[Literal["decided", "finalized"]] = None,
        wait_interval: Optional[int] = None,
        wait_retries: Optional[int] = None,
        wait_transaction_status: ProtocolTransactionStatus = ProtocolTransactionStatus.ACCEPTED,
        wait_triggered_transactions: bool = False,
        wait_triggered_transactions_status: ProtocolTransactionStatus = ProtocolTransactionStatus.ACCEPTED,
        transaction_context: Optional[TransactionContext] = None,
    ) -> GenLayerTransaction:
        """
        Deploy the contract and return the transaction receipt.
        """
        general_config = get_general_config()
        actual_wait_interval = (
            wait_interval
            if wait_interval is not None
            else general_config.get_default_wait_interval()
        )
        actual_wait_retries = (
            wait_retries
            if wait_retries is not None
            else general_config.get_default_wait_retries()
        )
        leader_only = (
            general_config.get_leader_only()
            if general_config.check_studio_based_rpc()
            else False
        )
    
        client = get_gl_client()
        try:
            sim_config = None
            if transaction_context:
                try:
                    sim_config = SimConfig(**transaction_context)
                except TypeError as e:
                    raise ValueError(
                        f"Invalid transaction_context keys: {sorted(transaction_context.keys())}"
                    ) from e
>           tx_hash = client.deploy_contract(
                code=self.contract_code,
                args=args,
                account=account,
                consensus_max_rotations=consensus_max_rotations,
                leader_only=leader_only,
                **_fee_kwargs(client.deploy_contract, fees, fee_value),
                sim_config=sim_config,
            )

../../usr/lib/python3.13/site-packages/gltest/contracts/contract_factory.py:214: 
_ _ _ _ _ _ _ _ _ _ _ _ _ _ _ _ _ _ _ _ _ _ _ _ _ _ _ _ _ _ _ _ _ _ _ _ _ _ _ _ 
../../usr/lib/python3.13/site-packages/genlayer_py/client/genlayer_client.py:232: in deploy_contract
    return deploy_contract(
../../usr/lib/python3.13/site-packages/genlayer_py/contracts/actions.py:217: in deploy_contract
    return _send_transaction(
_ _ _ _ _ _ _ _ _ _ _ _ _ _ _ _ _ _ _ _ _ _ _ _ _ _ _ _ _ _ _ _ _ _ _ _ _ _ _ _ 

self = <genlayer_py.client.genlayer_client.GenLayerClient object at 0x7a9d2a3cb0>
encoded_data = '0x27241a990000000000000000000000008d9034a81a6e638775cfc9c83d60c8a95e42f48f0000000000000000000000000000000000000000000...2222220a202020202020202072657475726e207374722873656c662e62616c616e6365290a06800000000000000000000000000000000000000000'
sender_account = <eth_account.signers.local.LocalAccount object at 0x7a9d113ed0>
value = 0, sim_config = None

    def _send_transaction(
        self: GenLayerClient,
        encoded_data: HexStr,
        sender_account: Optional[LocalAccount] = None,
        value: int = 0,
        sim_config: Optional[SimConfig] = None,
    ):
        if sender_account is None:
            raise GenLayerError(
                "No account set. Configure the client with an account or pass an account to this function."
            )
    
        if self.chain.consensus_main_contract is None:
            raise GenLayerError(
                f'Consensus main contract address not found in chain config for "{self.chain.name}".',
            )
    
        try:
            transaction = _prepare_transaction(
                self=self,
                sender=sender_account.address,
                recipient=self.chain.consensus_main_contract["address"],
                data=encoded_data,
                value=value,
            )
            signed_transaction = sender_account.sign_transaction(transaction)
            serialized_transaction = self.w3.to_hex(signed_transaction.raw_transaction)
            params = [serialized_transaction]
            if sim_config is not None:
                params.append(sim_config)
            tx_hash = self.provider.make_request(
                method="eth_sendRawTransaction", params=params
            )["result"]
        except Exception as exc:
            raise GenLayerError(f"Transaction failed: {_format_rpc_error(exc)}") from exc
        tx_receipt = self.w3.eth.wait_for_transaction_receipt(tx_hash)
    
        if tx_receipt.status != 1:
            reason = _receipt_revert_reason(self, tx_hash)
            suffix = f" {reason}" if reason else ""
>           raise GenLayerError(
                f"Transaction reverted: EVM tx {tx_hash} to consensus contract "
                f"{self.chain.consensus_main_contract['address']} was reverted.{suffix}"
            )
E           genlayer_py.exceptions.GenLayerError: Transaction reverted: EVM tx 0x0ea4c6c77810f8507bc87dcb68c0a5894bcf7fb20f42e13f75db638142e072e8 to consensus contract 0xb7278A61aa25c888815aFC32Ad3cC52fF24fE575 was reverted. FeesDistributionMissing

../../usr/lib/python3.13/site-packages/genlayer_py/contracts/actions.py:1319: GenLayerError

The above exception was the direct cause of the following exception:

    @pytest.fixture
    def arbiter():
        factory = get_contract_factory("Arbiter")
>       return factory.deploy()
               ^^^^^^^^^^^^^^^^

tests/test_arbiter_smoke.py:9: 
_ _ _ _ _ _ _ _ _ _ _ _ _ _ _ _ _ _ _ _ _ _ _ _ _ _ _ _ _ _ _ _ _ _ _ _ _ _ _ _ 
../../usr/lib/python3.13/site-packages/gltest/contracts/contract_factory.py:148: in deploy
    receipt = self.deploy_contract_tx(
_ _ _ _ _ _ _ _ _ _ _ _ _ _ _ _ _ _ _ _ _ _ _ _ _ _ _ _ _ _ _ _ _ _ _ _ _ _ _ _ 

self = ContractFactory(contract_name='Arbiter', contract_code='# { "Depends": "py-genlayer:5jycge4q8k23462jtb0b9fyey1s9qz928s... finalize /\n        recovery to verify that value actually left the contract."""\n        return str(self.balance)\n')
args = None, account = None, consensus_max_rotations = None, fees = None
fee_value = None, wait_until = None, wait_interval = None, wait_retries = None
wait_transaction_status = <ProtocolTransactionStatus.ACCEPTED: 'Accepted'>
wait_triggered_transactions = False
wait_triggered_transactions_status = <ProtocolTransactionStatus.ACCEPTED: 'Accepted'>
transaction_context = None

    def deploy_contract_tx(
        self,
        args: Optional[List[CalldataEncodable]] = None,
        account: Optional[LocalAccount] = None,
        consensus_max_rotations: Optional[int] = None,
        fees: Optional[Dict[str, Any]] = None,
        fee_value: Optional[int] = None,
        wait_until: Optional[Literal["decided", "finalized"]] = None,
        wait_interval: Optional[int] = None,
        wait_retries: Optional[int] = None,
        wait_transaction_status: ProtocolTransactionStatus = ProtocolTransactionStatus.ACCEPTED,
        wait_triggered_transactions: bool = False,
        wait_triggered_transactions_status: ProtocolTransactionStatus = ProtocolTransactionStatus.ACCEPTED,
        transaction_context: Optional[TransactionContext] = None,
    ) -> GenLayerTransaction:
        """
        Deploy the contract and return the transaction receipt.
        """
        general_config = get_general_config()
        actual_wait_interval = (
            wait_interval
            if wait_interval is not None
            else general_config.get_default_wait_interval()
        )
        actual_wait_retries = (
            wait_retries
            if wait_retries is not None
            else general_config.get_default_wait_retries()
        )
        leader_only = (
            general_config.get_leader_only()
            if general_config.check_studio_based_rpc()
            else False
        )
    
        client = get_gl_client()
        try:
            sim_config = None
            if transaction_context:
                try:
                    sim_config = SimConfig(**transaction_context)
                except TypeError as e:
                    raise ValueError(
                        f"Invalid transaction_context keys: {sorted(transaction_context.keys())}"
                    ) from e
            tx_hash = client.deploy_contract(
                code=self.contract_code,
                args=args,
                account=account,
                consensus_max_rotations=consensus_max_rotations,
                leader_only=leader_only,
                **_fee_kwargs(client.deploy_contract, fees, fee_value),
                sim_config=sim_config,
            )
            tx_receipt = wait_for_transaction_receipt(
                client,
                transaction_hash=tx_hash,
                wait_until=wait_until
                or wait_until_from_status(wait_transaction_status),
                interval=actual_wait_interval,
                retries=actual_wait_retries,
            )
            maybe_record_fee_observation(kind="deploy", receipt=tx_receipt)
            if wait_triggered_transactions:
                triggered_transactions = tx_receipt.get("triggered_transactions", [])
                for triggered_transaction in triggered_transactions:
                    wait_for_transaction_receipt(
                        client,
                        transaction_hash=triggered_transaction,
                        wait_until=wait_until_from_status(
                            wait_triggered_transactions_status
                        ),
                        interval=actual_wait_interval,
                        retries=actual_wait_retries,
                    )
            return tx_receipt
        except Exception as e:
>           raise DeploymentError(
                f"Failed to deploy contract {self.contract_name}: {str(e)}"
            ) from e
E           gltest.exceptions.DeploymentError: Failed to deploy contract Arbiter: Transaction reverted: EVM tx 0x0ea4c6c77810f8507bc87dcb68c0a5894bcf7fb20f42e13f75db638142e072e8 to consensus contract 0xb7278A61aa25c888815aFC32Ad3cC52fF24fE575 was reverted. FeesDistributionMissing

../../usr/lib/python3.13/site-packages/gltest/contracts/contract_factory.py:246: DeploymentError
_______ ERROR at setup of test_milestone_approval_and_parent_resolution ________

self = ContractFactory(contract_name='Arbiter', contract_code='# { "Depends": "py-genlayer:5jycge4q8k23462jtb0b9fyey1s9qz928s... finalize /\n        recovery to verify that value actually left the contract."""\n        return str(self.balance)\n')
args = None, account = None, consensus_max_rotations = None, fees = None
fee_value = None, wait_until = None, wait_interval = None, wait_retries = None
wait_transaction_status = <ProtocolTransactionStatus.ACCEPTED: 'Accepted'>
wait_triggered_transactions = False
wait_triggered_transactions_status = <ProtocolTransactionStatus.ACCEPTED: 'Accepted'>
transaction_context = None

    def deploy_contract_tx(
        self,
        args: Optional[List[CalldataEncodable]] = None,
        account: Optional[LocalAccount] = None,
        consensus_max_rotations: Optional[int] = None,
        fees: Optional[Dict[str, Any]] = None,
        fee_value: Optional[int] = None,
        wait_until: Optional[Literal["decided", "finalized"]] = None,
        wait_interval: Optional[int] = None,
        wait_retries: Optional[int] = None,
        wait_transaction_status: ProtocolTransactionStatus = ProtocolTransactionStatus.ACCEPTED,
        wait_triggered_transactions: bool = False,
        wait_triggered_transactions_status: ProtocolTransactionStatus = ProtocolTransactionStatus.ACCEPTED,
        transaction_context: Optional[TransactionContext] = None,
    ) -> GenLayerTransaction:
        """
        Deploy the contract and return the transaction receipt.
        """
        general_config = get_general_config()
        actual_wait_interval = (
            wait_interval
            if wait_interval is not None
            else general_config.get_default_wait_interval()
        )
        actual_wait_retries = (
            wait_retries
            if wait_retries is not None
            else general_config.get_default_wait_retries()
        )
        leader_only = (
            general_config.get_leader_only()
            if general_config.check_studio_based_rpc()
            else False
        )
    
        client = get_gl_client()
        try:
            sim_config = None
            if transaction_context:
                try:
                    sim_config = SimConfig(**transaction_context)
                except TypeError as e:
                    raise ValueError(
                        f"Invalid transaction_context keys: {sorted(transaction_context.keys())}"
                    ) from e
>           tx_hash = client.deploy_contract(
                code=self.contract_code,
                args=args,
                account=account,
                consensus_max_rotations=consensus_max_rotations,
                leader_only=leader_only,
                **_fee_kwargs(client.deploy_contract, fees, fee_value),
                sim_config=sim_config,
            )

../../usr/lib/python3.13/site-packages/gltest/contracts/contract_factory.py:214: 
_ _ _ _ _ _ _ _ _ _ _ _ _ _ _ _ _ _ _ _ _ _ _ _ _ _ _ _ _ _ _ _ _ _ _ _ _ _ _ _ 
../../usr/lib/python3.13/site-packages/genlayer_py/client/genlayer_client.py:232: in deploy_contract
    return deploy_contract(
../../usr/lib/python3.13/site-packages/genlayer_py/contracts/actions.py:217: in deploy_contract
    return _send_transaction(
_ _ _ _ _ _ _ _ _ _ _ _ _ _ _ _ _ _ _ _ _ _ _ _ _ _ _ _ _ _ _ _ _ _ _ _ _ _ _ _ 

self = <genlayer_py.client.genlayer_client.GenLayerClient object at 0x7a9d2a3cb0>
encoded_data = '0x27241a990000000000000000000000008d9034a81a6e638775cfc9c83d60c8a95e42f48f0000000000000000000000000000000000000000000...2222220a202020202020202072657475726e207374722873656c662e62616c616e6365290a06800000000000000000000000000000000000000000'
sender_account = <eth_account.signers.local.LocalAccount object at 0x7a9d113ed0>
value = 0, sim_config = None

    def _send_transaction(
        self: GenLayerClient,
        encoded_data: HexStr,
        sender_account: Optional[LocalAccount] = None,
        value: int = 0,
        sim_config: Optional[SimConfig] = None,
    ):
        if sender_account is None:
            raise GenLayerError(
                "No account set. Configure the client with an account or pass an account to this function."
            )
    
        if self.chain.consensus_main_contract is None:
            raise GenLayerError(
                f'Consensus main contract address not found in chain config for "{self.chain.name}".',
            )
    
        try:
            transaction = _prepare_transaction(
                self=self,
                sender=sender_account.address,
                recipient=self.chain.consensus_main_contract["address"],
                data=encoded_data,
                value=value,
            )
            signed_transaction = sender_account.sign_transaction(transaction)
            serialized_transaction = self.w3.to_hex(signed_transaction.raw_transaction)
            params = [serialized_transaction]
            if sim_config is not None:
                params.append(sim_config)
            tx_hash = self.provider.make_request(
                method="eth_sendRawTransaction", params=params
            )["result"]
        except Exception as exc:
            raise GenLayerError(f"Transaction failed: {_format_rpc_error(exc)}") from exc
        tx_receipt = self.w3.eth.wait_for_transaction_receipt(tx_hash)
    
        if tx_receipt.status != 1:
            reason = _receipt_revert_reason(self, tx_hash)
            suffix = f" {reason}" if reason else ""
>           raise GenLayerError(
                f"Transaction reverted: EVM tx {tx_hash} to consensus contract "
                f"{self.chain.consensus_main_contract['address']} was reverted.{suffix}"
            )
E           genlayer_py.exceptions.GenLayerError: Transaction reverted: EVM tx 0x233325219f3eb9b6de83187ce073273dfab2906c18695aa211f9a2bfbf77b72b to consensus contract 0xb7278A61aa25c888815aFC32Ad3cC52fF24fE575 was reverted. FeesDistributionMissing

../../usr/lib/python3.13/site-packages/genlayer_py/contracts/actions.py:1319: GenLayerError

The above exception was the direct cause of the following exception:

    @pytest.fixture
    def arbiter():
        factory = get_contract_factory("Arbiter")
>       return factory.deploy()
               ^^^^^^^^^^^^^^^^

tests/test_arbiter_smoke.py:9: 
_ _ _ _ _ _ _ _ _ _ _ _ _ _ _ _ _ _ _ _ _ _ _ _ _ _ _ _ _ _ _ _ _ _ _ _ _ _ _ _ 
../../usr/lib/python3.13/site-packages/gltest/contracts/contract_factory.py:148: in deploy
    receipt = self.deploy_contract_tx(
_ _ _ _ _ _ _ _ _ _ _ _ _ _ _ _ _ _ _ _ _ _ _ _ _ _ _ _ _ _ _ _ _ _ _ _ _ _ _ _ 

self = ContractFactory(contract_name='Arbiter', contract_code='# { "Depends": "py-genlayer:5jycge4q8k23462jtb0b9fyey1s9qz928s... finalize /\n        recovery to verify that value actually left the contract."""\n        return str(self.balance)\n')
args = None, account = None, consensus_max_rotations = None, fees = None
fee_value = None, wait_until = None, wait_interval = None, wait_retries = None
wait_transaction_status = <ProtocolTransactionStatus.ACCEPTED: 'Accepted'>
wait_triggered_transactions = False
wait_triggered_transactions_status = <ProtocolTransactionStatus.ACCEPTED: 'Accepted'>
transaction_context = None

    def deploy_contract_tx(
        self,
        args: Optional[List[CalldataEncodable]] = None,
        account: Optional[LocalAccount] = None,
        consensus_max_rotations: Optional[int] = None,
        fees: Optional[Dict[str, Any]] = None,
        fee_value: Optional[int] = None,
        wait_until: Optional[Literal["decided", "finalized"]] = None,
        wait_interval: Optional[int] = None,
        wait_retries: Optional[int] = None,
        wait_transaction_status: ProtocolTransactionStatus = ProtocolTransactionStatus.ACCEPTED,
        wait_triggered_transactions: bool = False,
        wait_triggered_transactions_status: ProtocolTransactionStatus = ProtocolTransactionStatus.ACCEPTED,
        transaction_context: Optional[TransactionContext] = None,
    ) -> GenLayerTransaction:
        """
        Deploy the contract and return the transaction receipt.
        """
        general_config = get_general_config()
        actual_wait_interval = (
            wait_interval
            if wait_interval is not None
            else general_config.get_default_wait_interval()
        )
        actual_wait_retries = (
            wait_retries
            if wait_retries is not None
            else general_config.get_default_wait_retries()
        )
        leader_only = (
            general_config.get_leader_only()
            if general_config.check_studio_based_rpc()
            else False
        )
    
        client = get_gl_client()
        try:
            sim_config = None
            if transaction_context:
                try:
                    sim_config = SimConfig(**transaction_context)
                except TypeError as e:
                    raise ValueError(
                        f"Invalid transaction_context keys: {sorted(transaction_context.keys())}"
                    ) from e
            tx_hash = client.deploy_contract(
                code=self.contract_code,
                args=args,
                account=account,
                consensus_max_rotations=consensus_max_rotations,
                leader_only=leader_only,
                **_fee_kwargs(client.deploy_contract, fees, fee_value),
                sim_config=sim_config,
            )
            tx_receipt = wait_for_transaction_receipt(
                client,
                transaction_hash=tx_hash,
                wait_until=wait_until
                or wait_until_from_status(wait_transaction_status),
                interval=actual_wait_interval,
                retries=actual_wait_retries,
            )
            maybe_record_fee_observation(kind="deploy", receipt=tx_receipt)
            if wait_triggered_transactions:
                triggered_transactions = tx_receipt.get("triggered_transactions", [])
                for triggered_transaction in triggered_transactions:
                    wait_for_transaction_receipt(
                        client,
                        transaction_hash=triggered_transaction,
                        wait_until=wait_until_from_status(
                            wait_triggered_transactions_status
                        ),
                        interval=actual_wait_interval,
                        retries=actual_wait_retries,
                    )
            return tx_receipt
        except Exception as e:
>           raise DeploymentError(
                f"Failed to deploy contract {self.contract_name}: {str(e)}"
            ) from e
E           gltest.exceptions.DeploymentError: Failed to deploy contract Arbiter: Transaction reverted: EVM tx 0x233325219f3eb9b6de83187ce073273dfab2906c18695aa211f9a2bfbf77b72b to consensus contract 0xb7278A61aa25c888815aFC32Ad3cC52fF24fE575 was reverted. FeesDistributionMissing

../../usr/lib/python3.13/site-packages/gltest/contracts/contract_factory.py:246: DeploymentError
___________ ERROR at setup of test_milestone_dispute_is_independent ____________

self = ContractFactory(contract_name='Arbiter', contract_code='# { "Depends": "py-genlayer:5jycge4q8k23462jtb0b9fyey1s9qz928s... finalize /\n        recovery to verify that value actually left the contract."""\n        return str(self.balance)\n')
args = None, account = None, consensus_max_rotations = None, fees = None
fee_value = None, wait_until = None, wait_interval = None, wait_retries = None
wait_transaction_status = <ProtocolTransactionStatus.ACCEPTED: 'Accepted'>
wait_triggered_transactions = False
wait_triggered_transactions_status = <ProtocolTransactionStatus.ACCEPTED: 'Accepted'>
transaction_context = None

    def deploy_contract_tx(
        self,
        args: Optional[List[CalldataEncodable]] = None,
        account: Optional[LocalAccount] = None,
        consensus_max_rotations: Optional[int] = None,
        fees: Optional[Dict[str, Any]] = None,
        fee_value: Optional[int] = None,
        wait_until: Optional[Literal["decided", "finalized"]] = None,
        wait_interval: Optional[int] = None,
        wait_retries: Optional[int] = None,
        wait_transaction_status: ProtocolTransactionStatus = ProtocolTransactionStatus.ACCEPTED,
        wait_triggered_transactions: bool = False,
        wait_triggered_transactions_status: ProtocolTransactionStatus = ProtocolTransactionStatus.ACCEPTED,
        transaction_context: Optional[TransactionContext] = None,
    ) -> GenLayerTransaction:
        """
        Deploy the contract and return the transaction receipt.
        """
        general_config = get_general_config()
        actual_wait_interval = (
            wait_interval
            if wait_interval is not None
            else general_config.get_default_wait_interval()
        )
        actual_wait_retries = (
            wait_retries
            if wait_retries is not None
            else general_config.get_default_wait_retries()
        )
        leader_only = (
            general_config.get_leader_only()
            if general_config.check_studio_based_rpc()
            else False
        )
    
        client = get_gl_client()
        try:
            sim_config = None
            if transaction_context:
                try:
                    sim_config = SimConfig(**transaction_context)
                except TypeError as e:
                    raise ValueError(
                        f"Invalid transaction_context keys: {sorted(transaction_context.keys())}"
                    ) from e
>           tx_hash = client.deploy_contract(
                code=self.contract_code,
                args=args,
                account=account,
                consensus_max_rotations=consensus_max_rotations,
                leader_only=leader_only,
                **_fee_kwargs(client.deploy_contract, fees, fee_value),
                sim_config=sim_config,
            )

../../usr/lib/python3.13/site-packages/gltest/contracts/contract_factory.py:214: 
_ _ _ _ _ _ _ _ _ _ _ _ _ _ _ _ _ _ _ _ _ _ _ _ _ _ _ _ _ _ _ _ _ _ _ _ _ _ _ _ 
../../usr/lib/python3.13/site-packages/genlayer_py/client/genlayer_client.py:232: in deploy_contract
    return deploy_contract(
../../usr/lib/python3.13/site-packages/genlayer_py/contracts/actions.py:217: in deploy_contract
    return _send_transaction(
_ _ _ _ _ _ _ _ _ _ _ _ _ _ _ _ _ _ _ _ _ _ _ _ _ _ _ _ _ _ _ _ _ _ _ _ _ _ _ _ 

self = <genlayer_py.client.genlayer_client.GenLayerClient object at 0x7a9d2a3cb0>
encoded_data = '0x27241a990000000000000000000000008d9034a81a6e638775cfc9c83d60c8a95e42f48f0000000000000000000000000000000000000000000...2222220a202020202020202072657475726e207374722873656c662e62616c616e6365290a06800000000000000000000000000000000000000000'
sender_account = <eth_account.signers.local.LocalAccount object at 0x7a9d113ed0>
value = 0, sim_config = None

    def _send_transaction(
        self: GenLayerClient,
        encoded_data: HexStr,
        sender_account: Optional[LocalAccount] = None,
        value: int = 0,
        sim_config: Optional[SimConfig] = None,
    ):
        if sender_account is None:
            raise GenLayerError(
                "No account set. Configure the client with an account or pass an account to this function."
            )
    
        if self.chain.consensus_main_contract is None:
            raise GenLayerError(
                f'Consensus main contract address not found in chain config for "{self.chain.name}".',
            )
    
        try:
            transaction = _prepare_transaction(
                self=self,
                sender=sender_account.address,
                recipient=self.chain.consensus_main_contract["address"],
                data=encoded_data,
                value=value,
            )
            signed_transaction = sender_account.sign_transaction(transaction)
            serialized_transaction = self.w3.to_hex(signed_transaction.raw_transaction)
            params = [serialized_transaction]
            if sim_config is not None:
                params.append(sim_config)
            tx_hash = self.provider.make_request(
                method="eth_sendRawTransaction", params=params
            )["result"]
        except Exception as exc:
            raise GenLayerError(f"Transaction failed: {_format_rpc_error(exc)}") from exc
        tx_receipt = self.w3.eth.wait_for_transaction_receipt(tx_hash)
    
        if tx_receipt.status != 1:
            reason = _receipt_revert_reason(self, tx_hash)
            suffix = f" {reason}" if reason else ""
>           raise GenLayerError(
                f"Transaction reverted: EVM tx {tx_hash} to consensus contract "
                f"{self.chain.consensus_main_contract['address']} was reverted.{suffix}"
            )
E           genlayer_py.exceptions.GenLayerError: Transaction reverted: EVM tx 0x26d141fd97d3a3b9fb8c4d799176bc1ca9b1506483449a52b1d771d4da1c5954 to consensus contract 0xb7278A61aa25c888815aFC32Ad3cC52fF24fE575 was reverted. FeesDistributionMissing

../../usr/lib/python3.13/site-packages/genlayer_py/contracts/actions.py:1319: GenLayerError

The above exception was the direct cause of the following exception:

    @pytest.fixture
    def arbiter():
        factory = get_contract_factory("Arbiter")
>       return factory.deploy()
               ^^^^^^^^^^^^^^^^

tests/test_arbiter_smoke.py:9: 
_ _ _ _ _ _ _ _ _ _ _ _ _ _ _ _ _ _ _ _ _ _ _ _ _ _ _ _ _ _ _ _ _ _ _ _ _ _ _ _ 
../../usr/lib/python3.13/site-packages/gltest/contracts/contract_factory.py:148: in deploy
    receipt = self.deploy_contract_tx(
_ _ _ _ _ _ _ _ _ _ _ _ _ _ _ _ _ _ _ _ _ _ _ _ _ _ _ _ _ _ _ _ _ _ _ _ _ _ _ _ 

self = ContractFactory(contract_name='Arbiter', contract_code='# { "Depends": "py-genlayer:5jycge4q8k23462jtb0b9fyey1s9qz928s... finalize /\n        recovery to verify that value actually left the contract."""\n        return str(self.balance)\n')
args = None, account = None, consensus_max_rotations = None, fees = None
fee_value = None, wait_until = None, wait_interval = None, wait_retries = None
wait_transaction_status = <ProtocolTransactionStatus.ACCEPTED: 'Accepted'>
wait_triggered_transactions = False
wait_triggered_transactions_status = <ProtocolTransactionStatus.ACCEPTED: 'Accepted'>
transaction_context = None

    def deploy_contract_tx(
        self,
        args: Optional[List[CalldataEncodable]] = None,
        account: Optional[LocalAccount] = None,
        consensus_max_rotations: Optional[int] = None,
        fees: Optional[Dict[str, Any]] = None,
        fee_value: Optional[int] = None,
        wait_until: Optional[Literal["decided", "finalized"]] = None,
        wait_interval: Optional[int] = None,
        wait_retries: Optional[int] = None,
        wait_transaction_status: ProtocolTransactionStatus = ProtocolTransactionStatus.ACCEPTED,
        wait_triggered_transactions: bool = False,
        wait_triggered_transactions_status: ProtocolTransactionStatus = ProtocolTransactionStatus.ACCEPTED,
        transaction_context: Optional[TransactionContext] = None,
    ) -> GenLayerTransaction:
        """
        Deploy the contract and return the transaction receipt.
        """
        general_config = get_general_config()
        actual_wait_interval = (
            wait_interval
            if wait_interval is not None
            else general_config.get_default_wait_interval()
        )
        actual_wait_retries = (
            wait_retries
            if wait_retries is not None
            else general_config.get_default_wait_retries()
        )
        leader_only = (
            general_config.get_leader_only()
            if general_config.check_studio_based_rpc()
            else False
        )
    
        client = get_gl_client()
        try:
            sim_config = None
            if transaction_context:
                try:
                    sim_config = SimConfig(**transaction_context)
                except TypeError as e:
                    raise ValueError(
                        f"Invalid transaction_context keys: {sorted(transaction_context.keys())}"
                    ) from e
            tx_hash = client.deploy_contract(
                code=self.contract_code,
                args=args,
                account=account,
                consensus_max_rotations=consensus_max_rotations,
                leader_only=leader_only,
                **_fee_kwargs(client.deploy_contract, fees, fee_value),
                sim_config=sim_config,
            )
            tx_receipt = wait_for_transaction_receipt(
                client,
                transaction_hash=tx_hash,
                wait_until=wait_until
                or wait_until_from_status(wait_transaction_status),
                interval=actual_wait_interval,
                retries=actual_wait_retries,
            )
            maybe_record_fee_observation(kind="deploy", receipt=tx_receipt)
            if wait_triggered_transactions:
                triggered_transactions = tx_receipt.get("triggered_transactions", [])
                for triggered_transaction in triggered_transactions:
                    wait_for_transaction_receipt(
                        client,
                        transaction_hash=triggered_transaction,
                        wait_until=wait_until_from_status(
                            wait_triggered_transactions_status
                        ),
                        interval=actual_wait_interval,
                        retries=actual_wait_retries,
                    )
            return tx_receipt
        except Exception as e:
>           raise DeploymentError(
                f"Failed to deploy contract {self.contract_name}: {str(e)}"
            ) from e
E           gltest.exceptions.DeploymentError: Failed to deploy contract Arbiter: Transaction reverted: EVM tx 0x26d141fd97d3a3b9fb8c4d799176bc1ca9b1506483449a52b1d771d4da1c5954 to consensus contract 0xb7278A61aa25c888815aFC32Ad3cC52fF24fE575 was reverted. FeesDistributionMissing

../../usr/lib/python3.13/site-packages/gltest/contracts/contract_factory.py:246: DeploymentError
____ ERROR at setup of test_milestone_dispute_appeal_and_parent_resolution _____

self = ContractFactory(contract_name='Arbiter', contract_code='# { "Depends": "py-genlayer:5jycge4q8k23462jtb0b9fyey1s9qz928s... finalize /\n        recovery to verify that value actually left the contract."""\n        return str(self.balance)\n')
args = None, account = None, consensus_max_rotations = None, fees = None
fee_value = None, wait_until = None, wait_interval = None, wait_retries = None
wait_transaction_status = <ProtocolTransactionStatus.ACCEPTED: 'Accepted'>
wait_triggered_transactions = False
wait_triggered_transactions_status = <ProtocolTransactionStatus.ACCEPTED: 'Accepted'>
transaction_context = None

    def deploy_contract_tx(
        self,
        args: Optional[List[CalldataEncodable]] = None,
        account: Optional[LocalAccount] = None,
        consensus_max_rotations: Optional[int] = None,
        fees: Optional[Dict[str, Any]] = None,
        fee_value: Optional[int] = None,
        wait_until: Optional[Literal["decided", "finalized"]] = None,
        wait_interval: Optional[int] = None,
        wait_retries: Optional[int] = None,
        wait_transaction_status: ProtocolTransactionStatus = ProtocolTransactionStatus.ACCEPTED,
        wait_triggered_transactions: bool = False,
        wait_triggered_transactions_status: ProtocolTransactionStatus = ProtocolTransactionStatus.ACCEPTED,
        transaction_context: Optional[TransactionContext] = None,
    ) -> GenLayerTransaction:
        """
        Deploy the contract and return the transaction receipt.
        """
        general_config = get_general_config()
        actual_wait_interval = (
            wait_interval
            if wait_interval is not None
            else general_config.get_default_wait_interval()
        )
        actual_wait_retries = (
            wait_retries
            if wait_retries is not None
            else general_config.get_default_wait_retries()
        )
        leader_only = (
            general_config.get_leader_only()
            if general_config.check_studio_based_rpc()
            else False
        )
    
        client = get_gl_client()
        try:
            sim_config = None
            if transaction_context:
                try:
                    sim_config = SimConfig(**transaction_context)
                except TypeError as e:
                    raise ValueError(
                        f"Invalid transaction_context keys: {sorted(transaction_context.keys())}"
                    ) from e
>           tx_hash = client.deploy_contract(
                code=self.contract_code,
                args=args,
                account=account,
                consensus_max_rotations=consensus_max_rotations,
                leader_only=leader_only,
                **_fee_kwargs(client.deploy_contract, fees, fee_value),
                sim_config=sim_config,
            )

../../usr/lib/python3.13/site-packages/gltest/contracts/contract_factory.py:214: 
_ _ _ _ _ _ _ _ _ _ _ _ _ _ _ _ _ _ _ _ _ _ _ _ _ _ _ _ _ _ _ _ _ _ _ _ _ _ _ _ 
../../usr/lib/python3.13/site-packages/genlayer_py/client/genlayer_client.py:232: in deploy_contract
    return deploy_contract(
../../usr/lib/python3.13/site-packages/genlayer_py/contracts/actions.py:217: in deploy_contract
    return _send_transaction(
_ _ _ _ _ _ _ _ _ _ _ _ _ _ _ _ _ _ _ _ _ _ _ _ _ _ _ _ _ _ _ _ _ _ _ _ _ _ _ _ 

self = <genlayer_py.client.genlayer_client.GenLayerClient object at 0x7a9d2a3cb0>
encoded_data = '0x27241a990000000000000000000000008d9034a81a6e638775cfc9c83d60c8a95e42f48f0000000000000000000000000000000000000000000...2222220a202020202020202072657475726e207374722873656c662e62616c616e6365290a06800000000000000000000000000000000000000000'
sender_account = <eth_account.signers.local.LocalAccount object at 0x7a9d113ed0>
value = 0, sim_config = None

    def _send_transaction(
        self: GenLayerClient,
        encoded_data: HexStr,
        sender_account: Optional[LocalAccount] = None,
        value: int = 0,
        sim_config: Optional[SimConfig] = None,
    ):
        if sender_account is None:
            raise GenLayerError(
                "No account set. Configure the client with an account or pass an account to this function."
            )
    
        if self.chain.consensus_main_contract is None:
            raise GenLayerError(
                f'Consensus main contract address not found in chain config for "{self.chain.name}".',
            )
    
        try:
            transaction = _prepare_transaction(
                self=self,
                sender=sender_account.address,
                recipient=self.chain.consensus_main_contract["address"],
                data=encoded_data,
                value=value,
            )
            signed_transaction = sender_account.sign_transaction(transaction)
            serialized_transaction = self.w3.to_hex(signed_transaction.raw_transaction)
            params = [serialized_transaction]
            if sim_config is not None:
                params.append(sim_config)
            tx_hash = self.provider.make_request(
                method="eth_sendRawTransaction", params=params
            )["result"]
        except Exception as exc:
            raise GenLayerError(f"Transaction failed: {_format_rpc_error(exc)}") from exc
        tx_receipt = self.w3.eth.wait_for_transaction_receipt(tx_hash)
    
        if tx_receipt.status != 1:
            reason = _receipt_revert_reason(self, tx_hash)
            suffix = f" {reason}" if reason else ""
>           raise GenLayerError(
                f"Transaction reverted: EVM tx {tx_hash} to consensus contract "
                f"{self.chain.consensus_main_contract['address']} was reverted.{suffix}"
            )
E           genlayer_py.exceptions.GenLayerError: Transaction reverted: EVM tx 0x66a205f3812dfe851c2100e14d638acd469973f24586d632980b9824b6d82f38 to consensus contract 0xb7278A61aa25c888815aFC32Ad3cC52fF24fE575 was reverted. FeesDistributionMissing

../../usr/lib/python3.13/site-packages/genlayer_py/contracts/actions.py:1319: GenLayerError

The above exception was the direct cause of the following exception:

    @pytest.fixture
    def arbiter():
        factory = get_contract_factory("Arbiter")
>       return factory.deploy()
               ^^^^^^^^^^^^^^^^

tests/test_arbiter_smoke.py:9: 
_ _ _ _ _ _ _ _ _ _ _ _ _ _ _ _ _ _ _ _ _ _ _ _ _ _ _ _ _ _ _ _ _ _ _ _ _ _ _ _ 
../../usr/lib/python3.13/site-packages/gltest/contracts/contract_factory.py:148: in deploy
    receipt = self.deploy_contract_tx(
_ _ _ _ _ _ _ _ _ _ _ _ _ _ _ _ _ _ _ _ _ _ _ _ _ _ _ _ _ _ _ _ _ _ _ _ _ _ _ _ 

self = ContractFactory(contract_name='Arbiter', contract_code='# { "Depends": "py-genlayer:5jycge4q8k23462jtb0b9fyey1s9qz928s... finalize /\n        recovery to verify that value actually left the contract."""\n        return str(self.balance)\n')
args = None, account = None, consensus_max_rotations = None, fees = None
fee_value = None, wait_until = None, wait_interval = None, wait_retries = None
wait_transaction_status = <ProtocolTransactionStatus.ACCEPTED: 'Accepted'>
wait_triggered_transactions = False
wait_triggered_transactions_status = <ProtocolTransactionStatus.ACCEPTED: 'Accepted'>
transaction_context = None

    def deploy_contract_tx(
        self,
        args: Optional[List[CalldataEncodable]] = None,
        account: Optional[LocalAccount] = None,
        consensus_max_rotations: Optional[int] = None,
        fees: Optional[Dict[str, Any]] = None,
        fee_value: Optional[int] = None,
        wait_until: Optional[Literal["decided", "finalized"]] = None,
        wait_interval: Optional[int] = None,
        wait_retries: Optional[int] = None,
        wait_transaction_status: ProtocolTransactionStatus = ProtocolTransactionStatus.ACCEPTED,
        wait_triggered_transactions: bool = False,
        wait_triggered_transactions_status: ProtocolTransactionStatus = ProtocolTransactionStatus.ACCEPTED,
        transaction_context: Optional[TransactionContext] = None,
    ) -> GenLayerTransaction:
        """
        Deploy the contract and return the transaction receipt.
        """
        general_config = get_general_config()
        actual_wait_interval = (
            wait_interval
            if wait_interval is not None
            else general_config.get_default_wait_interval()
        )
        actual_wait_retries = (
            wait_retries
            if wait_retries is not None
            else general_config.get_default_wait_retries()
        )
        leader_only = (
            general_config.get_leader_only()
            if general_config.check_studio_based_rpc()
            else False
        )
    
        client = get_gl_client()
        try:
            sim_config = None
            if transaction_context:
                try:
                    sim_config = SimConfig(**transaction_context)
                except TypeError as e:
                    raise ValueError(
                        f"Invalid transaction_context keys: {sorted(transaction_context.keys())}"
                    ) from e
            tx_hash = client.deploy_contract(
                code=self.contract_code,
                args=args,
                account=account,
                consensus_max_rotations=consensus_max_rotations,
                leader_only=leader_only,
                **_fee_kwargs(client.deploy_contract, fees, fee_value),
                sim_config=sim_config,
            )
            tx_receipt = wait_for_transaction_receipt(
                client,
                transaction_hash=tx_hash,
                wait_until=wait_until
                or wait_until_from_status(wait_transaction_status),
                interval=actual_wait_interval,
                retries=actual_wait_retries,
            )
            maybe_record_fee_observation(kind="deploy", receipt=tx_receipt)
            if wait_triggered_transactions:
                triggered_transactions = tx_receipt.get("triggered_transactions", [])
                for triggered_transaction in triggered_transactions:
                    wait_for_transaction_receipt(
                        client,
                        transaction_hash=triggered_transaction,
                        wait_until=wait_until_from_status(
                            wait_triggered_transactions_status
                        ),
                        interval=actual_wait_interval,
                        retries=actual_wait_retries,
                    )
            return tx_receipt
        except Exception as e:
>           raise DeploymentError(
                f"Failed to deploy contract {self.contract_name}: {str(e)}"
            ) from e
E           gltest.exceptions.DeploymentError: Failed to deploy contract Arbiter: Transaction reverted: EVM tx 0x66a205f3812dfe851c2100e14d638acd469973f24586d632980b9824b6d82f38 to consensus contract 0xb7278A61aa25c888815aFC32Ad3cC52fF24fE575 was reverted. FeesDistributionMissing

../../usr/lib/python3.13/site-packages/gltest/contracts/contract_factory.py:246: DeploymentError
______________ ERROR at setup of test_url_submission_pins_digest _______________

self = ContractFactory(contract_name='Arbiter', contract_code='# { "Depends": "py-genlayer:5jycge4q8k23462jtb0b9fyey1s9qz928s... finalize /\n        recovery to verify that value actually left the contract."""\n        return str(self.balance)\n')
args = None, account = None, consensus_max_rotations = None, fees = None
fee_value = None, wait_until = None, wait_interval = None, wait_retries = None
wait_transaction_status = <ProtocolTransactionStatus.ACCEPTED: 'Accepted'>
wait_triggered_transactions = False
wait_triggered_transactions_status = <ProtocolTransactionStatus.ACCEPTED: 'Accepted'>
transaction_context = None

    def deploy_contract_tx(
        self,
        args: Optional[List[CalldataEncodable]] = None,
        account: Optional[LocalAccount] = None,
        consensus_max_rotations: Optional[int] = None,
        fees: Optional[Dict[str, Any]] = None,
        fee_value: Optional[int] = None,
        wait_until: Optional[Literal["decided", "finalized"]] = None,
        wait_interval: Optional[int] = None,
        wait_retries: Optional[int] = None,
        wait_transaction_status: ProtocolTransactionStatus = ProtocolTransactionStatus.ACCEPTED,
        wait_triggered_transactions: bool = False,
        wait_triggered_transactions_status: ProtocolTransactionStatus = ProtocolTransactionStatus.ACCEPTED,
        transaction_context: Optional[TransactionContext] = None,
    ) -> GenLayerTransaction:
        """
        Deploy the contract and return the transaction receipt.
        """
        general_config = get_general_config()
        actual_wait_interval = (
            wait_interval
            if wait_interval is not None
            else general_config.get_default_wait_interval()
        )
        actual_wait_retries = (
            wait_retries
            if wait_retries is not None
            else general_config.get_default_wait_retries()
        )
        leader_only = (
            general_config.get_leader_only()
            if general_config.check_studio_based_rpc()
            else False
        )
    
        client = get_gl_client()
        try:
            sim_config = None
            if transaction_context:
                try:
                    sim_config = SimConfig(**transaction_context)
                except TypeError as e:
                    raise ValueError(
                        f"Invalid transaction_context keys: {sorted(transaction_context.keys())}"
                    ) from e
>           tx_hash = client.deploy_contract(
                code=self.contract_code,
                args=args,
                account=account,
                consensus_max_rotations=consensus_max_rotations,
                leader_only=leader_only,
                **_fee_kwargs(client.deploy_contract, fees, fee_value),
                sim_config=sim_config,
            )

../../usr/lib/python3.13/site-packages/gltest/contracts/contract_factory.py:214: 
_ _ _ _ _ _ _ _ _ _ _ _ _ _ _ _ _ _ _ _ _ _ _ _ _ _ _ _ _ _ _ _ _ _ _ _ _ _ _ _ 
../../usr/lib/python3.13/site-packages/genlayer_py/client/genlayer_client.py:232: in deploy_contract
    return deploy_contract(
../../usr/lib/python3.13/site-packages/genlayer_py/contracts/actions.py:217: in deploy_contract
    return _send_transaction(
_ _ _ _ _ _ _ _ _ _ _ _ _ _ _ _ _ _ _ _ _ _ _ _ _ _ _ _ _ _ _ _ _ _ _ _ _ _ _ _ 

self = <genlayer_py.client.genlayer_client.GenLayerClient object at 0x7a9d2a3cb0>
encoded_data = '0x27241a990000000000000000000000008d9034a81a6e638775cfc9c83d60c8a95e42f48f0000000000000000000000000000000000000000000...2222220a202020202020202072657475726e207374722873656c662e62616c616e6365290a06800000000000000000000000000000000000000000'
sender_account = <eth_account.signers.local.LocalAccount object at 0x7a9d113ed0>
value = 0, sim_config = None

    def _send_transaction(
        self: GenLayerClient,
        encoded_data: HexStr,
        sender_account: Optional[LocalAccount] = None,
        value: int = 0,
        sim_config: Optional[SimConfig] = None,
    ):
        if sender_account is None:
            raise GenLayerError(
                "No account set. Configure the client with an account or pass an account to this function."
            )
    
        if self.chain.consensus_main_contract is None:
            raise GenLayerError(
                f'Consensus main contract address not found in chain config for "{self.chain.name}".',
            )
    
        try:
            transaction = _prepare_transaction(
                self=self,
                sender=sender_account.address,
                recipient=self.chain.consensus_main_contract["address"],
                data=encoded_data,
                value=value,
            )
            signed_transaction = sender_account.sign_transaction(transaction)
            serialized_transaction = self.w3.to_hex(signed_transaction.raw_transaction)
            params = [serialized_transaction]
            if sim_config is not None:
                params.append(sim_config)
            tx_hash = self.provider.make_request(
                method="eth_sendRawTransaction", params=params
            )["result"]
        except Exception as exc:
            raise GenLayerError(f"Transaction failed: {_format_rpc_error(exc)}") from exc
        tx_receipt = self.w3.eth.wait_for_transaction_receipt(tx_hash)
    
        if tx_receipt.status != 1:
            reason = _receipt_revert_reason(self, tx_hash)
            suffix = f" {reason}" if reason else ""
>           raise GenLayerError(
                f"Transaction reverted: EVM tx {tx_hash} to consensus contract "
                f"{self.chain.consensus_main_contract['address']} was reverted.{suffix}"
            )
E           genlayer_py.exceptions.GenLayerError: Transaction reverted: EVM tx 0x852247cae26fa70f08584991820c3d244023964955ea5261d61a08653276ad9a to consensus contract 0xb7278A61aa25c888815aFC32Ad3cC52fF24fE575 was reverted. FeesDistributionMissing

../../usr/lib/python3.13/site-packages/genlayer_py/contracts/actions.py:1319: GenLayerError

The above exception was the direct cause of the following exception:

    @pytest.fixture
    def arbiter():
        factory = get_contract_factory("Arbiter")
>       return factory.deploy()
               ^^^^^^^^^^^^^^^^

tests/test_arbiter_smoke.py:9: 
_ _ _ _ _ _ _ _ _ _ _ _ _ _ _ _ _ _ _ _ _ _ _ _ _ _ _ _ _ _ _ _ _ _ _ _ _ _ _ _ 
../../usr/lib/python3.13/site-packages/gltest/contracts/contract_factory.py:148: in deploy
    receipt = self.deploy_contract_tx(
_ _ _ _ _ _ _ _ _ _ _ _ _ _ _ _ _ _ _ _ _ _ _ _ _ _ _ _ _ _ _ _ _ _ _ _ _ _ _ _ 

self = ContractFactory(contract_name='Arbiter', contract_code='# { "Depends": "py-genlayer:5jycge4q8k23462jtb0b9fyey1s9qz928s... finalize /\n        recovery to verify that value actually left the contract."""\n        return str(self.balance)\n')
args = None, account = None, consensus_max_rotations = None, fees = None
fee_value = None, wait_until = None, wait_interval = None, wait_retries = None
wait_transaction_status = <ProtocolTransactionStatus.ACCEPTED: 'Accepted'>
wait_triggered_transactions = False
wait_triggered_transactions_status = <ProtocolTransactionStatus.ACCEPTED: 'Accepted'>
transaction_context = None

    def deploy_contract_tx(
        self,
        args: Optional[List[CalldataEncodable]] = None,
        account: Optional[LocalAccount] = None,
        consensus_max_rotations: Optional[int] = None,
        fees: Optional[Dict[str, Any]] = None,
        fee_value: Optional[int] = None,
        wait_until: Optional[Literal["decided", "finalized"]] = None,
        wait_interval: Optional[int] = None,
        wait_retries: Optional[int] = None,
        wait_transaction_status: ProtocolTransactionStatus = ProtocolTransactionStatus.ACCEPTED,
        wait_triggered_transactions: bool = False,
        wait_triggered_transactions_status: ProtocolTransactionStatus = ProtocolTransactionStatus.ACCEPTED,
        transaction_context: Optional[TransactionContext] = None,
    ) -> GenLayerTransaction:
        """
        Deploy the contract and return the transaction receipt.
        """
        general_config = get_general_config()
        actual_wait_interval = (
            wait_interval
            if wait_interval is not None
            else general_config.get_default_wait_interval()
        )
        actual_wait_retries = (
            wait_retries
            if wait_retries is not None
            else general_config.get_default_wait_retries()
        )
        leader_only = (
            general_config.get_leader_only()
            if general_config.check_studio_based_rpc()
            else False
        )
    
        client = get_gl_client()
        try:
            sim_config = None
            if transaction_context:
                try:
                    sim_config = SimConfig(**transaction_context)
                except TypeError as e:
                    raise ValueError(
                        f"Invalid transaction_context keys: {sorted(transaction_context.keys())}"
                    ) from e
            tx_hash = client.deploy_contract(
                code=self.contract_code,
                args=args,
                account=account,
                consensus_max_rotations=consensus_max_rotations,
                leader_only=leader_only,
                **_fee_kwargs(client.deploy_contract, fees, fee_value),
                sim_config=sim_config,
            )
            tx_receipt = wait_for_transaction_receipt(
                client,
                transaction_hash=tx_hash,
                wait_until=wait_until
                or wait_until_from_status(wait_transaction_status),
                interval=actual_wait_interval,
                retries=actual_wait_retries,
            )
            maybe_record_fee_observation(kind="deploy", receipt=tx_receipt)
            if wait_triggered_transactions:
                triggered_transactions = tx_receipt.get("triggered_transactions", [])
                for triggered_transaction in triggered_transactions:
                    wait_for_transaction_receipt(
                        client,
                        transaction_hash=triggered_transaction,
                        wait_until=wait_until_from_status(
                            wait_triggered_transactions_status
                        ),
                        interval=actual_wait_interval,
                        retries=actual_wait_retries,
                    )
            return tx_receipt
        except Exception as e:
>           raise DeploymentError(
                f"Failed to deploy contract {self.contract_name}: {str(e)}"
            ) from e
E           gltest.exceptions.DeploymentError: Failed to deploy contract Arbiter: Transaction reverted: EVM tx 0x852247cae26fa70f08584991820c3d244023964955ea5261d61a08653276ad9a to consensus contract 0xb7278A61aa25c888815aFC32Ad3cC52fF24fE575 was reverted. FeesDistributionMissing

../../usr/lib/python3.13/site-packages/gltest/contracts/contract_factory.py:246: DeploymentError
___________ ERROR at setup of test_url_dispute_uses_pinned_evidence ____________

self = ContractFactory(contract_name='Arbiter', contract_code='# { "Depends": "py-genlayer:5jycge4q8k23462jtb0b9fyey1s9qz928s... finalize /\n        recovery to verify that value actually left the contract."""\n        return str(self.balance)\n')
args = None, account = None, consensus_max_rotations = None, fees = None
fee_value = None, wait_until = None, wait_interval = None, wait_retries = None
wait_transaction_status = <ProtocolTransactionStatus.ACCEPTED: 'Accepted'>
wait_triggered_transactions = False
wait_triggered_transactions_status = <ProtocolTransactionStatus.ACCEPTED: 'Accepted'>
transaction_context = None

    def deploy_contract_tx(
        self,
        args: Optional[List[CalldataEncodable]] = None,
        account: Optional[LocalAccount] = None,
        consensus_max_rotations: Optional[int] = None,
        fees: Optional[Dict[str, Any]] = None,
        fee_value: Optional[int] = None,
        wait_until: Optional[Literal["decided", "finalized"]] = None,
        wait_interval: Optional[int] = None,
        wait_retries: Optional[int] = None,
        wait_transaction_status: ProtocolTransactionStatus = ProtocolTransactionStatus.ACCEPTED,
        wait_triggered_transactions: bool = False,
        wait_triggered_transactions_status: ProtocolTransactionStatus = ProtocolTransactionStatus.ACCEPTED,
        transaction_context: Optional[TransactionContext] = None,
    ) -> GenLayerTransaction:
        """
        Deploy the contract and return the transaction receipt.
        """
        general_config = get_general_config()
        actual_wait_interval = (
            wait_interval
            if wait_interval is not None
            else general_config.get_default_wait_interval()
        )
        actual_wait_retries = (
            wait_retries
            if wait_retries is not None
            else general_config.get_default_wait_retries()
        )
        leader_only = (
            general_config.get_leader_only()
            if general_config.check_studio_based_rpc()
            else False
        )
    
        client = get_gl_client()
        try:
            sim_config = None
            if transaction_context:
                try:
                    sim_config = SimConfig(**transaction_context)
                except TypeError as e:
                    raise ValueError(
                        f"Invalid transaction_context keys: {sorted(transaction_context.keys())}"
                    ) from e
>           tx_hash = client.deploy_contract(
                code=self.contract_code,
                args=args,
                account=account,
                consensus_max_rotations=consensus_max_rotations,
                leader_only=leader_only,
                **_fee_kwargs(client.deploy_contract, fees, fee_value),
                sim_config=sim_config,
            )

../../usr/lib/python3.13/site-packages/gltest/contracts/contract_factory.py:214: 
_ _ _ _ _ _ _ _ _ _ _ _ _ _ _ _ _ _ _ _ _ _ _ _ _ _ _ _ _ _ _ _ _ _ _ _ _ _ _ _ 
../../usr/lib/python3.13/site-packages/genlayer_py/client/genlayer_client.py:232: in deploy_contract
    return deploy_contract(
../../usr/lib/python3.13/site-packages/genlayer_py/contracts/actions.py:217: in deploy_contract
    return _send_transaction(
_ _ _ _ _ _ _ _ _ _ _ _ _ _ _ _ _ _ _ _ _ _ _ _ _ _ _ _ _ _ _ _ _ _ _ _ _ _ _ _ 

self = <genlayer_py.client.genlayer_client.GenLayerClient object at 0x7a9d2a3cb0>
encoded_data = '0x27241a990000000000000000000000008d9034a81a6e638775cfc9c83d60c8a95e42f48f0000000000000000000000000000000000000000000...2222220a202020202020202072657475726e207374722873656c662e62616c616e6365290a06800000000000000000000000000000000000000000'
sender_account = <eth_account.signers.local.LocalAccount object at 0x7a9d113ed0>
value = 0, sim_config = None

    def _send_transaction(
        self: GenLayerClient,
        encoded_data: HexStr,
        sender_account: Optional[LocalAccount] = None,
        value: int = 0,
        sim_config: Optional[SimConfig] = None,
    ):
        if sender_account is None:
            raise GenLayerError(
                "No account set. Configure the client with an account or pass an account to this function."
            )
    
        if self.chain.consensus_main_contract is None:
            raise GenLayerError(
                f'Consensus main contract address not found in chain config for "{self.chain.name}".',
            )
    
        try:
            transaction = _prepare_transaction(
                self=self,
                sender=sender_account.address,
                recipient=self.chain.consensus_main_contract["address"],
                data=encoded_data,
                value=value,
            )
            signed_transaction = sender_account.sign_transaction(transaction)
            serialized_transaction = self.w3.to_hex(signed_transaction.raw_transaction)
            params = [serialized_transaction]
            if sim_config is not None:
                params.append(sim_config)
            tx_hash = self.provider.make_request(
                method="eth_sendRawTransaction", params=params
            )["result"]
        except Exception as exc:
            raise GenLayerError(f"Transaction failed: {_format_rpc_error(exc)}") from exc
        tx_receipt = self.w3.eth.wait_for_transaction_receipt(tx_hash)
    
        if tx_receipt.status != 1:
            reason = _receipt_revert_reason(self, tx_hash)
            suffix = f" {reason}" if reason else ""
>           raise GenLayerError(
                f"Transaction reverted: EVM tx {tx_hash} to consensus contract "
                f"{self.chain.consensus_main_contract['address']} was reverted.{suffix}"
            )
E           genlayer_py.exceptions.GenLayerError: Transaction reverted: EVM tx 0x278485c4c659682b9831743265b2ace1185cea33d74fe95dba7740fd675e8127 to consensus contract 0xb7278A61aa25c888815aFC32Ad3cC52fF24fE575 was reverted. FeesDistributionMissing

../../usr/lib/python3.13/site-packages/genlayer_py/contracts/actions.py:1319: GenLayerError

The above exception was the direct cause of the following exception:

    @pytest.fixture
    def arbiter():
        factory = get_contract_factory("Arbiter")
>       return factory.deploy()
               ^^^^^^^^^^^^^^^^

tests/test_arbiter_smoke.py:9: 
_ _ _ _ _ _ _ _ _ _ _ _ _ _ _ _ _ _ _ _ _ _ _ _ _ _ _ _ _ _ _ _ _ _ _ _ _ _ _ _ 
../../usr/lib/python3.13/site-packages/gltest/contracts/contract_factory.py:148: in deploy
    receipt = self.deploy_contract_tx(
_ _ _ _ _ _ _ _ _ _ _ _ _ _ _ _ _ _ _ _ _ _ _ _ _ _ _ _ _ _ _ _ _ _ _ _ _ _ _ _ 

self = ContractFactory(contract_name='Arbiter', contract_code='# { "Depends": "py-genlayer:5jycge4q8k23462jtb0b9fyey1s9qz928s... finalize /\n        recovery to verify that value actually left the contract."""\n        return str(self.balance)\n')
args = None, account = None, consensus_max_rotations = None, fees = None
fee_value = None, wait_until = None, wait_interval = None, wait_retries = None
wait_transaction_status = <ProtocolTransactionStatus.ACCEPTED: 'Accepted'>
wait_triggered_transactions = False
wait_triggered_transactions_status = <ProtocolTransactionStatus.ACCEPTED: 'Accepted'>
transaction_context = None

    def deploy_contract_tx(
        self,
        args: Optional[List[CalldataEncodable]] = None,
        account: Optional[LocalAccount] = None,
        consensus_max_rotations: Optional[int] = None,
        fees: Optional[Dict[str, Any]] = None,
        fee_value: Optional[int] = None,
        wait_until: Optional[Literal["decided", "finalized"]] = None,
        wait_interval: Optional[int] = None,
        wait_retries: Optional[int] = None,
        wait_transaction_status: ProtocolTransactionStatus = ProtocolTransactionStatus.ACCEPTED,
        wait_triggered_transactions: bool = False,
        wait_triggered_transactions_status: ProtocolTransactionStatus = ProtocolTransactionStatus.ACCEPTED,
        transaction_context: Optional[TransactionContext] = None,
    ) -> GenLayerTransaction:
        """
        Deploy the contract and return the transaction receipt.
        """
        general_config = get_general_config()
        actual_wait_interval = (
            wait_interval
            if wait_interval is not None
            else general_config.get_default_wait_interval()
        )
        actual_wait_retries = (
            wait_retries
            if wait_retries is not None
            else general_config.get_default_wait_retries()
        )
        leader_only = (
            general_config.get_leader_only()
            if general_config.check_studio_based_rpc()
            else False
        )
    
        client = get_gl_client()
        try:
            sim_config = None
            if transaction_context:
                try:
                    sim_config = SimConfig(**transaction_context)
                except TypeError as e:
                    raise ValueError(
                        f"Invalid transaction_context keys: {sorted(transaction_context.keys())}"
                    ) from e
            tx_hash = client.deploy_contract(
                code=self.contract_code,
                args=args,
                account=account,
                consensus_max_rotations=consensus_max_rotations,
                leader_only=leader_only,
                **_fee_kwargs(client.deploy_contract, fees, fee_value),
                sim_config=sim_config,
            )
            tx_receipt = wait_for_transaction_receipt(
                client,
                transaction_hash=tx_hash,
                wait_until=wait_until
                or wait_until_from_status(wait_transaction_status),
                interval=actual_wait_interval,
                retries=actual_wait_retries,
            )
            maybe_record_fee_observation(kind="deploy", receipt=tx_receipt)
            if wait_triggered_transactions:
                triggered_transactions = tx_receipt.get("triggered_transactions", [])
                for triggered_transaction in triggered_transactions:
                    wait_for_transaction_receipt(
                        client,
                        transaction_hash=triggered_transaction,
                        wait_until=wait_until_from_status(
                            wait_triggered_transactions_status
                        ),
                        interval=actual_wait_interval,
                        retries=actual_wait_retries,
                    )
            return tx_receipt
        except Exception as e:
>           raise DeploymentError(
                f"Failed to deploy contract {self.contract_name}: {str(e)}"
            ) from e
E           gltest.exceptions.DeploymentError: Failed to deploy contract Arbiter: Transaction reverted: EVM tx 0x278485c4c659682b9831743265b2ace1185cea33d74fe95dba7740fd675e8127 to consensus contract 0xb7278A61aa25c888815aFC32Ad3cC52fF24fE575 was reverted. FeesDistributionMissing

../../usr/lib/python3.13/site-packages/gltest/contracts/contract_factory.py:246: DeploymentError
__________ ERROR at setup of test_finalize_before_appeal_window_fails __________

self = ContractFactory(contract_name='Arbiter', contract_code='# { "Depends": "py-genlayer:5jycge4q8k23462jtb0b9fyey1s9qz928s... finalize /\n        recovery to verify that value actually left the contract."""\n        return str(self.balance)\n')
args = None, account = None, consensus_max_rotations = None, fees = None
fee_value = None, wait_until = None, wait_interval = None, wait_retries = None
wait_transaction_status = <ProtocolTransactionStatus.ACCEPTED: 'Accepted'>
wait_triggered_transactions = False
wait_triggered_transactions_status = <ProtocolTransactionStatus.ACCEPTED: 'Accepted'>
transaction_context = None

    def deploy_contract_tx(
        self,
        args: Optional[List[CalldataEncodable]] = None,
        account: Optional[LocalAccount] = None,
        consensus_max_rotations: Optional[int] = None,
        fees: Optional[Dict[str, Any]] = None,
        fee_value: Optional[int] = None,
        wait_until: Optional[Literal["decided", "finalized"]] = None,
        wait_interval: Optional[int] = None,
        wait_retries: Optional[int] = None,
        wait_transaction_status: ProtocolTransactionStatus = ProtocolTransactionStatus.ACCEPTED,
        wait_triggered_transactions: bool = False,
        wait_triggered_transactions_status: ProtocolTransactionStatus = ProtocolTransactionStatus.ACCEPTED,
        transaction_context: Optional[TransactionContext] = None,
    ) -> GenLayerTransaction:
        """
        Deploy the contract and return the transaction receipt.
        """
        general_config = get_general_config()
        actual_wait_interval = (
            wait_interval
            if wait_interval is not None
            else general_config.get_default_wait_interval()
        )
        actual_wait_retries = (
            wait_retries
            if wait_retries is not None
            else general_config.get_default_wait_retries()
        )
        leader_only = (
            general_config.get_leader_only()
            if general_config.check_studio_based_rpc()
            else False
        )
    
        client = get_gl_client()
        try:
            sim_config = None
            if transaction_context:
                try:
                    sim_config = SimConfig(**transaction_context)
                except TypeError as e:
                    raise ValueError(
                        f"Invalid transaction_context keys: {sorted(transaction_context.keys())}"
                    ) from e
>           tx_hash = client.deploy_contract(
                code=self.contract_code,
                args=args,
                account=account,
                consensus_max_rotations=consensus_max_rotations,
                leader_only=leader_only,
                **_fee_kwargs(client.deploy_contract, fees, fee_value),
                sim_config=sim_config,
            )

../../usr/lib/python3.13/site-packages/gltest/contracts/contract_factory.py:214: 
_ _ _ _ _ _ _ _ _ _ _ _ _ _ _ _ _ _ _ _ _ _ _ _ _ _ _ _ _ _ _ _ _ _ _ _ _ _ _ _ 
../../usr/lib/python3.13/site-packages/genlayer_py/client/genlayer_client.py:232: in deploy_contract
    return deploy_contract(
../../usr/lib/python3.13/site-packages/genlayer_py/contracts/actions.py:217: in deploy_contract
    return _send_transaction(
_ _ _ _ _ _ _ _ _ _ _ _ _ _ _ _ _ _ _ _ _ _ _ _ _ _ _ _ _ _ _ _ _ _ _ _ _ _ _ _ 

self = <genlayer_py.client.genlayer_client.GenLayerClient object at 0x7a9d2a3cb0>
encoded_data = '0x27241a990000000000000000000000008d9034a81a6e638775cfc9c83d60c8a95e42f48f0000000000000000000000000000000000000000000...2222220a202020202020202072657475726e207374722873656c662e62616c616e6365290a06800000000000000000000000000000000000000000'
sender_account = <eth_account.signers.local.LocalAccount object at 0x7a9d113ed0>
value = 0, sim_config = None

    def _send_transaction(
        self: GenLayerClient,
        encoded_data: HexStr,
        sender_account: Optional[LocalAccount] = None,
        value: int = 0,
        sim_config: Optional[SimConfig] = None,
    ):
        if sender_account is None:
            raise GenLayerError(
                "No account set. Configure the client with an account or pass an account to this function."
            )
    
        if self.chain.consensus_main_contract is None:
            raise GenLayerError(
                f'Consensus main contract address not found in chain config for "{self.chain.name}".',
            )
    
        try:
            transaction = _prepare_transaction(
                self=self,
                sender=sender_account.address,
                recipient=self.chain.consensus_main_contract["address"],
                data=encoded_data,
                value=value,
            )
            signed_transaction = sender_account.sign_transaction(transaction)
            serialized_transaction = self.w3.to_hex(signed_transaction.raw_transaction)
            params = [serialized_transaction]
            if sim_config is not None:
                params.append(sim_config)
            tx_hash = self.provider.make_request(
                method="eth_sendRawTransaction", params=params
            )["result"]
        except Exception as exc:
            raise GenLayerError(f"Transaction failed: {_format_rpc_error(exc)}") from exc
        tx_receipt = self.w3.eth.wait_for_transaction_receipt(tx_hash)
    
        if tx_receipt.status != 1:
            reason = _receipt_revert_reason(self, tx_hash)
            suffix = f" {reason}" if reason else ""
>           raise GenLayerError(
                f"Transaction reverted: EVM tx {tx_hash} to consensus contract "
                f"{self.chain.consensus_main_contract['address']} was reverted.{suffix}"
            )
E           genlayer_py.exceptions.GenLayerError: Transaction reverted: EVM tx 0x894f548b7426a8df02d9e71c617d06002e3f228360acf8cce56a253d8dabaa66 to consensus contract 0xb7278A61aa25c888815aFC32Ad3cC52fF24fE575 was reverted. FeesDistributionMissing

../../usr/lib/python3.13/site-packages/genlayer_py/contracts/actions.py:1319: GenLayerError

The above exception was the direct cause of the following exception:

    @pytest.fixture
    def arbiter():
        factory = get_contract_factory("Arbiter")
>       return factory.deploy()
               ^^^^^^^^^^^^^^^^

tests/test_arbiter_smoke.py:9: 
_ _ _ _ _ _ _ _ _ _ _ _ _ _ _ _ _ _ _ _ _ _ _ _ _ _ _ _ _ _ _ _ _ _ _ _ _ _ _ _ 
../../usr/lib/python3.13/site-packages/gltest/contracts/contract_factory.py:148: in deploy
    receipt = self.deploy_contract_tx(
_ _ _ _ _ _ _ _ _ _ _ _ _ _ _ _ _ _ _ _ _ _ _ _ _ _ _ _ _ _ _ _ _ _ _ _ _ _ _ _ 

self = ContractFactory(contract_name='Arbiter', contract_code='# { "Depends": "py-genlayer:5jycge4q8k23462jtb0b9fyey1s9qz928s... finalize /\n        recovery to verify that value actually left the contract."""\n        return str(self.balance)\n')
args = None, account = None, consensus_max_rotations = None, fees = None
fee_value = None, wait_until = None, wait_interval = None, wait_retries = None
wait_transaction_status = <ProtocolTransactionStatus.ACCEPTED: 'Accepted'>
wait_triggered_transactions = False
wait_triggered_transactions_status = <ProtocolTransactionStatus.ACCEPTED: 'Accepted'>
transaction_context = None

    def deploy_contract_tx(
        self,
        args: Optional[List[CalldataEncodable]] = None,
        account: Optional[LocalAccount] = None,
        consensus_max_rotations: Optional[int] = None,
        fees: Optional[Dict[str, Any]] = None,
        fee_value: Optional[int] = None,
        wait_until: Optional[Literal["decided", "finalized"]] = None,
        wait_interval: Optional[int] = None,
        wait_retries: Optional[int] = None,
        wait_transaction_status: ProtocolTransactionStatus = ProtocolTransactionStatus.ACCEPTED,
        wait_triggered_transactions: bool = False,
        wait_triggered_transactions_status: ProtocolTransactionStatus = ProtocolTransactionStatus.ACCEPTED,
        transaction_context: Optional[TransactionContext] = None,
    ) -> GenLayerTransaction:
        """
        Deploy the contract and return the transaction receipt.
        """
        general_config = get_general_config()
        actual_wait_interval = (
            wait_interval
            if wait_interval is not None
            else general_config.get_default_wait_interval()
        )
        actual_wait_retries = (
            wait_retries
            if wait_retries is not None
            else general_config.get_default_wait_retries()
        )
        leader_only = (
            general_config.get_leader_only()
            if general_config.check_studio_based_rpc()
            else False
        )
    
        client = get_gl_client()
        try:
            sim_config = None
            if transaction_context:
                try:
                    sim_config = SimConfig(**transaction_context)
                except TypeError as e:
                    raise ValueError(
                        f"Invalid transaction_context keys: {sorted(transaction_context.keys())}"
                    ) from e
            tx_hash = client.deploy_contract(
                code=self.contract_code,
                args=args,
                account=account,
                consensus_max_rotations=consensus_max_rotations,
                leader_only=leader_only,
                **_fee_kwargs(client.deploy_contract, fees, fee_value),
                sim_config=sim_config,
            )
            tx_receipt = wait_for_transaction_receipt(
                client,
                transaction_hash=tx_hash,
                wait_until=wait_until
                or wait_until_from_status(wait_transaction_status),
                interval=actual_wait_interval,
                retries=actual_wait_retries,
            )
            maybe_record_fee_observation(kind="deploy", receipt=tx_receipt)
            if wait_triggered_transactions:
                triggered_transactions = tx_receipt.get("triggered_transactions", [])
                for triggered_transaction in triggered_transactions:
                    wait_for_transaction_receipt(
                        client,
                        transaction_hash=triggered_transaction,
                        wait_until=wait_until_from_status(
                            wait_triggered_transactions_status
                        ),
                        interval=actual_wait_interval,
                        retries=actual_wait_retries,
                    )
            return tx_receipt
        except Exception as e:
>           raise DeploymentError(
                f"Failed to deploy contract {self.contract_name}: {str(e)}"
            ) from e
E           gltest.exceptions.DeploymentError: Failed to deploy contract Arbiter: Transaction reverted: EVM tx 0x894f548b7426a8df02d9e71c617d06002e3f228360acf8cce56a253d8dabaa66 to consensus contract 0xb7278A61aa25c888815aFC32Ad3cC52fF24fE575 was reverted. FeesDistributionMissing

../../usr/lib/python3.13/site-packages/gltest/contracts/contract_factory.py:246: DeploymentError
=================================== FAILURES ===================================
______________________________ test_debug_deploy _______________________________

self = ContractFactory(contract_name='Arbiter', contract_code='# { "Depends": "py-genlayer:5jycge4q8k23462jtb0b9fyey1s9qz928s... finalize /\n        recovery to verify that value actually left the contract."""\n        return str(self.balance)\n')
args = None, account = None, consensus_max_rotations = None, fees = None
fee_value = None, wait_until = None, wait_interval = None, wait_retries = None
wait_transaction_status = <ProtocolTransactionStatus.ACCEPTED: 'Accepted'>
wait_triggered_transactions = False
wait_triggered_transactions_status = <ProtocolTransactionStatus.ACCEPTED: 'Accepted'>
transaction_context = None

    def deploy_contract_tx(
        self,
        args: Optional[List[CalldataEncodable]] = None,
        account: Optional[LocalAccount] = None,
        consensus_max_rotations: Optional[int] = None,
        fees: Optional[Dict[str, Any]] = None,
        fee_value: Optional[int] = None,
        wait_until: Optional[Literal["decided", "finalized"]] = None,
        wait_interval: Optional[int] = None,
        wait_retries: Optional[int] = None,
        wait_transaction_status: ProtocolTransactionStatus = ProtocolTransactionStatus.ACCEPTED,
        wait_triggered_transactions: bool = False,
        wait_triggered_transactions_status: ProtocolTransactionStatus = ProtocolTransactionStatus.ACCEPTED,
        transaction_context: Optional[TransactionContext] = None,
    ) -> GenLayerTransaction:
        """
        Deploy the contract and return the transaction receipt.
        """
        general_config = get_general_config()
        actual_wait_interval = (
            wait_interval
            if wait_interval is not None
            else general_config.get_default_wait_interval()
        )
        actual_wait_retries = (
            wait_retries
            if wait_retries is not None
            else general_config.get_default_wait_retries()
        )
        leader_only = (
            general_config.get_leader_only()
            if general_config.check_studio_based_rpc()
            else False
        )
    
        client = get_gl_client()
        try:
            sim_config = None
            if transaction_context:
                try:
                    sim_config = SimConfig(**transaction_context)
                except TypeError as e:
                    raise ValueError(
                        f"Invalid transaction_context keys: {sorted(transaction_context.keys())}"
                    ) from e
>           tx_hash = client.deploy_contract(
                code=self.contract_code,
                args=args,
                account=account,
                consensus_max_rotations=consensus_max_rotations,
                leader_only=leader_only,
                **_fee_kwargs(client.deploy_contract, fees, fee_value),
                sim_config=sim_config,
            )

../../usr/lib/python3.13/site-packages/gltest/contracts/contract_factory.py:214: 
_ _ _ _ _ _ _ _ _ _ _ _ _ _ _ _ _ _ _ _ _ _ _ _ _ _ _ _ _ _ _ _ _ _ _ _ _ _ _ _ 
../../usr/lib/python3.13/site-packages/genlayer_py/client/genlayer_client.py:232: in deploy_contract
    return deploy_contract(
../../usr/lib/python3.13/site-packages/genlayer_py/contracts/actions.py:217: in deploy_contract
    return _send_transaction(
_ _ _ _ _ _ _ _ _ _ _ _ _ _ _ _ _ _ _ _ _ _ _ _ _ _ _ _ _ _ _ _ _ _ _ _ _ _ _ _ 

self = <genlayer_py.client.genlayer_client.GenLayerClient object at 0x7a9d2a3cb0>
encoded_data = '0x27241a990000000000000000000000008d9034a81a6e638775cfc9c83d60c8a95e42f48f0000000000000000000000000000000000000000000...2222220a202020202020202072657475726e207374722873656c662e62616c616e6365290a06800000000000000000000000000000000000000000'
sender_account = <eth_account.signers.local.LocalAccount object at 0x7a9d113ed0>
value = 0, sim_config = None

    def _send_transaction(
        self: GenLayerClient,
        encoded_data: HexStr,
        sender_account: Optional[LocalAccount] = None,
        value: int = 0,
        sim_config: Optional[SimConfig] = None,
    ):
        if sender_account is None:
            raise GenLayerError(
                "No account set. Configure the client with an account or pass an account to this function."
            )
    
        if self.chain.consensus_main_contract is None:
            raise GenLayerError(
                f'Consensus main contract address not found in chain config for "{self.chain.name}".',
            )
    
        try:
            transaction = _prepare_transaction(
                self=self,
                sender=sender_account.address,
                recipient=self.chain.consensus_main_contract["address"],
                data=encoded_data,
                value=value,
            )
            signed_transaction = sender_account.sign_transaction(transaction)
            serialized_transaction = self.w3.to_hex(signed_transaction.raw_transaction)
            params = [serialized_transaction]
            if sim_config is not None:
                params.append(sim_config)
            tx_hash = self.provider.make_request(
                method="eth_sendRawTransaction", params=params
            )["result"]
        except Exception as exc:
            raise GenLayerError(f"Transaction failed: {_format_rpc_error(exc)}") from exc
        tx_receipt = self.w3.eth.wait_for_transaction_receipt(tx_hash)
    
        if tx_receipt.status != 1:
            reason = _receipt_revert_reason(self, tx_hash)
            suffix = f" {reason}" if reason else ""
>           raise GenLayerError(
                f"Transaction reverted: EVM tx {tx_hash} to consensus contract "
                f"{self.chain.consensus_main_contract['address']} was reverted.{suffix}"
            )
E           genlayer_py.exceptions.GenLayerError: Transaction reverted: EVM tx 0x20ada70a1ca8278d4e7c65dddecdde78ac9d5e54753368a7cec77ca6e24450e8 to consensus contract 0xb7278A61aa25c888815aFC32Ad3cC52fF24fE575 was reverted. FeesDistributionMissing

../../usr/lib/python3.13/site-packages/genlayer_py/contracts/actions.py:1319: GenLayerError

The above exception was the direct cause of the following exception:

    def test_debug_deploy():
        factory = get_contract_factory("Arbiter")
>       contract = factory.deploy()
                   ^^^^^^^^^^^^^^^^

tests/test_debug_deploy.py:6: 
_ _ _ _ _ _ _ _ _ _ _ _ _ _ _ _ _ _ _ _ _ _ _ _ _ _ _ _ _ _ _ _ _ _ _ _ _ _ _ _ 
../../usr/lib/python3.13/site-packages/gltest/contracts/contract_factory.py:148: in deploy
    receipt = self.deploy_contract_tx(
_ _ _ _ _ _ _ _ _ _ _ _ _ _ _ _ _ _ _ _ _ _ _ _ _ _ _ _ _ _ _ _ _ _ _ _ _ _ _ _ 

self = ContractFactory(contract_name='Arbiter', contract_code='# { "Depends": "py-genlayer:5jycge4q8k23462jtb0b9fyey1s9qz928s... finalize /\n        recovery to verify that value actually left the contract."""\n        return str(self.balance)\n')
args = None, account = None, consensus_max_rotations = None, fees = None
fee_value = None, wait_until = None, wait_interval = None, wait_retries = None
wait_transaction_status = <ProtocolTransactionStatus.ACCEPTED: 'Accepted'>
wait_triggered_transactions = False
wait_triggered_transactions_status = <ProtocolTransactionStatus.ACCEPTED: 'Accepted'>
transaction_context = None

    def deploy_contract_tx(
        self,
        args: Optional[List[CalldataEncodable]] = None,
        account: Optional[LocalAccount] = None,
        consensus_max_rotations: Optional[int] = None,
        fees: Optional[Dict[str, Any]] = None,
        fee_value: Optional[int] = None,
        wait_until: Optional[Literal["decided", "finalized"]] = None,
        wait_interval: Optional[int] = None,
        wait_retries: Optional[int] = None,
        wait_transaction_status: ProtocolTransactionStatus = ProtocolTransactionStatus.ACCEPTED,
        wait_triggered_transactions: bool = False,
        wait_triggered_transactions_status: ProtocolTransactionStatus = ProtocolTransactionStatus.ACCEPTED,
        transaction_context: Optional[TransactionContext] = None,
    ) -> GenLayerTransaction:
        """
        Deploy the contract and return the transaction receipt.
        """
        general_config = get_general_config()
        actual_wait_interval = (
            wait_interval
            if wait_interval is not None
            else general_config.get_default_wait_interval()
        )
        actual_wait_retries = (
            wait_retries
            if wait_retries is not None
            else general_config.get_default_wait_retries()
        )
        leader_only = (
            general_config.get_leader_only()
            if general_config.check_studio_based_rpc()
            else False
        )
    
        client = get_gl_client()
        try:
            sim_config = None
            if transaction_context:
                try:
                    sim_config = SimConfig(**transaction_context)
                except TypeError as e:
                    raise ValueError(
                        f"Invalid transaction_context keys: {sorted(transaction_context.keys())}"
                    ) from e
            tx_hash = client.deploy_contract(
                code=self.contract_code,
                args=args,
                account=account,
                consensus_max_rotations=consensus_max_rotations,
                leader_only=leader_only,
                **_fee_kwargs(client.deploy_contract, fees, fee_value),
                sim_config=sim_config,
            )
            tx_receipt = wait_for_transaction_receipt(
                client,
                transaction_hash=tx_hash,
                wait_until=wait_until
                or wait_until_from_status(wait_transaction_status),
                interval=actual_wait_interval,
                retries=actual_wait_retries,
            )
            maybe_record_fee_observation(kind="deploy", receipt=tx_receipt)
            if wait_triggered_transactions:
                triggered_transactions = tx_receipt.get("triggered_transactions", [])
                for triggered_transaction in triggered_transactions:
                    wait_for_transaction_receipt(
                        client,
                        transaction_hash=triggered_transaction,
                        wait_until=wait_until_from_status(
                            wait_triggered_transactions_status
                        ),
                        interval=actual_wait_interval,
                        retries=actual_wait_retries,
                    )
            return tx_receipt
        except Exception as e:
>           raise DeploymentError(
                f"Failed to deploy contract {self.contract_name}: {str(e)}"
            ) from e
E           gltest.exceptions.DeploymentError: Failed to deploy contract Arbiter: Transaction reverted: EVM tx 0x20ada70a1ca8278d4e7c65dddecdde78ac9d5e54753368a7cec77ca6e24450e8 to consensus contract 0xb7278A61aa25c888815aFC32Ad3cC52fF24fE575 was reverted. FeesDistributionMissing

../../usr/lib/python3.13/site-packages/gltest/contracts/contract_factory.py:246: DeploymentError
=========================== short test summary info ============================
FAILED tests/test_debug_deploy.py::test_debug_deploy - gltest.exceptions.Depl...
ERROR tests/test_arbiter_payout.py::test_job_ids_are_one_based - gltest.excep...
ERROR tests/test_arbiter_payout.py::test_approve_pays_worker - gltest.excepti...
ERROR tests/test_arbiter_payout.py::test_dispute_parks_in_verdict_pending_without_paying
ERROR tests/test_arbiter_payout.py::test_dispute_evidence_unavailable_url - g...
ERROR tests/test_arbiter_payout.py::test_recover_unavailable_job_splits_50_50
ERROR tests/test_arbiter_payout.py::test_appeal_by_winning_party_fails - glte...
ERROR tests/test_arbiter_payout.py::test_appeal_by_outsider_fails - gltest.ex...
ERROR tests/test_arbiter_payout.py::test_finalize_before_window_closed_fails
ERROR tests/test_arbiter_payout.py::test_finalize_by_outsider_fails - gltest....
ERROR tests/test_arbiter_payout.py::test_abandon_open_job_too_early_fails - g...
ERROR tests/test_arbiter_payout.py::test_only_requester_can_approve - gltest....
ERROR tests/test_arbiter_payout.py::test_only_requester_or_worker_can_dispute
ERROR tests/test_arbiter_smoke.py::test_initial_state - gltest.exceptions.Dep...
ERROR tests/test_arbiter_smoke.py::test_create_job - gltest.exceptions.Deploy...
ERROR tests/test_arbiter_smoke.py::test_create_job_state - gltest.exceptions....
ERROR tests/test_arbiter_smoke.py::test_submit_work - gltest.exceptions.Deplo...
ERROR tests/test_arbiter_smoke.py::test_approve_job - gltest.exceptions.Deplo...
ERROR tests/test_arbiter_smoke.py::test_dispute_job - gltest.exceptions.Deplo...
ERROR tests/test_arbiter_smoke.py::test_appeal_job - gltest.exceptions.Deploy...
ERROR tests/test_arbiter_smoke.py::test_unavailable_evidence_recovery - gltes...
ERROR tests/test_arbiter_smoke.py::test_create_milestone_job - gltest.excepti...
ERROR tests/test_arbiter_smoke.py::test_milestone_approval_and_parent_resolution
ERROR tests/test_arbiter_smoke.py::test_milestone_dispute_is_independent - gl...
ERROR tests/test_arbiter_smoke.py::test_milestone_dispute_appeal_and_parent_resolution
ERROR tests/test_arbiter_smoke.py::test_url_submission_pins_digest - gltest.e...
ERROR tests/test_arbiter_smoke.py::test_url_dispute_uses_pinned_evidence - gl...
ERROR tests/test_arbiter_smoke.py::test_finalize_before_appeal_window_fails
============== 1 failed, 1 passed, 27 errors in 201.18s (0:03:21) ==============
